uuid,name,gender,n_high,n_low,regular,big,lift,lift_rank,skill_adj,skill_adj_rank,lift_halfA,lift_halfB
129b2771-34b5-4b7f-9c23-e020a6aa3e6a,Anna Leigh Waters,F,8815,19256,0.5161,2.4678,1.9517,1,0.7235,4,1.6195,1.7341
6f862c1d-1317-4fe7-bdcd-64caa0dbb088,Ben Johns,M,10434,21568,0.0767,1.7824,1.7057,2,1.0494,1,1.4989,1.5384
db5eef5c-99dd-49d9-bbfc-65171a366bda,Anna Bright,F,9545,20018,0.4039,1.8621,1.4582,3,0.6243,9,1.2727,1.2054
bd061b42-2f82-4bbe-82be-d8bcfb37f9e1,JW Johnson,M,9477,18475,0.1726,1.5591,1.3865,4,0.7539,2,1.0887,1.27
79a11da1-6aeb-4719-9b1e-9918e0163cec,Christian Alshon,M,8938,18175,0.0984,1.4081,1.3098,5,0.7365,3,1.2454,1.0052
d50310a6-9378-4228-823f-7fb54f7bd698,Gabriel Tardio,M,9024,18045,0.0771,1.3832,1.3061,6,0.6857,5,1.2191,1.0156
b51ea0fb-c243-4427-85f8-b798febb51ff,Jorja Johnson,F,8766,17805,0.3119,1.5725,1.2607,7,0.5549,13,1.0816,1.0565
fc05556e-3e38-4a38-99c2-f855174a7c28,Hayden Patriquin,M,9301,18783,0.1377,1.3718,1.2341,8,0.6058,11,1.0332,1.0732
581183e8-3d9e-459e-b69f-7337d8b6f3d2,Andrei Daescu,M,9432,18834,0.1554,1.3815,1.2261,9,0.6856,6,0.9721,1.1192
12d79cbe-b5c7-4504-ab8f-f352a6bb8629,Thomas Wilson,M,1772,3658,0.0792,1.1907,1.1115,10,0.6624,8,1.021,0.5951
fec65f7e-f2c8-482f-ab5b-541cf53b1064,Tyra Hurricane Black,F,8137,16626,0.3027,1.3844,1.0817,11,0.4472,31,0.8966,0.8544
50908953-a944-4a34-898b-16af312bc814,Rachel Rohrabacher,F,7779,15826,0.2757,1.338,1.0623,12,0.4032,43,0.972,0.7816
7edb882c-6d17-4129-8208-710e3c82364c,Federico Staksrud,M,9730,19521,0.0871,1.1153,1.0282,13,0.5461,14,0.8245,0.8915
1728d016-1f02-4789-be73-63d12d5a5b42,Parris Todd,F,6392,13415,0.2936,1.312,1.0184,14,0.3411,59,0.8397,0.7995
9b97206b-783a-4fab-85e9-45a6240325a5,Catherine Parenteau,F,8058,16303,0.2981,1.3016,1.0035,15,0.5301,15,0.6781,0.9931
be33755f-9262-461b-aedd-e9a7a686a82c,Jackie Kawamoto,F,4532,9231,0.2589,1.2418,0.983,16,0.3481,57,0.5754,0.8982
f879086b-e0e5-4772-b0a6-4055c265da69,Tina Pisnik,F,7776,14956,0.327,1.271,0.944,17,0.278,92,0.6489,0.8818
05b194b3-db88-4f77-a26f-5ef5cfbf6146,Riley Newman,M,5622,10903,0.0981,1.0112,0.9131,18,0.4311,35,0.6728,0.7999
6cae3a50-eee6-45ea-8b28-85ef9c50e3c4,Jade Kawamoto,F,4434,8896,0.3287,1.2305,0.9018,19,0.2105,140,0.7452,0.5941
52690a0c-ed4a-4e0b-bf69-4ef416cf7d55,Eric Oncins,M,5519,10675,0.115,1.0164,0.9014,20,0.3836,48,0.8068,0.6238
295e343a-31a0-4e1d-a286-d62592291435,Jay Devilliers,M,5593,10938,0.0916,0.9812,0.8896,21,0.3944,46,0.747,0.6326
ead35052-7367-4296-96d4-064f546cc2b9,CJ Klinger,M,5909,11635,0.0556,0.9124,0.8568,22,0.4976,21,0.6164,0.781
ff38654d-daae-4bad-a1a7-690e4e5706eb,Connor Garnett,M,5976,11634,0.1074,0.9541,0.8467,23,0.4442,33,0.5899,0.7554
3af01041-5679-400a-87b8-12c01db8cec4,Kate Fahey,F,5084,10246,0.2938,1.1381,0.8442,24,0.2155,137,0.7477,0.5399
1bb8b2c1-ca6f-45ac-afdd-fab7e77d69d4,Noe Khlif,M,5647,10921,0.0722,0.9075,0.8353,25,0.4477,30,0.6725,0.6439
1de884f8-7bf7-4b49-9de8-3f1fd74cabd6,Dylan Frazier,M,7022,13649,0.0653,0.892,0.8267,26,0.4714,26,0.7214,0.6287
b9bacc1e-29b5-4a92-a9c1-24e08ac72215,Sofia Sewing,F,902,1753,0.0943,0.9171,0.8227,27,0.247,109,0.375,0.6974
2c4de762-88d6-47c3-8b2b-af562c5d1f93,Danni-Elle Townsend,F,1395,2668,0.1528,0.9722,0.8194,28,0.24,118,0.4428,0.6967
89843e44-48fd-4a3f-b8c0-5f5aa6ae5741,Dekel Bar,M,6730,12892,0.0953,0.8837,0.7884,29,0.4258,36,0.6048,0.6599
a000a067-1bf1-442f-a961-e6c97cb50006,Nicolas Acevedo,M,1092,2124,0.0117,0.7922,0.7805,30,0.3509,55,0.5254,0.5375
676b1cbc-766c-4616-bf39-1787ffd8c72a,Etta Tuionetoa,F,5816,12174,0.3097,1.0897,0.78,31,0.3339,62,0.5863,0.6294
8f521dcc-1cb5-4c8d-933c-af6b267bd395,Meghan Dizon,F,6385,12578,0.2276,1.0004,0.7729,32,0.3385,60,0.5447,0.6541
dbcb41e9-e983-410b-bc23-d184d034cfc0,Tyson McGuffin,M,6092,11396,0.073,0.813,0.74,33,0.4711,27,0.7015,0.4798
d0f19d1e-2a6e-4eb3-b10c-1311edd599a8,Will Howells,M,1793,3663,0.0532,0.784,0.7308,34,0.351,54,0.5457,0.499
8160ad59-4654-46b1-b229-8d5f2a9a45f9,Hunter Johnson,M,4733,9287,0.031,0.7503,0.7193,35,0.3912,47,0.5154,0.6312
b1ab7d76-a859-4136-8405-3ed7c9be287a,Mari Humberg,F,4520,9314,0.2681,0.9824,0.7142,36,0.1594,181,0.7649,0.3685
cc8832b9-9a8f-4cbc-8eff-b20e9a7ff09a,Jaume Martinez Vich,M,6021,11957,0.0786,0.7654,0.6868,37,0.3822,49,0.4728,0.61
a3ed7970-35d2-485c-8285-187c298a2d83,Lacy Schneemann,F,5657,11543,0.2094,0.8875,0.6781,38,0.2044,144,0.5929,0.4449
afc0bfc9-8cd8-4600-bd45-681092186db3,Vivienne David,F,3767,7640,0.225,0.9002,0.6753,39,0.2145,138,0.4774,0.5284
14d61e81-14d5-4cb3-ae33-d427fbc1b4f6,Quang Duong,M,2865,5662,0.1184,0.7924,0.674,40,0.2824,91,0.4812,0.4933
759ecf95-26a6-4ffe-bb8b-035d3ec05f31,Matt Wright,M,4462,8619,-0.0101,0.6591,0.6693,41,0.4811,23,0.4695,0.6132
3a43c56f-b9d8-4e72-ae8a-58fd69291946,Jack Sock,M,4382,8391,0.06,0.7048,0.6448,42,0.2196,132,0.5031,0.5418
7319013d-d511-4aa5-a356-4aa2cccf94f5,Lea Jansen,F,6794,13705,0.2036,0.8396,0.636,43,0.3238,69,0.5601,0.4065
0c1bb94d-3af2-42f4-b938-d712c707ace4,Callie Smith,F,5687,11482,0.2103,0.8035,0.5932,44,0.3296,64,0.4873,0.398
ba491f1c-0112-47a8-a348-4695289e958a,Augustus Ge,M,5440,10812,0.0557,0.6421,0.5864,45,0.2403,117,0.384,0.5182
ff789b9c-80c4-442c-b97e-2e2311298cfb,Vivian Glozman,F,2381,4957,0.253,0.8171,0.5642,46,0.0671,276,0.2965,0.4247
736475dd-7ccd-40d8-8b43-8c2d9ef9e674,Maggie Brascia,F,3547,7060,0.2389,0.8027,0.5638,47,0.2243,125,0.4042,0.3626
52726ab1-2ac9-46c0-be90-6b0e7a2d56eb,Pablo Tellez,M,6204,12238,0.0425,0.6059,0.5634,48,0.2585,101,0.3766,0.4871
4057f30d-d42a-4189-a158-11576fb5f52a,Blaine Hovenier,M,4528,8836,0.0523,0.6062,0.554,49,0.2849,88,0.4485,0.341
33292af3-984d-4752-8d18-b3a5c147e9fe,Armaan Bhatia,M,1680,3434,0.0159,0.5614,0.5455,50,0.1789,165,0.3881,0.344
ce4f0e14-80ea-4ed0-a81c-7341d356d427,Yuta Funemizu,M,1282,2323,0.0318,0.5773,0.5455,51,0.1777,167,0.4469,0.3036
2aa8ced3-d599-4c83-86dd-ecc80196833b,Luca Mack,M,1078,2224,-0.0628,0.4753,0.5381,52,0.2521,105,0.4441,0.2998
8e2f9629-19d0-409d-81dc-b64fe2f3d3ff,Jessie Irvine,F,6455,13058,0.2353,0.769,0.5338,53,0.1876,158,0.2874,0.4831
4af4d4d1-9f87-4dc7-95f2-b10751d44c15,Tama Shimabukuro,M,2460,4672,0.0078,0.515,0.5072,54,0.2482,108,0.4463,0.3043
efe9989b-5864-48c2-806c-06697024e1da,Allyce Jones,F,5544,10911,0.2294,0.7349,0.5055,55,0.0886,257,0.4134,0.2925
2856d69d-887b-4e89-a5c9-975f581f84a0,Len Yang,M,1867,3795,-0.0478,0.4525,0.5003,56,0.2576,102,0.3865,0.2419
62955f38-bdf5-46af-9622-13c7afe90619,Jonathan Truong,M,2510,4987,0.0715,0.5611,0.4895,57,0.219,133,0.3019,0.3633
f86cff72-5f9c-40b1-9f28-f28aafae245f,Wyatt Stone,M,3712,7284,0.0289,0.5096,0.4807,58,0.2172,136,0.3572,0.3232
6876576c-b20e-47e3-99e4-d32759cc9f48,Patrick Kawka,M,901,1661,0.0729,0.5532,0.4803,59,0.2215,128,0.2724,0.2763
1d51becb-4ea0-4878-9660-e3fd2dfaa0ea,Ewa Radzikowska,F,2139,4170,0.2003,0.6799,0.4795,60,0.0415,318,0.3619,0.1986
5c817399-aea7-481d-9a83-aab7431eabc1,Alex Emery,M,482,878,-0.0185,0.4455,0.464,61,0.1593,182,0.612,-0.0693
655e0349-7e66-4233-b999-b6cca2298f9b,Yana Newell,F,264,489,0.0757,0.5337,0.458,62,0.0533,302,0.0895,0.4449
99b25b49-2a51-412d-9fbf-e1b6804acce0,Camden Chaffin,M,1431,2963,-0.0305,0.4261,0.4566,63,0.2361,120,0.331,0.3424
646f7432-e6ad-4ccf-95ee-a0e5d9514d28,Alix Truong,F,4646,8985,0.1431,0.599,0.4559,64,0.0661,279,0.377,0.3425
88fb0858-b9c3-4620-9408-0dda0eb241ef,Tyler Loong,M,4757,9036,0.013,0.4663,0.4533,65,0.2267,123,0.3464,0.315
3270dc72-53b7-4d35-aa4c-7f8b7b6bf905,Matthew Barlow,M,506,1101,-0.1297,0.3215,0.4513,66,0.2968,81,-0.0218,0.4738
20684550-cb89-4ea2-9e2f-0f44eb920b45,Chao Yi Wang,F,4455,8686,0.1927,0.6437,0.451,67,0.0074,370,0.2209,0.3999
9decd87b-03ac-4d79-a1e7-d03ca3f7519b,James Ignatowich,M,4769,9064,0.0951,0.539,0.4439,68,0.1778,166,0.2854,0.316
7925aefe-e260-4b83-8bfc-214da1d14fb5,Travis Rettenmaier,M,3215,5958,0.0823,0.5252,0.4429,69,0.2505,106,0.2919,0.2757
719e2d3b-d10d-402d-a195-41f072214679,Isabella Dunlap,F,2350,4639,0.0642,0.5032,0.439,70,0.1176,219,0.3537,0.264
06dc9b8a-5c01-49cf-bb4d-70d7b5f85acf,Brooke Buckner,F,4195,8141,0.272,0.7055,0.4334,71,0.1006,235,0.2063,0.3182
20945292-032a-47f1-93c5-d44ada6e4783,Yufei Long,F,1080,2163,0.1162,0.544,0.4278,72,0.1291,210,0.2459,0.3129
9ce32de7-16c9-4786-a7b0-8c1c2c623d69,Rafael Lenhard,M,1663,3327,-0.092,0.3283,0.4203,73,0.2539,103,0.3608,0.2332
ca3c21b0-a715-40fd-bf00-c81e22d7da11,Daniel De la Rosa,M,2531,5026,0.0378,0.457,0.4192,74,0.122,215,0.3692,0.1632
e9849183-4693-4340-abf5-f4b6f3cb226f,Martin Emmrich,M,3555,6995,0.0926,0.5116,0.419,75,0.1387,200,0.3467,0.2236
2bfe44bb-d558-411f-abeb-c8522dd42ce9,Julian Arnold,M,4239,8400,0.068,0.486,0.418,76,0.1746,171,0.2169,0.3755
b03ff4de-9b8f-46a8-a530-d8f19e9d6ec9,Max Freeman,M,3623,7066,0.1034,0.5213,0.4179,77,0.1146,222,0.1981,0.368
e96d9339-cfb6-473d-bcb3-23f2887a3e0f,John Lucian Goins,M,1764,3584,-0.0194,0.3985,0.4179,78,0.1303,209,0.2995,0.2092
a65a8877-2c30-4964-8b0c-52e92ecfab5c,Sophie Abrams,F,277,530,-0.2334,0.1832,0.4165,79,0.3317,63,0.204,0.3558
f90428f0-e4a3-4a08-a664-518ba7f188d2,Jack Munro,M,481,1006,0.0949,0.5103,0.4154,80,0.0154,350,-0.0931,0.3529
30eb9a2b-1570-473f-8cf1-0f7c9d21b303,Zane Navratil,M,3964,7792,0.0935,0.503,0.4095,81,0.1979,148,0.278,0.2546
051f5c82-82ce-4ab8-b4f8-36976638a89b,Sahra Dennehy,F,1218,2252,0.1419,0.5514,0.4094,82,-0.0092,391,0.2553,0.2636
4b6abf90-6e87-49af-b365-0c6135b55a5f,Erik Lange,M,204,375,-0.0314,0.3717,0.403,83,0.1441,197,0.2939,0.1461
504e8c08-caf6-4db8-b454-11ffa321261c,Lucy Kovalova,F,3653,7423,0.2795,0.6812,0.4016,84,0.0647,284,0.334,0.1632
eb14fc6e-ede1-4999-bec3-e36695e7f94e,Milan Rane,F,4314,8637,0.2215,0.6206,0.3991,85,0.0702,273,0.2355,0.2511
5da57cf9-dfc6-41f5-b853-48f191b873bf,Roman Estareja,M,460,849,-0.1334,0.2652,0.3986,86,0.1755,170,0.1005,0.3498
585c0024-286f-4489-ab4e-ab713ed71252,Ryan Dawidjan,M,233,385,-0.3904,0.0058,0.3962,87,0.4451,32,0.4043,0.1318
698c5236-e88f-411c-b44f-e54f16b2d6b5,George Wall,M,530,1063,0.0408,0.4279,0.3871,88,0.055,297,0.1116,0.3963
7f36e416-0907-43b2-8ec4-e9533088e30f,Bobbi Oshiro,F,774,1509,0.3363,0.7167,0.3804,89,-0.0951,520,0.0139,0.2791
29e8121d-6f86-4192-b7af-ab05b77b89fe,Ting Chieh Wei,F,2457,4854,0.1438,0.522,0.3783,90,0.0237,341,0.146,0.3806
a226291c-c48b-408b-a846-f45400d313a9,Alexa Schull,F,809,1581,0.1205,0.4938,0.3732,91,0.104,229,0.1335,0.2809
7af5cd0a-26b8-4424-b743-ed83d4a1c201,Richard Livornese Jr,M,311,608,-0.1446,0.2282,0.3728,92,0.2053,143,0.1709,0.3792
bf84d952-c6a8-4494-943d-064b223e764f,Estee Widdershoven,F,1366,2776,0.1467,0.5179,0.3711,93,0.0404,321,0.2995,0.1383
6160a7c7-6b90-41f1-96d3-af5fa1623ca5,Collin Johns,M,4899,9485,0.0937,0.4643,0.3706,94,0.1309,208,0.3802,0.0919
a498be96-114c-4857-9d60-4ff2a3e89434,Collin Shick,M,1888,3467,0.0238,0.3942,0.3704,95,0.2827,90,0.2451,0.1843
c18fb17d-e0bb-415c-901b-fa2f928ab22c,Harsh Mehta,M,413,837,0.1223,0.4912,0.3689,96,0.0574,291,0.1819,0.1826
43df1205-e834-4427-9f1a-4e173bf93296,Grayson Goldin,M,2096,4237,0.0424,0.3999,0.3574,97,0.1683,176,0.2727,0.1617
3e6b668a-8d26-4424-9420-3ceb18486b65,Daria Walczak,F,653,1259,0.1059,0.4626,0.3567,98,0.038,327,0.3148,0.1076
a51b59c5-1a13-4472-821a-eb9866e72adf,Joseph Wild,M,463,938,-0.0232,0.3236,0.3468,99,0.0316,334,0.5849,0.0292
1d701c30-6b5d-485f-ae97-60f3b0c50896,Zoey Weil,F,2462,4951,0.1174,0.4638,0.3464,100,0.0382,326,0.272,0.1418
d3e486f2-7c25-4bcf-b9dd-81c14f644f60,Etienne Blaszkewycz,M,1574,3147,0.0753,0.4201,0.3448,101,0.0375,328,0.1547,0.2557
fa8d5d28-d8f5-4996-8c35-0f4ca3c35bae,Anderson Scarpa,M,3669,7599,0.1267,0.4697,0.343,102,0.0251,339,0.2906,0.0914
aec5d8be-9ce0-4cc5-98a4-140fad555fe0,Donald Young,M,2831,5728,0.0108,0.3477,0.3368,103,0.055,298,0.2188,0.1445
925c1306-6b3b-4510-8482-f34168a0842a,Roscoe Bellamy,M,3553,6833,0.0383,0.3728,0.3345,104,0.014,355,0.0398,0.3843
74afd19c-8f82-4ca2-9345-e4d693111033,Marshall Brown,M,2770,5583,0.0157,0.3449,0.3292,105,0.1006,234,0.3363,0.0307
c2a34b34-0ed2-4d7d-8ec9-3b0cd3d9233b,Randy Blanco,M,281,523,0.144,0.4717,0.3277,106,0.0687,274,0.253,0.0467
ba7380b8-4820-4239-89d2-772b9c853839,Logan Rosenbach,M,153,330,-0.4999,-0.1795,0.3204,107,0.4004,44,0.2889,0.0
34049405-b415-4f3a-aade-5be0111ac7db,Bruno Faletto,M,628,1259,0.0083,0.3221,0.3138,108,-0.0657,476,0.3039,0.0103
6b432472-f73b-4f2b-b65d-5848657d117b,Amber Policare,F,396,760,-0.195,0.1157,0.3107,109,0.2904,85,0.1977,0.2644
f4c43443-fdff-4344-b291-274cfd26361e,Juan Benitez,M,2191,4173,0.0904,0.3923,0.3019,110,0.0059,373,0.3106,0.0261
84bc805f-1c7a-4151-8c50-f3236805edea,Aanik Lohani,M,764,1475,-0.1109,0.1886,0.2996,111,0.2624,98,0.3164,0.0802
602ac701-c27e-408d-9e4e-1f7c02578def,Tam Trinh,M,873,1775,-0.0551,0.2397,0.2948,112,0.2189,134,0.1549,0.2888
5e3e0f33-bbb6-4c23-94c2-c92cfee744f6,Zandrix Acob,M,315,578,-0.2554,0.0363,0.2917,113,0.3285,65,0.1143,0.2718
06ba18e0-687b-4aa3-822d-1c86981f576b,Rafa Hewett,M,4243,8350,0.1207,0.4118,0.291,114,0.0124,358,0.0935,0.287
461f063e-a587-4638-bad9-421ff33d91d7,Genie Erokhina,F,4071,8295,0.1366,0.425,0.2885,115,-0.0103,394,0.1536,0.0955
a067b12b-b26b-4a30-aed8-0f707c52beaa,Mark Dancuart,M,423,783,0.0216,0.3079,0.2863,116,0.067,277,0.1776,0.0866
1e538b1f-66e9-4166-ac60-3aef311ee0b5,Jada Bui,F,810,1577,-0.108,0.1698,0.2778,117,0.1851,160,0.0537,0.3606
4fdcaa8b-8ebf-4cba-b759-d7c8e9d55ec0,Elliott Schupp,M,336,674,0.0549,0.3266,0.2717,118,0.0081,366,0.0865,0.1938
2177a8cd-bc2d-4dfd-a6ed-e80eb7bf1cc6,Luke Williams,M,262,459,-0.091,0.1725,0.2635,119,0.155,184,0.1032,0.1265
d45a3391-82f4-45d0-ba66-f1901854a8d0,Darrian Young,M,3623,6936,0.0421,0.2995,0.2573,120,0.0948,247,0.1243,0.1386
763b4d27-8140-47cd-86f5-982706cd4ebb,Michael Loyd,M,3851,7636,0.0812,0.3384,0.2572,121,0.0162,349,0.2535,-0.0031
590dbe5f-6dd5-4ffe-9d8a-4f7c26ea9546,Tingwen Wang,F,161,297,-0.2748,-0.0234,0.2514,122,0.3034,76,0.0,0.231
52915580-0a12-4791-8f82-6f6e56e90f76,Elizabeth Boydston,F,170,315,-0.3545,-0.1101,0.2445,123,0.5113,20,0.037,0.276
90661183-81b1-49aa-b1fe-b977bb7bf272,Jonah Matos,M,167,252,-0.2323,0.0086,0.2409,124,0.5266,16,0.2089,0.0243
07ba5aa2-4581-4f2e-a62a-ec802353725c,Irina Tereschenko,F,500,972,-0.0511,0.186,0.2371,125,0.0588,289,0.2569,-0.0465
ab473dbc-8449-427a-968d-5f59bd1f65fd,Eunggwon Kim,M,1245,2627,0.014,0.2505,0.2365,126,0.088,258,0.18,0.1893
b5256e08-9c6a-4eb3-8fe6-f522b269c1ab,Dana Raugust,F,780,1376,-0.0697,0.1648,0.2345,127,0.1985,146,0.2711,0.0716
c96f7a83-9cc1-4fbe-a610-126ed8e3a202,Gregory Dow,M,1956,3997,0.0021,0.2333,0.2312,128,0.1348,203,-0.0154,0.3451
67a8852b-b49d-4cb0-8ff0-1f4ddf644485,Amanda Hendry,F,382,775,0.0305,0.2591,0.2286,129,0.1541,186,0.2518,-0.0534
03b91579-1bd5-4f20-a9c1-e400cbd21255,Antoaneta Toskova,F,296,569,-0.273,-0.0455,0.2274,130,0.2689,96,0.0613,0.1316
315153f1-6830-49ac-9b35-8a68b82d120d,Jack Foster,M,239,442,-0.4426,-0.2156,0.227,131,0.4121,41,0.2284,0.0601
42b8527d-b84e-4f50-8e0b-5937664981e3,Sanil Jagtiani,M,780,1587,-0.0264,0.1995,0.2259,132,0.0415,320,0.1721,0.1213
220e3821-0cac-4fce-a722-a079a5359262,Casey Garretson,M,492,987,-0.2833,-0.0582,0.2252,133,0.2179,135,0.0671,0.1924
55ed7e0a-ff2d-4ac2-aad6-b6772ef4f448,Layne Sleeth,F,2768,5307,0.142,0.3658,0.2238,134,-0.1608,599,-0.018,0.2233
2debba8d-e0c6-4fec-9ff2-dcb4732abe90,Chandra Kusuma,F,308,572,-0.4714,-0.2521,0.2193,135,0.4217,37,0.2684,0.2378
4b52c4a5-80c7-49e1-9728-460a9d242392,Phillip Locklear,M,689,1384,-0.0364,0.1825,0.2189,136,0.0731,270,0.1637,0.0754
283c842a-ddbd-4e94-9922-ef3080f75ad3,Maksims Kazijevs,M,200,353,-0.0835,0.1271,0.2106,137,0.0435,315,0.1476,0.1733
17acdeab-879d-46c1-bc2c-b31d17acb8ed,Jeremy Lim,M,303,508,-0.2131,-0.0043,0.2088,138,0.5609,12,0.1926,0.0954
093e132a-0458-472b-aaee-ee7e15d25e20,Chris Jammal,M,241,525,-0.1749,0.0324,0.2074,139,0.1982,147,0.0415,0.1928
3d9c8684-953f-4008-b355-b6104ee56a5b,Connor Mogle,M,2097,4145,0.1244,0.3317,0.2072,140,-0.0941,516,0.1043,0.0575
2b508074-59ec-455c-8974-31de393bc165,Lyn Yuen Choo,F,371,775,-0.0985,0.1077,0.2063,141,0.0757,267,0.2068,0.0872
66a6c35b-33a2-4a23-b5db-fa53c96d643a,Kaitlyn Christian,F,4656,9637,0.1751,0.3811,0.206,142,-0.0456,449,0.0527,0.1283
e21cb6e0-aabb-43b2-a112-c0a0a59081bf,Oliver Frank,M,430,831,-0.0329,0.1722,0.205,143,0.0105,361,0.164,0.0033
0c5b84bb-4c04-4906-86bc-deb533ff4eec,Zane Ford,M,2335,4698,-0.0885,0.1148,0.2033,144,0.1571,183,0.0288,0.1575
76419f3a-712c-4241-8940-6f9bda847ba7,Lauren Stratman,F,3851,7792,0.1917,0.3932,0.2015,145,-0.0495,453,0.1979,-0.0582
a91e2b68-7357-4518-baf9-f59b0b4c2477,Christopher Haworth,M,1892,3659,0.0757,0.2763,0.2007,146,-0.0431,440,0.07,0.1058
06e87b30-1f70-46e6-a6a8-17a4086d609a,Kailas Shekar,M,834,1620,-0.2462,-0.0465,0.1997,147,0.0108,360,0.212,0.1
dcd029fb-2814-401b-a1cb-0c4269d9954b,Allie Reichert,F,689,1438,-0.0987,0.0998,0.1985,148,-0.1233,551,-0.0838,0.314
30d6d999-b324-4744-b08c-8309e83c57b0,Naveen Beasley,M,1197,2397,-0.0136,0.1797,0.1933,149,-0.0305,420,0.0393,0.1322
2819525e-d485-4ab3-a300-1c6dbdb3ae39,Quan Do,M,756,1580,0.0172,0.2094,0.1922,150,-0.0418,438,0.0486,0.2167
8c94d7b2-0dce-455e-916f-e35927d53547,Thomas Yu,M,932,1885,0.247,0.4381,0.1911,151,-0.1247,556,0.2071,-0.041
03c7da24-3aa8-4bad-8932-85c2a72ccf71,Emily Stumpf,F,210,338,-0.1594,0.0314,0.1908,152,0.1759,169,0.4232,-0.1792
05bf7513-7f0a-4f6b-bc11-5d4b14314d91,Tom Protzek,M,2772,5452,0.0143,0.2045,0.1901,153,-0.0042,384,0.1899,0.0167
0df3b359-d935-4c79-a16a-ce373f55db07,Ernesto Fajardo,M,347,664,-0.2011,-0.0117,0.1894,154,0.2968,80,0.0239,0.2961
5a2bcefc-c495-4a2d-b3cc-03b6cdecd84f,Xiao Yi Wang-Beckvall,F,817,1609,-0.0548,0.1325,0.1873,155,0.0794,264,-0.093,0.3116
4d79c4da-92de-4292-b231-59d2bd32c944,Alex Bowers,F,205,385,-0.1811,0.0049,0.186,156,0.4189,38,0.146,0.0
d43db93c-6710-4a18-a406-497eb7a068ce,Spencer Smith,M,1915,3919,0.0366,0.2213,0.1847,157,0.0565,292,-0.129,0.2686
04158680-ebb3-4554-96a1-500cc6d00882,Chloe Igleski,F,1437,2873,0.0057,0.1891,0.1835,158,0.082,263,-0.1221,0.3491
7cb07784-a295-4038-b712-ec86ecd70c39,Michelle Esquivel,F,1127,2318,0.1514,0.3319,0.1805,159,-0.0619,471,0.3232,-0.2599
b68c0204-d9d4-4cba-bf23-46706abd77bf,Clayton Powell,M,1393,2731,0.1167,0.2968,0.1801,160,-0.0382,432,0.0275,0.106
cd1bf109-4907-4208-bca1-4d12f9494a4c,Casey Diamond,M,1235,2349,0.0847,0.2644,0.1798,161,0.0352,330,0.0475,0.0903
5ff7095c-6dc7-4534-8e29-1b62c6f66bba,Felicity Di Laura,F,557,1089,-0.1512,0.0242,0.1754,162,0.0849,261,0.2625,0.0598
794634b2-7e1a-4928-ac82-a13fd3e984b2,Jessica Wilcox,F,224,442,-0.2571,-0.082,0.175,163,0.2391,119,-0.1951,0.3282
c84377c6-b0ca-42dd-bc1a-2fd3d3c4ef9f,Ryan Torresin,M,623,1201,0.0647,0.2348,0.1701,164,-0.0434,442,0.009,0.1517
efedfcd1-7638-4c6e-8225-fea7f8d40031,Victoria Simon,F,759,1447,-0.2521,-0.0838,0.1683,165,0.2274,122,0.2291,0.0073
e2b605ed-b830-499b-a1b0-c74546ff4777,Sophia Nhi Huynh,F,433,874,-0.1871,-0.019,0.1681,166,0.3044,75,0.2502,-0.0065
c28e1a62-b0af-4336-8d1c-8b77a210b705,Andre Feliz,M,363,762,0.0115,0.178,0.1666,167,-0.0849,503,0.0315,0.0981
614e164a-4197-44eb-855c-586cf79fbfc9,Ivan Jakovljevic,M,3242,6560,0.0552,0.2211,0.1659,168,0.0081,367,0.0212,0.062
e18b2cb6-ae9b-4175-8947-697eabf80061,Mark Growcott,M,373,778,0.008,0.1739,0.1659,169,0.0926,250,0.1647,0.1313
3ad652aa-3fdd-4e53-8f34-dfdedc3c1901,Christine Maddox,F,574,1177,0.0498,0.2135,0.1636,170,-0.0542,460,0.1272,0.0455
bd8e1ad4-5402-4c55-a95b-1d39c1de2344,Spencer Liang,F,165,294,-0.1629,0.0002,0.1631,171,0.3131,72,-0.0006,0.2068
524b89ad-b76b-40b4-a0db-736bdc7b8adb,Hien Truong,M,400,770,0.1364,0.2987,0.1623,172,-0.147,592,0.0632,0.0231
0fadc58c-ce4c-4a9b-884f-8993354775ca,Rianna Valdes,F,272,595,0.0035,0.1656,0.1621,173,-0.0101,393,0.0533,0.2559
ababc250-f834-4e1b-a3e5-f7152faf0888,Kendall Warren,F,169,357,-0.202,-0.0401,0.1619,174,0.3204,70,0.1588,0.0
fc684593-8841-4dd1-b77c-5154b2f25bca,Hailee Haymore,F,603,1254,-0.3481,-0.1868,0.1613,175,0.2466,110,-0.0049,0.2858
65bcab7c-9c93-4dc8-a847-a34da426b933,Martina Frantova,F,2628,5053,0.088,0.2478,0.1597,176,-0.0821,500,0.0329,0.0691
1e71a00f-4ec7-4a9b-9e13-c19e90e92598,Taylor Garcia,F,163,328,-0.3481,-0.1901,0.158,177,0.4776,25,0.0028,0.3141
b4b00d3c-1974-48f2-b74e-9cf9faa04d69,Kevin Dayan,M,731,1569,-0.1787,-0.0212,0.1576,178,0.1124,224,0.071,0.028
28084fc7-8653-4ff0-bc3b-1bf582d03a75,Jay Evans,M,441,931,-0.4408,-0.2864,0.1544,179,0.6749,7,0.1729,0.0734
70c18684-f615-4d05-9aa9-5cbdbd53ab9f,Carlota Trevino,F,1072,2079,0.0036,0.1579,0.1543,180,-0.1932,636,0.0222,0.1861
6794d224-7da3-43d9-8300-e24e731f5dea,Samantha Parker,F,2274,4458,0.1215,0.2753,0.1537,181,-0.1818,623,0.0002,0.0782
96fa4141-9648-475f-ab95-fb6796c2f489,Sam Weinbach,M,379,753,0.0533,0.2055,0.1522,182,0.049,307,0.2392,-0.1489
4fde43e3-433f-45df-8a9e-1f3abbf82dc8,Lorena Duknic,F,195,392,-0.0039,0.1481,0.152,183,0.0981,239,0.1288,0.0705
5f367bee-cf3e-4aad-a6e6-72cca04d97e2,Angie Walker,F,3499,7189,0.1506,0.3017,0.151,184,-0.0384,434,0.1268,-0.01
9eff9049-c45c-42ee-9a49-e9a797cc2116,Cailyn Campbell,F,2643,5207,0.0147,0.1652,0.1505,185,-0.0952,522,-0.0402,0.1182
90b27004-f6bd-4a12-9cfa-acde87301310,Joel Cassens,M,300,597,-0.1209,0.0279,0.1488,186,0.2103,141,0.1825,-0.0442
7886d6aa-2310-4ae8-9874-f0fc9c3e534f,James Delgado,M,3440,6581,0.0212,0.1695,0.1483,187,0.0116,359,0.0967,0.0016
e8dcdb9a-872b-45cd-8338-f2746bc0a0b1,Mikus Losbergs,M,348,725,0.0737,0.222,0.1483,188,-0.0833,502,0.0537,0.1025
fb9360bc-8a5e-4a54-a460-5a4d4541ac81,Marie Lutz,F,283,624,-0.1244,0.0222,0.1467,189,0.3729,50,-0.0057,0.1638
2512a654-2feb-48f2-936e-7ddd02ca2508,Samantha Greenhut,F,158,337,-0.0185,0.1276,0.1461,191,0.1229,214,0.0825,0.0619
e02ba405-3969-4135-8be6-d320b09c4f3b,Salome Devidze,,575,1209,0.0142,0.1604,0.1461,190,-0.028,413,0.27,-0.0866
c3b08889-9218-45d7-a712-72d78dd9a0bb,Tanner Tomassi,M,876,1749,-0.047,0.0956,0.1425,192,-0.0195,401,-0.1002,0.3242
dc7f6ac5-f007-4b8f-b343-95e524dc7d0a,Luc Pham,M,1588,3307,-0.0286,0.1137,0.1423,193,0.0097,362,-0.1506,0.2994
9647bc45-f17b-43c8-9658-32448d4d95b9,Leah Tauber,F,612,1217,0.0348,0.1736,0.1389,194,0.0321,333,0.1528,-0.1174
1dd5c313-10f5-4e0a-bb9b-699913a5abe8,Mary Brascia,F,3412,6893,0.2059,0.3444,0.1385,195,-0.0807,493,-0.0336,0.0904
5358928b-dc8d-431a-a57e-0c0236b09b35,Elizabeth Skufca,F,172,298,-0.1876,-0.0493,0.1383,196,0.3246,68,-0.0853,0.2171
6a87bc44-5190-44db-8a2f-467de4de48c6,Christa Gecheva,F,2657,5181,0.0951,0.232,0.1369,197,-0.0045,386,0.0067,0.134
12890797-7355-49ca-848e-56d67e33c4de,Marianna Petrei,F,400,720,-0.0809,0.0554,0.1363,198,-0.1349,573,-0.0785,0.2287
bd7773b4-7b8e-4da2-96ce-98fe3490ee93,Lindsey Newman,F,2076,4107,0.0836,0.2193,0.1358,199,-0.0528,458,-0.0112,0.0666
3cec5850-24e2-44e3-96bc-ee87aa34581d,Katerina Stewart,F,176,321,-0.0669,0.0686,0.1355,200,-0.0146,398,0.1509,-0.0489
f6dd1c21-d872-42e6-a8a4-7c42d9063b74,Jes Rochefort,F,197,388,-0.1596,-0.0243,0.1352,201,0.1835,161,0.1244,0.0214
8ad8769e-9ecc-41dd-804f-b84e3ef90593,Sarah Hua,F,389,784,0.0055,0.1401,0.1346,202,0.0759,266,0.1661,-0.1162
1bfba782-55f3-42e4-9889-9018e793c0b5,Leigh Waters,F,203,422,0.176,0.3095,0.1335,203,-0.2841,719,0.0851,0.0431
141a5d80-7998-46e9-ac83-1019c415f2e6,Nick Petterson,M,199,385,-0.1304,0.0018,0.1321,204,0.2926,83,0.214,-0.0459
c85c50d9-eaa4-4581-b6bb-583a808706bf,Kyle Koszuta,M,729,1338,0.0275,0.1589,0.1314,205,-0.0344,425,0.1835,-0.0655
941ee654-0687-490d-b570-8e779ceff2ac,Florencia Rossi Luqur,F,291,549,0.0054,0.1338,0.1284,206,0.0558,295,-0.1046,0.2321
e838b7b5-ffd5-4a47-ac0b-f748dc6841d9,David Bieger,M,463,1027,0.0115,0.1397,0.1282,207,-0.0307,421,-0.1,0.1619
43a35ec2-3d7a-4c6f-b412-cac02d237a46,Vritti Sethi,F,312,690,-0.1601,-0.0321,0.128,208,0.1643,178,-0.0098,0.1846
47cdc6f5-3e06-4249-adde-f588681bb483,Maria Klokotzky,F,400,784,-0.0982,0.0292,0.1274,209,0.1805,164,0.0447,0.1148
5dc48fe9-12fa-4762-8814-7892ac78c67a,Jayden Broderick,M,273,469,-0.0575,0.0669,0.1244,210,-0.0124,395,0.278,-0.0315
306da673-de7e-44f5-bc16-0738b44bd089,Christopher Crouch,M,2416,4828,0.0841,0.2079,0.1238,211,-0.0295,417,-0.0051,0.0407
12c765d0-8384-41d3-a498-de63fd7c37da,Naomi Nguyen,F,607,1215,-0.0258,0.0969,0.1227,212,0.0543,301,0.0951,0.0893
397b3fba-650e-465c-ae98-03422712e358,Riley Hanks,F,152,289,-0.1621,-0.0398,0.1223,213,0.5149,19,0.1068,0.0
20a05d48-2059-4900-ad17-c58c875d715b,Thatcher Schwendiman,M,252,475,-0.1319,-0.01,0.1218,214,0.2915,84,0.3446,-0.143
ec4cdfe2-c6f6-4de1-824e-9adcaeb31196,Judit Castillo,F,3001,5748,0.1816,0.3027,0.1211,215,-0.193,635,0.1127,-0.1088
bb4de7dc-9f25-4218-a601-318492e0884c,Usama Khalid,M,890,1562,-0.1857,-0.0649,0.1208,216,0.0771,265,0.2688,-0.2746
1bab49f1-6891-4d3e-8f77-42aa4fc1d18e,Mohaned Alhouni,M,3045,5884,0.0391,0.1591,0.12,217,-0.1107,539,0.1535,-0.0768
fe1a9f36-62eb-4ce2-b068-cb754c00051e,Nicola Schoeman,F,634,1249,0.1125,0.2282,0.1158,218,-0.0907,512,-0.1032,0.197
a7e358b0-517e-4972-89ff-d95f0797e1c7,Jase Edwards,M,836,1559,-0.1511,-0.0362,0.1149,219,0.0902,254,-0.2756,0.3024
57d81852-8998-4d7c-9ed6-737c404c8650,Jericho Grollman,M,956,1814,0.1224,0.2363,0.1139,220,0.0454,312,0.0229,-0.0008
81535c8c-27d9-452c-a72a-61fc9f755b01,Will Mackinnon,M,1606,3149,0.1799,0.292,0.1121,221,-0.081,495,0.1667,-0.2071
3d8167c1-429c-4e5d-91cc-2caefa151f19,Paranya Jareonvongrayab,F,168,301,-0.2111,-0.1015,0.1096,222,0.2241,126,0.0785,0.0696
9972caa3-8ae5-4559-b5f3-720f9cb6317b,Zac Hirschler,M,217,456,-0.1179,-0.0112,0.1067,223,0.1322,206,-0.0428,0.1333
55dbee1f-1ee7-464b-9c80-d14cd9e44b8d,Carlos Di Laura III,M,1370,2617,-0.1076,-0.0015,0.1061,224,-0.0025,383,0.041,0.083
9c48e40b-ebfa-49d4-a3b9-c487c0248567,Aibika Kalsarieva,F,309,624,0.0096,0.1141,0.1046,225,-0.0442,443,-0.0491,0.1368
dc69fcde-bcda-4441-8b66-a8bafeb12ded,Joel Poland,M,1278,2710,0.1171,0.2204,0.1032,226,-0.1246,555,0.2035,-0.2449
325b8321-aeb0-4079-8892-c824da665aeb,Amanda Studnicki,F,222,481,-0.1247,-0.0225,0.1022,227,0.3253,67,0.2385,-0.0827
fcc36b68-b11b-4589-baa0-7d31f599eba1,Aaron Fuhrman,M,265,517,-0.109,-0.007,0.102,228,0.3636,52,0.1562,0.0
64e104e8-d388-4d03-9eb9-e3f836ef942c,Tia Elpusan,F,303,622,-0.0206,0.0807,0.1013,229,-0.0193,400,0.0774,0.1226
97da7b88-56d2-4e36-b0b2-2bd28d8320c1,Lucah Folden,F,161,322,-0.2446,-0.1436,0.101,230,0.4943,22,-0.03,0.1948
525bfe63-4047-4100-9289-b4af47a25f98,Alia Brown,F,779,1435,-0.1328,-0.0335,0.0993,231,0.0577,290,-0.0051,0.2381
ded801fd-297a-4761-b63e-d8fbbfeb5762,Shelby Bates,F,518,1144,0.1561,0.2537,0.0977,232,-0.2106,658,0.0792,-0.0543
50c2125b-406c-41e7-aad6-5432c7cd8e1c,AJ Koller,M,3642,7136,0.0689,0.1649,0.096,233,-0.0359,427,-0.0837,0.1042
30d7759b-93f0-467d-a07a-970ecfac06ba,Cameron Luhring,M,459,1012,0.1434,0.2389,0.0955,234,-0.1319,571,0.2843,-0.2334
9bce3fcf-8e63-4ed7-b4a5-00e0063a618f,Ariana Rodriguez,F,711,1487,0.0021,0.0972,0.0951,235,0.1012,233,-0.1313,0.2699
45e53881-72e4-4de1-9763-c2e7f7f854ba,Andrea Koop,F,2083,4002,0.242,0.333,0.091,236,-0.138,578,-0.2197,0.1787
b3dd67b6-42ba-4109-b974-149162bb7211,Federico Nani,M,314,691,-0.1464,-0.0563,0.0901,237,0.1002,236,0.0586,0.0945
a70be599-8b9f-405d-9e10-f501b0046e74,Shannon Pretorius,F,448,989,0.0148,0.1026,0.0878,238,0.1484,191,0.2871,-0.1125
875df336-1f62-4929-896e-8f458591d636,Zack Taylor,M,215,394,-0.0785,0.0092,0.0877,239,0.1768,168,-0.0308,0.0217
7b85c35f-6a90-4c61-af0b-565658feeb3c,Freddie Powell,M,1174,2205,0.074,0.161,0.087,240,-0.0588,468,-0.0985,0.0932
9e8ad96a-17a3-48bf-9363-7b35cc96b2b8,Averee Beck,F,312,715,-0.1828,-0.0983,0.0846,241,0.2845,89,-0.0464,0.1974
3d67b6d0-063e-466c-a475-7679d0764354,Austin Bricker,M,2195,4290,0.0226,0.1071,0.0845,242,-0.0382,433,0.0178,-0.0111
8187d00f-7c10-4947-a218-1641c659356c,Sam Angelo,M,798,1438,-0.1556,-0.0713,0.0843,243,0.0162,348,-0.3141,0.3308
2e858abd-e6cb-4a07-b6ea-fd6ca01556ae,Rachael James,F,701,1401,0.0857,0.1693,0.0837,244,-0.096,524,-0.0701,0.1345
6382a284-3db4-4d37-ac8a-2234c250bc81,Amrik Donkena,M,497,1053,-0.0651,0.0176,0.0828,245,0.0553,296,0.1788,-0.1592
d8d51930-abf9-468b-9e43-55a9c0728d58,Anouar Braham,M,3339,6706,0.0683,0.1504,0.082,246,-0.0422,439,0.0032,0.0426
f51d6dfa-5101-49d8-aea5-269e481e1918,Helen To,F,603,1250,-0.1207,-0.0396,0.0812,247,0.0648,282,0.0387,0.0793
d93f56ce-61cc-477d-a26c-17d04e53b2ff,Anna Lenhart,F,175,349,-0.3707,-0.29,0.0807,248,0.2431,114,-0.0075,0.1791
2c2a2b82-9ec7-4046-97cb-3a199ed507af,Oscar Serra,M,919,1751,0.1357,0.2151,0.0793,249,-0.2551,691,-0.2366,0.2511
14da50fe-4769-4bc3-aa3c-5d2e8a8527c1,Court Zalinski,F,194,415,-0.2285,-0.1512,0.0773,250,0.5183,18,0.0013,0.2168
469988c9-b401-4c68-9e07-e1b1b104b791,Yates Johnson,M,2621,5108,-0.0012,0.0751,0.0763,251,0.0415,319,-0.1281,0.1631
9dc57e5e-1e15-4c18-9f9b-ea82ae9a5d46,Andre Millet,M,292,516,-0.0477,0.0267,0.0744,252,0.0036,376,0.2307,-0.0803
14c4c96f-0a49-4d07-b16d-f6cb782491f4,Kentaro Hamaguchi,M,860,1711,-0.1103,-0.0373,0.0731,253,0.113,223,-0.106,0.1923
41118195-75b3-4b25-adc9-07991301280a,Craig Johnson,M,1757,3626,0.0423,0.112,0.0696,254,-0.0275,411,-0.0556,0.0389
1af53bb7-816e-4292-bd2e-08374c50aa42,Sergey Afanasenka,M,348,651,0.0357,0.1043,0.0686,255,-0.1422,583,0.0375,0.0537
a9950e78-2b86-495e-a0d2-bb8efac93531,Malia K Lum,F,555,1093,0.005,0.0721,0.0671,256,0.0564,294,0.1346,-0.1231
07aabe65-d0a6-4599-9ebf-48683b900917,Madison Wold,F,226,430,-0.2461,-0.1801,0.066,257,0.2212,129,-0.098,0.1347
6a00b494-cc3d-4cd5-9fbe-077bc6958972,Dennis Uspensky,M,260,522,0.0673,0.1329,0.0656,258,0.0635,285,0.0096,0.1608
4025f403-d676-42ee-97a1-61d9b38c211b,Allison Phillips,F,2824,5832,0.09,0.1556,0.0655,259,-0.1984,643,-0.0049,-0.1269
9a449e9c-69aa-4a48-8f28-217766ab25f7,Armaan Jiwa Mawji,M,468,895,-0.0743,-0.0101,0.0643,260,0.0283,335,0.2209,-0.202
c5964640-5d39-4c95-b6a4-7a1faeda89a6,Amanda Rosati,F,503,1052,0.0167,0.0782,0.0615,261,0.1106,225,0.0489,0.0552
4a7604e0-0f45-4057-8da0-bbfd0a58df83,Cami Blake,F,210,536,-0.1315,-0.0716,0.06,262,0.3093,73,0.2856,-0.1673
9120d7ec-1a7e-413a-82cf-0e29009175d5,Maximo Agoglia,M,178,311,-0.0787,-0.0195,0.0593,263,0.2663,97,0.1556,-0.016
5ba3597f-0147-4420-bbc3-00da18ccf339,Justin Hunter,M,259,545,-0.1171,-0.0585,0.0586,264,0.0418,317,-0.1654,0.2217
b3485ff8-bab5-4443-8245-3f81cbfb2b77,Emily Cederquist,F,274,509,0.1162,0.1735,0.0573,265,-0.0924,514,-0.0714,0.0709
392de00d-8c51-4096-be1c-b9e59d882913,Lauren Wong,F,261,509,-0.1746,-0.118,0.0566,266,0.3978,45,0.0829,0.0505
8b96b5a9-1ed8-4bb8-956f-c46e8de9ab24,Mikar Larenzo Fisher,M,200,426,-0.2178,-0.1612,0.0566,267,0.1062,228,0.0176,0.0389
9e2a5ee1-cdc9-4635-a15a-540ee99192b7,Mitchell Hargreaves,M,517,1074,-0.2009,-0.1453,0.0556,268,0.0545,300,0.0158,0.0622
ca3a3394-b5c4-4c95-9d31-910d4ce5bc9c,Brandon Fritze,M,327,722,-0.0177,0.035,0.0527,269,0.0755,268,0.1774,-0.0539
7464628e-931a-44c9-b0df-749a7cb32eaa,Adam Harvey,M,2490,5119,0.0456,0.0981,0.0525,270,-0.07,482,-0.27,0.2497
cc994f98-879e-4ef1-a4e6-bfe46cdaea7a,Chase Blocker,M,246,444,-0.2402,-0.1877,0.0524,271,0.2698,94,-0.0998,0.1787
f5e7df5b-e14b-4a8d-9c13-e7b73ff4e48c,Sebastian Herrera,M,169,341,-0.1477,-0.0968,0.0509,272,0.1677,177,0.0304,0.0788
af94be9e-b2f9-413a-aa9c-450cf6021c10,Michael Vallejo,M,198,417,-0.0771,-0.0263,0.0508,273,0.1881,156,0.0889,0.0
eb88338a-8029-4801-9a7f-e4d48c9b5d83,Domenico Geminiani,M,411,800,-0.0425,0.0062,0.0487,274,-0.0565,462,-0.1528,0.133
66e1ddf7-61f6-4683-afdf-b6cc313af407,Todd Fought,M,2270,4530,0.0478,0.0963,0.0486,275,-0.0139,396,-0.0779,-0.0385
35f81e87-382e-41cc-9bab-687116861954,Jace Morris,M,1472,2926,-0.0556,-0.0093,0.0463,276,-0.09,511,0.029,-0.0488
f370a1a0-2e1a-463b-a35c-30899131f7d6,Troy Akin,M,739,1468,0.181,0.227,0.046,277,-0.0525,457,0.1539,-0.2317
8fb8df0b-4365-4585-b5b9-a489397a79c9,Khuong Huynh,M,205,423,-0.043,-0.0001,0.043,278,0.1443,196,0.0561,-0.0161
fc90f09b-f8a7-4c1f-922b-bbf3294cd736,Rougel Jon Lutz Aninon,M,428,898,0.0377,0.0805,0.0428,279,-0.062,472,-0.0915,0.1456
3f872035-3abb-434d-9fc7-6134ec6c40f5,Alvaro Terron,M,191,416,-0.0224,0.0193,0.0416,280,-0.0577,464,0.1123,-0.0194
5106c31c-ea6c-49ba-81ca-b622b1d7afd1,Mackonner Dy,M,161,276,-0.1072,-0.0657,0.0415,281,0.1522,189,0.078,0.1286
0dfe6dd7-dcc9-407b-a761-1cafc880401b,Erik Pailet,M,1051,2035,0.0619,0.1021,0.0402,282,-0.0431,441,-0.1904,0.2265
5a5237bd-64cd-433c-99ba-34badaa2820c,Braylon Ohrel,M,212,363,-0.0442,-0.0043,0.0399,283,0.0731,269,-0.07,0.0807
337c76f4-2e83-4a59-b66b-7dc2e0555ce2,Cassidy Hoag,F,1020,2162,0.113,0.1525,0.0395,284,-0.0658,477,0.0136,0.0082
437c71fe-2e32-4ba4-b053-96e21195fe4b,Yu-Chieh Hsieh,F,416,799,-0.0473,-0.0078,0.0395,285,-0.1076,538,-0.0967,0.1501
5925398b-b2a9-4e8f-ae46-5c2b59b1b818,Nicole Conard,F,2543,4914,-0.1046,-0.0657,0.0389,286,0.0349,332,0.0042,0.0485
167e7a23-c919-460b-8586-a3966f588dcb,Hong Kit Wong,M,1013,2078,0.034,0.0724,0.0383,288,-0.104,533,-0.1661,0.1868
3cab1673-2522-4dd5-ba07-2a1b88749d86,Tristan Dussault,M,972,1929,0.0593,0.0976,0.0383,287,-0.2144,665,0.0788,-0.2104
f76f4ac5-e3cc-4fe6-a4bc-a968b8b991b1,Alex Walker,F,3517,6901,0.0438,0.0811,0.0373,289,-0.0506,454,-0.1152,0.0333
25104e43-16f9-4ce3-9085-70243d8b350a,Ella Yeh,F,1648,3461,-0.0464,-0.0096,0.0368,290,-0.0618,470,-0.1214,0.1035
008a1230-584f-429a-bafe-5c6ec6488123,Allison Chuang,F,191,400,0.0873,0.1237,0.0364,291,0.0648,283,0.0147,-0.0518
21787278-0f3a-4bcd-9d1f-e73deac5d400,Averry Chew,F,243,465,-0.0419,-0.0055,0.0364,292,0.0547,299,0.0419,-0.0238
a92239e2-429d-4a0a-85b7-58cac29488ee,Jordan Chrysostom,M,947,1939,-0.1138,-0.0789,0.0349,293,0.0654,280,-0.1148,0.025
89aaafba-7d47-4938-b918-b960dff5bebc,Ryan Finley,M,382,713,0.0861,0.1209,0.0348,294,-0.0725,484,0.0147,0.1508
66cb85be-fe8b-402d-a4f7-4a8e6a7c3ad7,Lucas Pascoe,M,759,1505,-0.0728,-0.0391,0.0337,295,0.0985,238,0.0757,-0.0421
e6be2540-8ee3-4cd7-90e4-f7a2b70851ec,Hao Nguyen,M,375,621,-0.013,0.0198,0.0328,296,0.0151,353,-0.2695,0.3556
20045230-82bb-4962-99fe-cf78c28f8641,Joshua Giannelli,M,619,1189,0.0075,0.0389,0.0314,298,-0.029,415,0.0464,0.0104
ae103be7-01f5-4d0a-ad3e-ad524a4f6309,Seina Shima,F,210,402,-0.1317,-0.1002,0.0314,297,0.2993,79,0.1129,-0.0726
94478a4a-a920-4a12-936c-4dead2ecd1d6,Max Green,M,417,880,-0.0352,-0.0072,0.028,299,-0.172,614,-0.0464,0.0197
9949cb55-32d2-4707-8da2-34af35bf6a37,Jesse Witten,M,152,311,-0.1495,-0.1222,0.0273,300,0.2461,111,0.0,0.0478
e8e10ea8-2ff2-4155-9169-cc33ff8c6265,Rio Newcombe,M,1638,3381,-0.0047,0.0226,0.0273,301,-0.0443,444,-0.215,0.1164
4565d8c4-de25-4391-bcf3-3e822ad7783d,Jai Grewal,M,251,480,-0.1995,-0.173,0.0265,303,0.1548,185,-0.2068,0.0595
bc7b2475-e580-4734-bc14-814a153bec5d,Pesa Teoni,M,2527,5032,-0.0503,-0.0238,0.0265,302,-0.0047,387,0.0527,-0.1691
158f965e-0732-4358-8f9c-ae78a48bdbdb,Arielle Butler,F,188,377,0.0927,0.119,0.0263,304,0.0471,311,0.0498,-0.1204
6ee6ec8b-17cd-44f0-ad2a-a3e3460100ce,Dave Bacalla,M,477,907,0.0277,0.0537,0.026,305,0.0086,365,-0.286,0.1533
8620b5f6-d9d5-4cb9-9a28-ed21da77511e,Lauren Cole,F,153,335,0.0267,0.0516,0.025,306,-0.2404,680,0.012,-0.0651
e41881d8-b1e1-465d-afcf-a58602cd92bd,Aidan Schenk,M,192,336,0.0513,0.0762,0.0249,307,-0.0817,498,-0.2038,0.2251
3f5b4c15-bf91-488f-bd3b-e4bb388f3728,Austin Oreilly,M,176,366,-0.1372,-0.1151,0.0221,309,0.5234,17,0.0,-0.0047
a9a168ae-7822-4d31-b07b-fba40480c1fc,Brandon French,M,3742,7451,0.1062,0.1284,0.0221,308,-0.1947,641,-0.1082,-0.0269
e48f177b-ac64-42a5-9dfc-d5e0ac5b3fa6,Michael Wolf,M,197,393,-0.045,-0.0233,0.0217,310,0.1339,204,-0.0934,0.0369
1d36eae4-41f1-4739-b9d2-0783fd371112,Samantha Buyckx,F,555,1083,0.0768,0.0983,0.0215,311,-0.2037,648,-0.0357,0.0158
11124e87-7f5d-45fd-8282-728c39068a3c,Nick Black,M,1106,2111,-0.0388,-0.0177,0.0211,312,-0.0245,408,-0.2354,0.1033
1bbc9415-96dd-4751-9513-95274c5fc0f9,Nicole Eugenio,F,624,1390,0.0664,0.0865,0.0201,313,-0.1698,610,-0.1015,-0.0369
f78254c2-5dbe-4ccd-85d2-bf5538cb179c,Komal Safdar,F,592,1211,-0.3034,-0.2838,0.0197,314,0.1067,227,-0.0964,0.2162
0d23964f-d43f-4006-b1e0-13001393216c,Ross Whittaker,M,1914,3947,-0.0323,-0.0131,0.0192,315,-0.1045,534,0.0427,-0.0791
33dbfc0d-f246-40da-a277-74c31f2662ae,Ryan Ng,M,161,309,-0.1051,-0.0878,0.0173,316,0.4792,24,0.0,-0.004
649a30be-e691-4be4-8677-b9a55699f2b8,Ivy Tschetter,F,277,589,-0.2617,-0.2451,0.0166,317,0.1825,162,0.0377,-0.0176
d8610fd6-1ab3-409a-bea3-d7f7b87d7ee0,Shea Donahue,F,703,1477,-0.1534,-0.1391,0.0142,318,0.148,193,0.1188,0.0046
a6f57d71-bf90-48fc-b05b-abe66980a132,Mike Radermacher,M,916,1810,-0.0159,-0.002,0.0139,319,-0.0024,382,0.1181,-0.1793
ba70f3a5-4693-4aa8-a8cc-1b5c0544b75a,Nicholas Romano,M,927,1751,-0.1351,-0.1217,0.0134,320,0.0131,356,0.1362,-0.0952
577d1124-44c9-435d-88e9-01a146f2d177,Eugenia Carolina Lopez Ascarate,F,214,472,0.1784,0.1914,0.013,321,-0.3036,735,-0.043,-0.0359
b40f1add-dfc3-446d-9c65-b1ab7bec6194,Victor Camilo Iii,M,193,365,-0.0205,-0.0081,0.0124,322,0.3027,77,0.1099,-0.1147
b35ed876-bcdc-4024-9746-fe1bcb3957f5,John Cincola,M,1931,3701,0.0309,0.0413,0.0104,323,-0.0514,456,0.0276,-0.1167
8dd7bb87-1082-4114-809e-888ac57df014,Chase Mason,M,338,702,-0.3301,-0.3209,0.0091,324,0.302,78,0.4274,-0.2883
11e203e1-6239-4f00-aaf9-752aae883120,Rodrigo Reyes,M,308,706,-0.1087,-0.1,0.0087,325,0.2225,127,-0.0331,0.0918
af472932-bdca-4a6f-96f5-c8474817512e,Stephanie Vogt,F,166,339,-0.1017,-0.0932,0.0085,326,0.1271,212,-0.1028,-0.0034
0c1fb7ef-65d8-48bf-b19e-ff7e543f4bbc,Lê Xuân Đức,M,273,545,-0.0508,-0.0437,0.007,327,-0.0511,455,0.1912,-0.1966
07a9bb92-74c6-4aef-9148-83b4a3371691,Sarah Jane Lim,F,177,375,-0.2852,-0.2797,0.0056,328,0.2071,142,0.0959,-0.0923
3fc70f61-f10c-4539-9b5a-82911efc966a,Ava Cavataio,F,731,1428,0.0081,0.0122,0.0041,329,-0.1281,560,0.0431,-0.1642
6cbf25ef-655b-4883-91dc-cba9256545a7,Sarah Burr,F,281,583,-0.035,-0.031,0.004,330,-0.0236,407,-0.1791,0.178
8ac6f832-de64-44eb-9bef-21031e074faa,Giang Trinh,M,468,939,0.0631,0.0664,0.0033,331,-0.0666,479,0.1945,-0.3537
a2c56686-b330-41e4-b7e8-bda8a3ec97a8,Ryan Fu,M,2732,5428,0.1097,0.113,0.0033,332,-0.2747,712,-0.1026,-0.0843
45596674-36ae-4768-b4ee-c7181d9b2ea7,Sammy Lee,M,760,1550,0.029,0.0322,0.0032,333,-0.1111,540,-0.0966,-0.0223
ebb2a1e0-7c6c-48a4-b994-e81edd8ddb97,Patrick Smith,M,2251,4580,0.0421,0.0452,0.0031,334,-0.0357,426,-0.1487,0.0211
a4a34567-4734-41dc-895a-e37928f7647c,Grant Kayworth,M,176,292,-0.2271,-0.2253,0.0018,336,0.2207,131,-0.0129,0.0354
b2188c16-8955-451d-8b6a-945a8907528f,Tom Evans,M,298,645,-0.0743,-0.0725,0.0018,335,-0.0946,519,0.0556,-0.1681
146dd2f7-7f5d-495d-b2f1-96d433742fec,Eduardo Santini Ayon,M,1416,2908,-0.1267,-0.1253,0.0014,337,-0.0054,388,0.13,-0.1642
fb8a1763-24f4-43e5-b7aa-0004402dd4a7,Danna Funaro,F,730,1531,-0.0771,-0.0759,0.0011,338,0.0939,249,-0.1227,0.0922
0a287886-b880-4c46-8c66-ea4d198a7eba,Pablo Copetti,M,248,448,-0.3376,-0.3368,0.0008,339,0.4171,39,-0.0297,0.1142
18fe24f0-d51c-4237-abc7-6839f4b6fd30,Cian Li,M,189,362,0.0,0.0,0.0,344,0.2247,124,0.0,0.0
4d73f750-808b-4f08-a96f-359f8835df54,Izaak Gonzalez,M,241,506,0.0,0.0,0.0,347,0.4599,29,0.0,0.0
5a48d9fe-f61f-436f-9451-cd3b0bbda6d8,Nicholas Maleganeas,M,164,318,0.0,0.0,0.0,341,0.162,180,0.0,0.0
98577287-735c-42ef-b9d2-9180156c6704,Jason Tay,M,185,303,0.0,0.0,0.0,349,0.342,58,0.0,0.0
9c622e48-bbb8-4488-833f-83fb851efa5a,Michael Leonard,M,164,349,0.0,0.0,0.0,340,0.0404,322,0.0,0.0
a4206588-8cb0-44cb-a526-5de7fabaf8c6,Pieter De Vries,M,194,383,0.0,0.0,0.0,346,0.0435,314,0.0,0.0
a710716e-7a2b-4ecd-8416-f499c9b120e7,AJ Khawaja,M,155,289,0.0,0.0,0.0,345,0.0957,244,0.0,0.0
cbfbb61e-c9de-4ef8-b68d-26fe027d14b9,Anders Jansson,M,183,369,0.0,0.0,0.0,348,0.0564,293,0.0,0.0
dafc4c81-f88d-46cd-ba95-938451cfc7c3,Matthew Pokorny,M,150,333,0.0,0.0,0.0,342,0.0153,351,0.0,0.0
e4e64e82-81e5-446c-9251-b6fac101373b,Phong Tran Sr,M,151,303,0.0,0.0,0.0,343,0.3258,66,0.0,0.0
3f523db3-f8c4-46c8-a54f-533d7220d27b,Kyle Goodburn,M,211,437,-0.1674,-0.1681,-0.0007,350,0.3491,56,-0.0846,0.0389
f1151ea2-759d-4d9f-a5b9-5ccd966dc3ca,Hoang Nam Ly,M,427,838,0.0897,0.0882,-0.0016,351,-0.181,622,0.0534,-0.0489
6e0c0d57-704c-4148-9229-1c623b611919,Perry Wang,M,245,505,-0.1373,-0.1392,-0.0019,352,0.042,316,0.0926,-0.1132
38b1bfb1-576b-4a3e-ab6b-e8bc46031c1d,Eric Roddy,M,2473,4864,0.0061,0.0035,-0.0025,353,-0.0448,446,-0.2588,0.1198
bf96031e-108d-4a37-810a-d43f63339231,Audrey Banada,F,1124,2481,0.0256,0.0192,-0.0064,354,0.0001,380,0.1377,-0.2637
ce7e7707-c94e-4d33-b34a-37efe3363774,Eli Steiner,M,1172,2196,-0.1108,-0.118,-0.0071,355,-0.1163,543,-0.0789,0.0237
1607a4f2-2592-4745-ba49-21bbeb199151,Sydney Sonday,F,631,1327,-0.0834,-0.0924,-0.009,356,-0.0248,409,-0.193,0.137
d0bac3dd-65e3-4682-9928-7344468332a5,David Creswell,M,169,390,-0.0634,-0.0725,-0.0091,357,0.1365,202,0.0,0.0397
3fc3a7df-63dc-4bcd-afd8-9bce53dd257c,Carl Hilliard,M,250,474,-0.0647,-0.0764,-0.0117,358,-0.0875,505,0.0688,-0.1058
57a5785e-8dd2-493d-8d2d-31459d308371,Victoria Yu,F,198,416,-0.0484,-0.0603,-0.012,359,0.1977,149,-0.016,0.0187
626853e5-c9a6-40df-9a45-24381fc6ba69,Rosen Naydenov,M,228,415,0.0512,0.037,-0.0142,360,-0.0018,381,-0.0048,-0.028
7e657393-16e5-4dd0-b230-47ffe15b6581,Gerald Ferrer,M,285,592,0.0138,-0.0008,-0.0145,361,-0.2068,654,0.0223,-0.0083
26bd8869-21d6-4c7e-9edc-0bd16aebf18a,Evan Pratt,M,151,299,-0.003,-0.0194,-0.0164,362,0.2605,99,0.0,-0.0144
ef40c5da-1ba2-403f-929c-38312222b8e0,Chiron Burl,M,364,743,0.0059,-0.0106,-0.0165,363,-0.1183,544,-0.1466,-0.0091
9e21488f-cc47-4ec5-8883-b74edc533747,Paige Miles,F,204,425,0.0182,0.0015,-0.0167,364,-0.0771,489,0.1223,-0.1501
b179dfb4-dcf9-4da2-94d2-4ed21ef015b0,Cynthia McPherson,F,221,484,-0.05,-0.0671,-0.0171,365,0.2713,93,-0.0524,0.0
e4c4c646-5650-45b9-8673-5b5e9d2174e0,Zachary Marceau,M,594,1109,-0.0862,-0.1039,-0.0176,366,-0.0668,481,-0.023,-0.0061
d0f63c78-f753-45d9-a510-1b05298ea680,Erik Forsythe,M,340,719,-0.0305,-0.0498,-0.0192,367,-0.0209,404,-0.1306,0.0143
404094a4-c65d-4e15-8023-f025ac226e30,Riley Bohnert,F,289,540,-0.0256,-0.0456,-0.02,368,-0.1883,630,-0.0372,0.0018
9e500bd3-b4ff-449e-81fe-9ef54d091dbc,Sarah Ansboury,F,873,1805,-0.1285,-0.1486,-0.0201,369,0.1155,221,0.1163,-0.1485
a384ebf9-24d7-4624-a8a8-160bef70df63,Ammar Wazir,M,478,946,-0.1205,-0.1408,-0.0203,370,-0.1745,617,0.1706,-0.1176
44d043e4-e81d-4496-b9fa-d01f47dfbc10,Gavin Nickerson,M,217,470,-0.1201,-0.1415,-0.0213,371,0.2933,82,-0.0384,0.0
b871e2a8-3498-47b9-a7c5-e75030bc1b35,Keith Read,M,160,355,-0.01,-0.032,-0.0221,372,0.039,325,-0.0294,-0.0542
e319e2cf-0fce-4c72-9197-f2674c7595b8,Zak Parks,M,562,1178,0.0602,0.0373,-0.0229,373,-0.1645,603,-0.124,0.0241
2c115b6b-4c0a-4992-9912-ed00d7bf07fc,Sam Kim,M,153,291,-0.1212,-0.1443,-0.0231,374,0.1524,188,-0.0201,0.0
fd565e56-6223-4ef0-882e-02346e7e0573,Brooke Caruso,F,1029,2106,-0.0159,-0.0417,-0.0258,375,-0.009,390,-0.0074,-0.0768
55b78314-2f02-4a0c-83c2-b7cbfd8b4329,Madalina Grigoriu,F,1153,2204,-0.0786,-0.1063,-0.0277,376,-0.0573,463,0.0292,-0.0343
72781a5b-7e26-47ae-a581-625e4fa96099,Hudson De Risi,M,312,630,-0.1756,-0.2049,-0.0293,377,0.6173,10,-0.0229,-0.0362
581520bf-6bd3-4c66-9ee3-756f955ec968,Rob Cassidy,M,1145,2259,0.0907,0.061,-0.0297,378,-0.0742,486,-0.0559,-0.1678
0142557a-6231-455b-8eee-daf5f67fc1ff,James Seagraves,M,623,1269,-0.1192,-0.1499,-0.0307,379,0.0443,313,0.2089,-0.1883
738265f6-e8cf-4d0c-8f2e-88ca455d1dc5,Ernesto Russo,M,267,563,-0.2084,-0.24,-0.0316,380,0.2443,113,0.1438,-0.1382
79ee2d66-5ba3-47cc-bc43-f489a09d2d5a,George Rangelov,M,1728,3214,-0.0548,-0.0864,-0.0316,381,-0.0098,392,-0.2526,0.0943
c2a65079-49d6-4023-a03f-a97bc3be3bf8,Daniel Jensen,M,910,1999,-0.0868,-0.1191,-0.0322,382,0.002,379,-0.0157,0.0079
f72c029b-444a-49f1-a4f7-7bea007dc8ba,Jose Farias,M,298,543,-0.0596,-0.0926,-0.0329,383,-0.0782,490,0.1307,-0.125
7bf10f67-cf48-4d2d-96ea-4e7d2646d9a8,Ryan Smith,M,540,1031,-0.0212,-0.0543,-0.0331,384,-0.0253,410,-0.2747,0.247
86e1b9d3-15ea-4b76-b488-d3135e78aa7c,Wade Heerboth,M,290,614,-0.042,-0.0754,-0.0334,385,-0.2597,698,0.0518,-0.2204
98019e23-09e2-43ff-917a-b7809c775f4e,Pei Chuan Kao,F,323,636,0.0426,0.0075,-0.035,386,-0.0724,483,0.267,-0.4056
1634183c-5c14-410a-a6dd-30b634f27c1a,Jasper Schaadt,M,152,266,-0.0414,-0.0769,-0.0354,387,0.0531,303,0.0,-0.1166
df8c0e05-75ea-4ef3-923e-685ff05f23f5,Selim Ben Ali,M,150,336,-0.0607,-0.099,-0.0384,388,0.1808,163,0.2516,-0.1623
d4fa4b1d-2228-4620-8e8c-f4b182524e86,Alexis Nelson,F,166,309,0.2182,0.1785,-0.0398,389,-0.1635,601,0.0,-0.0254
53008558-000d-4162-8a34-9348d3f5322a,Jhonnatan Medina Alvarez,M,1031,2045,-0.0195,-0.0602,-0.0407,390,0.0059,372,-0.0557,-0.0302
ae22d796-6114-4ec9-8a76-8393e96cb1d0,Preston Bies,M,172,411,-0.152,-0.194,-0.042,391,0.4624,28,0.1447,-0.0428
b9dbf1d9-f5a8-4d6b-8685-00d7f477a42e,Henry Boyle,M,607,1286,-0.0227,-0.0666,-0.0439,392,-0.2746,711,0.064,-0.1765
d24967d0-68b6-440e-9f7c-4ecc2fc3e7f5,Ilvana Trujillo,F,163,409,-0.134,-0.1782,-0.0443,393,0.1213,217,-0.0107,0.1487
b8167e12-0591-4cb4-a950-ecb6da83e1e0,Andie Dikosavljevic,F,153,368,0.1936,0.1482,-0.0454,394,-0.1444,589,-0.1129,0.0281
cd7b97fc-d912-4c59-8ab3-c2d70e79d998,Lina Padegimaite,F,3018,6029,0.1673,0.1216,-0.0457,395,-0.1649,605,-0.1076,-0.1637
6866df42-48ad-423c-9e57-d7d4d6fb66ef,Vanshik Kapadia,M,257,502,0.0996,0.0517,-0.0479,396,-0.4274,773,-0.1039,-0.0487
89ccc27e-1751-4730-a998-db0cb9224349,Brooke Revuelta,F,206,443,-0.0417,-0.0901,-0.0484,397,0.021,343,0.2239,-0.1781
2e520a54-a71e-4c5b-9536-e5886840ed0c,Mike Anderson,M,166,322,0.1158,0.0672,-0.0486,398,-0.1413,581,-0.1156,0.0494
4de68830-5966-4b09-abbd-91bed22df13d,Cade Edwards,M,288,595,0.0385,-0.0102,-0.0487,399,-0.0449,447,0.0834,-0.05
b1254256-f3ac-46db-b28c-4dd0c6955ea0,Eileen Wang,F,162,278,-0.0587,-0.1074,-0.0488,400,-0.048,451,-0.0367,0.0
f6fa549d-8a9c-46fd-aeb8-af8a3f0f7a59,Robert Slutsky,M,380,724,0.2403,0.1899,-0.0504,401,-0.4654,782,-0.3049,-0.0206
00ab745e-aec0-4f44-acfb-0c24511b3999,Sarah Pham,F,184,376,-0.031,-0.0817,-0.0507,402,-0.0864,504,-0.0131,-0.0454
64698ef9-a6f7-409d-b416-4892308af978,Alex Neumann,M,312,579,-0.0211,-0.0724,-0.0513,403,-0.0883,508,-0.2135,0.0501
1d775d93-6cbb-4ed0-addc-244a46d15aae,Louise Kwong,F,225,482,-0.1276,-0.1796,-0.052,404,0.3672,51,-0.0056,0.0
bde1ffe8-4651-40ac-8e1b-24e850ff7586,Tommy Labat,M,190,364,-0.0684,-0.1206,-0.0522,405,0.0863,259,-0.0281,-0.0665
658d2f1c-5f7d-4baa-a6ca-d29d3fed6166,Wade Bryant,M,172,304,-0.0232,-0.0769,-0.0537,406,0.1462,194,-0.0004,-0.0182
9034d36a-1b11-4c9d-ad75-5c665d87b8c5,Pierina Imparato,F,2556,5317,0.03,-0.0252,-0.0553,407,-0.1842,626,0.0903,-0.3308
27bace9b-afb2-424a-af5b-f69ccce01725,Sabrina Guillebeaux,F,182,394,-0.0657,-0.1215,-0.0559,408,0.1484,192,-0.0281,0.002
c5b50cff-54a3-4897-a8ad-2c57e1e988f9,Ben Newell,M,171,311,0.1574,0.1002,-0.0572,409,-0.2313,674,-0.0365,-0.0234
91ccec0d-b14e-41bc-8a23-0d9bcacfbe5b,Kevin Pham,M,181,381,-0.0733,-0.1315,-0.0581,410,0.2417,115,-0.0485,-0.0564
24fead20-0b0e-409e-bd9e-dc69fa0a8162,Mark Dancuart,M,191,343,0.0614,0.003,-0.0584,411,-0.2553,692,-0.1514,0.0344
71992955-8b6f-470b-a991-796cfa56a826,Liz Truluck,F,3566,7275,0.159,0.0991,-0.0599,412,-0.355,759,-0.0962,-0.239
cd71f5e4-529b-43e0-ae28-2c9127711ae2,Charles Case,M,237,456,0.0887,0.0284,-0.0603,413,0.0027,377,0.1021,-0.1365
ce39808f-90a7-4c17-9566-c6c83697b695,Marco Leung,M,607,1136,-0.2514,-0.3124,-0.061,414,0.1931,151,0.1258,-0.0679
222bf2cd-da9b-4c4c-ab99-0fa77bec15c6,Jason Loyd,M,359,646,-0.0823,-0.1434,-0.0611,415,0.0057,374,-0.0297,-0.1013
53cffd68-8c08-4ad7-88fd-a72ee20d716e,Marisa Ruiz,F,537,1082,0.0403,-0.023,-0.0633,416,-0.2231,671,0.0019,-0.0601
f56c29a7-f5ce-4897-9dbf-d455860ef3d8,Tyler Hong,M,151,256,0.1516,0.0879,-0.0637,417,-0.1031,532,-0.0379,-0.0956
9d7b2972-477c-4cea-977d-f65f86dccac5,Parth Mody,M,452,904,0.0097,-0.0545,-0.0642,418,-0.0885,509,-0.1556,0.0483
90264f6d-f165-4b60-86e5-451cf64f62ae,Emilia Schmidt,F,721,1446,-0.1164,-0.1817,-0.0653,419,-0.1184,545,-0.0636,-0.014
6ff20e3d-06ae-4ce4-b487-1ff553681391,HO Hoan,M,230,344,-0.0934,-0.16,-0.0666,420,0.0395,324,-0.0453,-0.0283
23becc4a-36a4-4854-884e-d2efa8998955,Ana Gordon,F,251,524,-0.127,-0.1947,-0.0678,421,0.2527,104,0.0736,-0.0954
ab6386c6-c7e3-422f-9134-e20e92725ee5,Emma Nelson,F,1018,1981,0.0,-0.0681,-0.0681,422,-0.1924,634,-0.0135,-0.0973
f9ae639d-11c5-4336-8b09-71d0fb6f9d9b,Sienna Hitzeman,F,243,416,-0.2517,-0.3209,-0.0693,423,0.2404,116,0.0203,0.0539
8af38fdd-73ad-4c9e-9bcb-d5c5cf861d4e,Isabella Ochoa,F,206,370,-0.0578,-0.1281,-0.0702,424,-0.0588,467,-0.095,0.0
b67f32da-c777-48ab-a6bd-4f5087d2a40f,Ekaterina Biakina,F,584,1247,-0.3115,-0.3819,-0.0704,425,0.0525,305,0.0997,-0.1808
b6fe1237-b049-405c-a641-d57f8170a9a0,Albie Huang,F,1044,2173,-0.0676,-0.1396,-0.072,426,-0.0371,430,-0.0981,-0.0062
a95df9a8-772c-4dbf-8c28-e200b7308584,Kiora Kunimoto,F,1767,3852,0.0913,0.0192,-0.0722,427,-0.2855,721,-0.1273,-0.1469
1c49ab19-88d1-43b4-94cb-ab7ec9205ec9,Regina Goldberg,F,1088,2236,0.0461,-0.0267,-0.0728,428,-0.0286,414,-0.0055,-0.1583
091e8c64-3b31-4263-889e-7170c2313b97,Santhosh Narayanan,M,590,1220,0.1688,0.0958,-0.073,429,-0.1882,629,-0.2272,0.1145
67e3b942-0f26-41b5-8abf-51fa09849e19,Walter Lau,M,211,461,-0.0389,-0.113,-0.0741,430,0.0661,278,-0.092,-0.0625
04ab231b-f2ab-456a-a79a-1728f29e42fa,Eliel Herminas,M,321,667,-0.1135,-0.1881,-0.0746,431,0.1961,150,0.1367,-0.2002
46964855-27d5-412f-be82-2df7e45a99e5,Jaden Lam,M,204,340,-0.0933,-0.1717,-0.0784,432,0.1023,231,-0.2963,0.1513
4214dfa2-6d13-43c3-b98b-f36e4556402d,Kayla Williams,F,613,1178,-0.0064,-0.0874,-0.0811,433,-0.0667,480,-0.0391,-0.1102
2a8b7adb-5f06-4b01-88a7-86e56d8d9274,Hannah Fife,F,196,388,-0.0997,-0.1819,-0.0822,434,0.1428,198,0.0,0.0079
e5915579-1c1d-4406-b707-6d877bcebedd,Kwan Wun Man,F,250,610,-0.2408,-0.326,-0.0853,435,0.0979,241,-0.0398,0.025
518626d4-2600-4134-8c6a-0ae9315f9625,Cason Campbell,M,2497,5152,-0.0538,-0.1396,-0.0858,436,-0.2377,678,-0.1854,-0.0522
50982c9d-4d95-48ce-8e38-6704fde63599,Thomas Romano,M,162,318,0.1906,0.1019,-0.0887,437,-0.0402,437,-0.1387,-0.0849
9c9c45e5-6fb8-4f4f-a85e-16cebb11972d,Andi Godwin,F,486,1048,-0.4071,-0.4977,-0.0906,438,0.3582,53,0.1152,-0.1971
1d200bd4-3d5b-41f2-9235-3ebfce0a4bb0,Miyu Hazawa,F,152,326,-0.1638,-0.2558,-0.0919,439,0.3047,74,-0.0902,0.1043
22135bb3-55b3-404e-9853-ee3ea3b18a06,Kei Sawaki,F,326,671,-0.0764,-0.1697,-0.0933,440,0.1192,218,-0.0787,-0.1256
435e466e-22c7-4917-8cb4-ff45bbccde19,Tamaryn Emmrich,F,3260,6552,0.102,0.0079,-0.0941,441,-0.1942,638,-0.2821,0.015
cecffdc0-29ee-46c0-9832-2dbe04700307,Nejc Sitar,M,430,975,0.2317,0.1374,-0.0943,442,-0.2031,646,-0.1702,-0.0981
3352fcce-bc05-4a02-bf59-c1984cec3e56,Chris Walker,M,160,259,-0.0691,-0.1643,-0.0953,443,0.4124,40,0.0,-0.0743
92b20d3a-70c5-453e-8b2d-38c1c552b693,Edward Kim,M,257,538,-0.2152,-0.3117,-0.0965,444,0.1628,179,0.1147,-0.0719
1374dfe9-4573-4ab6-991d-16bed0a6d25c,Edward Perez,M,2239,4354,-0.1789,-0.2755,-0.0966,445,-0.0277,412,0.097,-0.2683
5d6ffa8c-1dd3-467d-82ab-f15f348a434f,Nasa Hatakeyama,M,322,630,0.0286,-0.07,-0.0986,446,0.0954,245,-0.0352,-0.0752
d708aae7-c00c-47dc-9931-dad8216076c6,Leander Lazaro,M,191,360,-0.0517,-0.151,-0.0993,447,-0.2733,708,0.0097,-0.0832
079cece3-01b2-4dd1-9e95-957b83b14cd7,Victor Rodrigo,M,411,800,0.2345,0.1339,-0.1006,448,-0.1945,639,-0.1267,-0.1421
d05d0739-3776-491b-8973-51cd4826a885,Taylor Stockton,M,198,415,-0.0628,-0.1642,-0.1014,449,0.094,248,-0.2023,0.056
69f2c636-4483-4d7b-81bd-e2ac920b88e0,Angel Hernandez,M,213,475,0.1001,-0.0025,-0.1026,450,0.0702,272,0.0,-0.1039
66d6c944-63ff-400d-a729-da58b13dced2,Vova Zverkovsky,M,270,468,-0.076,-0.1787,-0.1027,451,0.2454,112,-0.1362,0.0184
109b8cf8-56c9-4b40-9b16-e4326c55138b,Nguyen Thang,M,246,534,-0.041,-0.1439,-0.1028,453,-0.032,423,-0.2149,0.0709
9ca93d3c-68c2-4d4f-a534-fc4b00bfe362,Collin Vero-Casavant,M,157,285,-0.072,-0.1748,-0.1028,452,-0.0449,448,-0.1817,0.0204
37e3c67c-bc80-4057-af95-b15bcc682ac7,Jake Walker,M,209,336,0.0804,-0.0228,-0.1031,454,-0.102,529,-0.2055,0.006
ef8fa89c-c1aa-45f6-ad44-6900d0161013,Austin Walker,M,209,336,0.0804,-0.0228,-0.1031,455,-0.1021,530,-0.2055,0.006
e2466ee7-aaa4-4c6a-a288-63e717054640,Bret Berryman,M,1391,2674,-0.0733,-0.1785,-0.1052,456,0.0089,364,-0.1607,-0.0991
98c2531f-f5ce-48b5-b251-eb69425d409c,Jillian Braverman,F,597,1269,0.4379,0.3316,-0.1063,457,-0.4979,786,-0.2286,-0.1233
89d0497d-bd25-485e-a32c-872afa95b3d5,Mary Monson,F,360,788,-0.0133,-0.1205,-0.1073,458,0.1918,153,0.0722,-0.2029
f40135fa-ed68-4d6f-9dbd-a9fb0a210e4b,Justin Slattery,M,237,460,-0.0631,-0.1714,-0.1082,459,0.11,226,-0.1053,-0.0422
1072c348-fd0a-4303-9dc3-be20c9736074,Jessica Jones,F,349,729,-0.3309,-0.4392,-0.1083,460,0.4035,42,-0.0194,0.0174
8085a986-b03a-4c96-9d50-a42d3cba3934,Jacob Bolkowy,M,162,282,0.0372,-0.0718,-0.109,461,-0.054,459,0.0,-0.0883
3d81052b-beb5-43a8-9941-a5595a0be3c8,Brianna Kemp,F,271,472,-0.045,-0.1546,-0.1096,462,-0.0292,416,-0.0397,-0.0986
0763ffeb-1b1f-41c5-ab37-d17b66e50b50,Phuc Huynh,M,471,1013,0.1263,0.0163,-0.11,464,-0.5294,789,-0.1659,-0.1412
1dcfe215-9845-4590-9432-8a3087e748af,Brittany Levkulich,F,419,810,-0.2705,-0.3805,-0.11,463,0.1876,157,-0.1065,-0.0668
79046b96-4601-4443-ad6a-b1d2451be668,Rachel Summers,F,1125,2319,-0.1746,-0.2847,-0.1101,465,-0.0447,445,-0.1635,-0.0526
cfb42bdb-d0a0-4fc7-b1ea-a77c40aff2d2,Mota Alhouni,M,1693,3539,0.0384,-0.074,-0.1124,466,-0.1442,588,-0.0646,-0.1984
42f928d1-d33d-4f8a-b6f4-90d785e60cbe,Parker Dyer,M,152,215,0.0383,-0.075,-0.1133,467,-0.0727,485,0.0302,-0.1767
87d60b6f-6f2e-4610-ab89-487e8acc097e,Mya Bui,F,2356,4519,0.0282,-0.0855,-0.1137,468,-0.2311,672,-0.2859,-0.0306
33fd646f-21cf-4475-a4e1-5064b97b5917,Athilla Miasara Bt Azizul Azhar,F,188,358,-0.2325,-0.3469,-0.1144,469,0.4393,34,0.0685,-0.0648
d0513962-42f2-40e9-904e-b5b615587b98,Janaye Sakkas,F,246,527,-0.0266,-0.1411,-0.1145,470,0.0963,243,0.0,-0.141
2f28b85f-2645-4f75-8571-67335413387b,Morgan Downing,F,216,502,-0.0932,-0.2086,-0.1154,471,0.3198,71,0.046,-0.1318
2e0acd0d-95a3-49c3-8648-720ed0fbc7d5,Lingwei Kong,F,2702,5467,0.0949,-0.0214,-0.1162,472,-0.2905,727,-0.2139,-0.167
28df3b18-505d-45b2-ad6d-c773c0dbd0b1,Breaden Brooks,M,160,348,-0.0784,-0.195,-0.1166,473,0.0599,288,-0.1353,0.0233
a552ba50-5178-4107-aec6-ab9c0a0989b3,Aizec Olson,M,211,476,0.0166,-0.1001,-0.1167,474,0.169,175,0.0,-0.1461
cdb01e3a-b0e0-449b-a7c5-278127f2cd61,Mary McGowan,F,669,1293,-0.1278,-0.2463,-0.1185,475,-0.1243,554,0.1579,-0.3751
dca3335c-a2fa-4863-b26c-a2e587de7534,Maebry Jones,F,294,687,-0.0144,-0.1341,-0.1197,476,0.092,253,-0.1793,0.0401
47690bb2-18cf-4172-889a-1f9cc5bb6d9d,Amir Tabatabaeian,M,228,463,-0.1108,-0.2306,-0.1198,477,0.0023,378,-0.2878,0.1885
11989ea1-e653-42f9-91ce-13f1a78c0b4f,Lucas Coutinho,M,272,485,0.0151,-0.1057,-0.1208,478,-0.0637,473,-0.1062,0.0039
3760b164-aabd-4893-b5a1-91a4eef558c1,Callan Dawson,M,1774,3477,0.0839,-0.0384,-0.1223,479,-0.2887,726,-0.2267,-0.1423
eb7c3159-99e3-41d6-988f-71443cda0a75,Austin White,M,245,556,-0.0058,-0.1288,-0.123,480,0.0351,331,-0.2846,0.2038
95015a41-423e-4439-94ee-84e275c45787,Stephen Preissler,M,190,448,-0.0333,-0.1565,-0.1232,481,-0.2597,697,-0.0726,0.0
9eb2503a-b18e-42e2-986d-6c8ee07d0a36,Cade Pierson,F,496,1009,-0.0883,-0.2117,-0.1233,482,-0.0875,506,-0.246,0.1524
12b298bc-6545-409a-ba9d-bd5b2d6f0e00,Sepand (sep) Attar,M,202,433,-0.0687,-0.1923,-0.1236,483,0.0717,271,0.1483,-0.2998
3aaa968d-90ed-4a57-bc29-938a618b6aa9,Jamie Haas,F,854,1672,0.0981,-0.026,-0.1241,484,-0.2691,704,-0.0789,-0.1618
0a84556e-30f6-4500-8c95-a9ccbc51c7b1,Leah J,F,177,326,-0.1321,-0.2573,-0.1251,485,0.288,87,-0.1414,0.0756
d0d6d65c-6a52-4676-8c71-281d29a8db01,Harrison Brown,M,243,511,-0.0075,-0.1331,-0.1256,486,-0.0385,435,-0.0504,-0.1625
7bee4b61-53bf-41c1-a04f-1be4ade890ad,Sabrina Palavra,F,197,398,-0.1491,-0.2766,-0.1275,487,0.3355,61,-0.1344,-0.0083
1abf464c-e8fc-472b-b1c8-f42a5c1fc02a,Natalie Hur,F,718,1409,-0.1283,-0.2561,-0.1278,488,-0.2313,673,0.0202,-0.1628
4c87b545-c39a-482a-aa24-0ce2951f20d8,Connie Lee,F,465,934,0.0166,-0.1117,-0.1283,489,-0.0813,496,0.2517,-0.3927
7afc02f4-1e87-45c2-a101-0d48ecc05f8d,Martin Stanchev,M,240,525,0.0403,-0.088,-0.1283,490,-0.2848,720,-0.0486,-0.055
f2a996de-50a0-4d1d-b16f-f6450daa4a1e,Kelsey Laurente,F,491,986,0.0897,-0.0402,-0.13,491,-0.3099,739,-0.3894,0.087
276c3b2a-2dca-4124-a404-18ab4d412dcb,Jordan Bridge,M,273,483,-0.1525,-0.2826,-0.1301,492,0.0952,246,-0.0994,-0.137
4be45b4a-461b-43e3-b0a4-33effdc2248a,Dalia Garza,F,326,734,-0.1372,-0.2682,-0.131,493,0.2696,95,0.0422,-0.052
b43c46a3-0b98-4fdb-aa93-6c3982761aeb,Rob Hutchins,M,170,383,0.0021,-0.1296,-0.1316,494,0.1022,232,-0.2606,0.0759
d6adc70a-8e20-4c7d-93f1-026f368c6210,Louis Laville,M,261,622,-0.0239,-0.1557,-0.1317,495,0.0238,340,-0.0826,0.0031
be74032b-1035-4ece-bf4f-773b45da4d58,Mehvish Safdar,F,1910,3679,0.0054,-0.1267,-0.1321,496,-0.1571,596,-0.2062,-0.0098
c844b814-8025-407b-becf-3c96ea4b19a6,Preston Gordon,M,310,521,-0.0486,-0.1809,-0.1323,497,-0.168,607,0.0047,-0.1334
6518ca38-f4c7-4fd8-84e1-38a7904132c2,Sharienne Ricardo,F,228,520,-0.2282,-0.3616,-0.1334,498,0.2,145,0.0541,-0.1957
68c97127-3873-41f9-a1ec-9bb608a7a74a,Nicolas Almeida,M,288,556,0.0915,-0.0442,-0.1357,499,0.0271,336,0.2354,-0.2971
c4ca8085-84ed-451f-81c0-6df4a1c8d59f,Dominique Schaefer,F,1550,3116,0.0723,-0.0641,-0.1364,500,-0.299,733,-0.1791,-0.195
d0a30dc1-a7d7-475c-bfc9-d55e0aa8e7e3,Ethan Bakalinsky,M,579,1165,-0.0764,-0.2132,-0.1368,501,-0.1266,557,-0.1303,0.0098
61e0ca34-5642-40bd-9eaf-acd7ea93480a,Marcel Chan,M,230,473,0.1023,-0.0348,-0.1371,502,-0.0823,501,-0.0946,-0.1122
1936f665-e630-462a-bd89-0dcfcf7c9e6b,Indigo Dagnall,M,443,846,-0.0331,-0.1729,-0.1398,505,-0.1268,558,-0.242,-0.0784
5e5e27c7-e3bf-479b-b339-4276a5fa5516,Jolie Lam,F,153,282,-0.0911,-0.2308,-0.1398,503,0.0653,281,-0.1901,0.0436
9d55617e-fe7a-4d1c-8bda-3637647ff5cc,Jonny Pickleball Andrews,M,782,1580,-0.2172,-0.357,-0.1398,504,0.1512,190,0.0307,-0.1192
33116bdf-0bf4-4281-bbd8-6f4090e9312c,Kara Wheatley,F,439,868,-0.0251,-0.1657,-0.1405,506,-0.1488,594,-0.1374,-0.1004
b3f6f49d-bc24-44fd-8068-4e5971e9d61a,Daniel Miron,M,888,1713,-0.032,-0.173,-0.1411,507,-0.1356,575,-0.0516,-0.2275
18ee08e4-2965-4966-a1a4-257d66f0bdfa,Jessica Haywood,F,491,914,-0.0052,-0.1488,-0.1436,508,-0.021,405,-0.2378,0.1371
8bfb2660-cdda-43fb-81cb-5ff420c9f86e,Jae Centonze,M,232,532,-0.0397,-0.1847,-0.1449,509,-0.0659,478,0.0544,-0.1554
237778ff-378f-4f99-82cb-cc3bb7b5d02e,Caleb Herrick,M,159,293,0.0591,-0.0861,-0.1452,510,0.0092,363,-0.0524,-0.0308
78a3a6aa-7466-4741-9247-1d6636afcff9,Cheyenne Jones,F,197,398,-0.1182,-0.2646,-0.1464,511,0.2318,121,-0.2432,-0.0189
cbd1cfb1-5a03-4181-bbbd-67689238cf50,Johan Nilsson,M,225,478,-0.0146,-0.1612,-0.1467,512,0.0627,286,-0.0505,-0.1364
7d1a5320-aaee-46b1-a912-da2edd195248,Rika Fujiwara,F,297,561,-0.0335,-0.1818,-0.1484,513,-0.0141,397,0.052,-0.2195
f843b220-41cb-4203-831b-6aac32b8f02a,Riley Inn,M,844,1663,0.0734,-0.0752,-0.1486,514,-0.2864,722,-0.1959,-0.1527
988e88e7-a3e0-4d04-8d2a-a26802cbbe8e,Rachel Janssen,F,310,720,0.0489,-0.1012,-0.15,515,0.1375,201,-0.059,-0.0798
33fcb3fe-f32a-4b52-9f31-4d2225c9b126,Jemere Plummer,M,219,502,0.0204,-0.1299,-0.1503,516,-0.0817,499,-0.1772,0.1149
ad6e69ff-7913-4b21-86dd-9489f749be01,Paula Rives,F,1753,3522,0.0651,-0.0875,-0.1527,517,-0.274,709,-0.0767,-0.2696
dd1fe72e-5c35-47ea-8996-1f6a3c0c5538,Justin Fullmer,M,219,488,-0.062,-0.2149,-0.153,518,0.1741,172,-0.2141,0.0233
4e3bcf37-c264-475d-b956-7c3992d3d7fd,Brandon Nsekpong,M,858,1599,-0.0608,-0.2146,-0.1538,519,-0.1201,546,-0.0518,-0.2838
72b85855-dcb3-4d14-931f-edd3c0b097a0,Madison Grollman,F,293,590,0.0347,-0.1198,-0.1545,520,-0.379,765,-0.0234,-0.2439
d9ce8a56-7c25-4d42-9f9b-964a5a02e537,Elliot Markowitz,M,212,417,-0.1111,-0.2666,-0.1554,521,0.0361,329,0.1619,-0.2635
f0484f0e-f240-4b6f-9da5-b6dba3fa370e,Kenta Miyoshi,M,1014,1997,0.02,-0.1367,-0.1567,522,-0.2419,681,-0.1159,-0.2566
666db10a-f8de-4310-a988-cb0005f38a30,Edgaras Zilys,M,223,445,-0.0212,-0.1783,-0.1571,523,-0.1776,619,0.019,-0.1386
6b446a3b-76f2-4d55-8c84-94ea8bdde2ac,Andrew Wang,M,249,462,-0.0468,-0.2042,-0.1574,525,0.1282,211,-0.1343,-0.0273
f03d156f-3d8a-4830-a5d1-ae4372ad5009,Wesley Burrows,M,2279,4457,-0.0216,-0.179,-0.1574,524,-0.1113,541,-0.2082,-0.2459
574957ae-e8d5-486e-aabc-a1cc6a392f8d,Jalina Ingram,F,2363,4761,0.0807,-0.0789,-0.1595,526,-0.299,732,-0.2997,-0.0912
b14dd745-7463-4dc1-acbd-7ab1b32af58d,Anna Clarice Patrimonio,F,156,301,-0.001,-0.1606,-0.1596,527,0.0899,255,-0.2274,0.1232
a179a271-6190-4516-b19c-ae7ba47d5821,Drake Palm,M,526,1012,0.1458,-0.0141,-0.16,528,-0.2115,660,-0.0872,-0.118
0ccab93d-398c-40a8-821f-07a2ded79dde,Zoeya Khan,F,1823,3688,0.0122,-0.148,-0.1602,529,-0.1692,608,-0.3138,-0.0376
c32446f8-bb47-4d48-8d5b-26aba4b20cb2,Trang Huynh,F,494,1008,-0.0222,-0.1826,-0.1604,530,-0.2944,730,-0.0243,-0.2496
f13c20c3-1fed-4a9e-abec-f3f3bf1f8f91,Anne-Sophie Courteau,F,849,1666,0.0623,-0.0989,-0.1612,531,-0.1299,564,-0.3103,0.1548
db21a8a7-2a8d-4601-9c95-f00c80a982f0,Miguel Alda,M,563,1038,0.103,-0.0597,-0.1627,532,-0.1471,593,-0.1717,-0.1188
f6e249dc-5bb9-483a-a99f-df364df93341,Kelly Goodnow,F,655,1311,0.1616,-0.0033,-0.1649,533,-0.221,669,-0.3939,0.0174
358376d4-f156-492c-b4c6-0bd3f5a69f86,Justin Dages,M,199,398,0.0299,-0.1355,-0.1654,534,0.0979,242,-0.1428,0.0328
798294b4-02e6-4c16-b3f6-9337758ae915,Kendall Kikkawa,M,192,443,0.0361,-0.13,-0.1661,536,-0.201,645,-0.1409,-0.1101
c3066b2d-fc90-4774-a571-cde5fc5583d4,Chloe Diskin,F,588,1147,-0.1553,-0.3214,-0.1661,535,-0.1703,611,-0.1179,-0.1218
4e82e645-294f-424e-b1e7-28f93e2cb7cc,Benjamin Bramblett,M,329,713,-0.1881,-0.3548,-0.1667,537,0.2603,100,-0.1616,0.0356
40c23f2e-99c3-4c87-8cc6-32f8b2d7b334,Carolina Mayorga-Perry,F,316,585,0.0159,-0.151,-0.1669,538,-0.0958,523,-0.2063,-0.1062
ad13ca35-c83d-4c06-8555-7b4f20b416bc,Noah Zwiren,M,162,294,0.0269,-0.14,-0.1669,539,-0.1306,567,0.1331,-0.3048
493d192e-3eff-4058-8f2f-fa84530b5a39,Easton Horricks,M,596,1238,0.0568,-0.1104,-0.1673,540,-0.0595,469,-0.18,0.0421
1d5698ad-f0a1-4ff7-8321-6c166069946e,Pally Ray,M,646,1277,-0.227,-0.3949,-0.1679,541,-0.0369,428,0.0625,-0.2069
c14774e8-bb9b-4512-a867-fb4aed28941d,Harrison Yee,M,431,886,-0.1193,-0.2876,-0.1683,542,0.0081,368,-0.2736,0.0666
d70642e4-3d95-430a-a537-acc04e56c97d,Dustin Boyer,M,363,775,0.1051,-0.0635,-0.1686,543,-0.1961,642,-0.184,-0.1386
8b7405b5-f3bc-4e32-bfbc-cc2e14f7454c,Jose Martinez,M,706,1348,0.0211,-0.1486,-0.1697,544,-0.2053,651,0.0247,-0.3122
3a48d245-8dea-460b-9eba-0b4fe7abc1dc,Amir Evgamukov,M,182,341,0.1289,-0.0413,-0.1703,545,-0.1884,631,-0.1598,-0.0398
d554d53f-5941-46e9-b02f-a56cb2d4a04d,Camila Garcia Wright,F,322,649,0.2495,0.0784,-0.1711,546,-0.3148,745,-0.0873,-0.2847
acf4ae69-cc7f-4a30-a613-c8ca0b80e11c,Zachary Grabovic,M,173,343,0.085,-0.0867,-0.1718,547,-0.1738,616,-0.05,-0.2145
d36e9231-a965-46ae-9a8a-7ce05416805c,Joshua Reason,M,376,774,-0.0549,-0.2267,-0.1718,548,-0.0641,474,-0.1198,-0.0872
7864fbf6-245b-40e7-af07-0fb16958c3c1,Kamden Bradstreet,M,322,618,-0.0274,-0.1994,-0.172,549,-0.1425,584,0.1598,-0.2681
756a7a13-a3d8-4d89-8afb-e2071ec6dc82,Lauren Mercado,F,360,720,0.1456,-0.0267,-0.1723,550,-0.1434,586,-0.2372,-0.0747
c4542ad5-6e33-408f-b457-75535f5bd72a,Adrian Garza,M,228,469,-0.1133,-0.2864,-0.1731,551,0.0497,306,-0.1317,0.0042
469e5fa1-ea76-4286-bdf8-ddd2d18aab5a,Emma Van Hee,F,546,1110,-0.0704,-0.247,-0.1766,552,-0.189,633,-0.0881,-0.0851
2c1692a6-0fa2-47b0-9d2b-e12b5c054ef4,Janet Liu,F,563,1162,-0.1352,-0.3123,-0.1771,553,-0.0898,510,-0.1462,-0.0256
77deb777-2c7f-42a3-9ed0-856a13d4e3cc,Hsieh Chen-An,M,413,884,-0.2143,-0.3919,-0.1775,554,0.0399,323,0.209,-0.2424
f2f22110-2d83-4a94-9e5b-811d3b01898c,Clayton Boydston,M,682,1319,-0.0471,-0.2251,-0.178,555,0.0271,337,-0.2624,0.0137
5046c75e-a79b-4902-8d4a-d92bd3c58e9b,Aryaan Bhatia,M,466,912,0.031,-0.1477,-0.1787,556,-0.2004,644,-0.1899,-0.0775
26ef815c-33ef-404d-a3b8-f0a26c240109,Stephen Madonia,M,1251,2711,-0.0503,-0.2296,-0.1793,557,-0.107,536,-0.1923,-0.1833
b6928a70-4384-418f-87d9-76ae2637ea69,Bryce Larson,M,522,1137,-0.1546,-0.3362,-0.1815,558,0.0615,287,0.0693,-0.2247
aabcf6ba-177f-4f35-ade3-0ea5de2f193f,Ben Slive,M,443,881,0.093,-0.0888,-0.1818,559,-0.1706,612,0.0275,-0.3093
8aac4bf9-2442-48f4-83c1-589b0a00b071,Mulima Mulenga,M,160,331,-0.0176,-0.1997,-0.182,560,0.2502,107,-0.2,0.0
6ecac506-64e3-44ea-b82f-689fad6865e0,Tya Karina,F,368,779,-0.0771,-0.2593,-0.1822,561,0.0129,357,-0.2354,-0.0442
964141f0-2f93-4294-a303-c41735341b46,Allie Davis,F,321,617,-0.0818,-0.2661,-0.1842,562,0.0986,237,0.0923,-0.129
02a3c8ae-fb47-4b82-8001-b33d9446a90e,Robert Laidlaw,M,647,1318,0.1498,-0.038,-0.1878,563,-0.3474,757,-0.1249,-0.2384
23a8af5a-fed3-445d-99aa-1a5f69a05ff6,Brie Aldridge,F,723,1534,-0.15,-0.3383,-0.1884,564,0.0185,346,0.0292,-0.1761
947ad32d-852b-4b3f-b488-c1f20147f44a,Brian Kerr,M,267,593,-0.0354,-0.2241,-0.1887,565,0.0847,262,-0.2437,0.0338
11ed643d-b6df-4198-a0b1-bee4fb905625,Mihae Kwon,F,627,1331,0.1018,-0.0873,-0.189,566,-0.1809,621,-0.0634,-0.259
ac8ceab0-87e0-4d34-8f30-ca2b5c01bbad,Keaten Kappes,M,584,1119,-0.1244,-0.315,-0.1906,567,-0.0649,475,0.056,-0.3953
571d4503-e073-4580-a555-be3c7f93c59c,Chuck Taylor,M,2387,4573,-0.013,-0.2044,-0.1914,568,-0.1375,577,-0.2228,-0.3348
d57934e4-fe65-4168-8fd7-26da1b07cb2d,Michelle Murphy,F,484,977,-0.1361,-0.3291,-0.193,569,-0.0482,452,-0.1572,-0.068
0c3263ce-a370-475e-8cd7-32414ea409dd,Ben Cawston,M,235,399,-0.0999,-0.2932,-0.1933,570,-0.1224,549,-0.1302,0.0047
6e24f405-954d-487e-a419-eb2f5c87ec2f,Nguyen Huy,M,265,556,-0.0018,-0.1991,-0.1973,571,-0.096,525,-0.1393,-0.047
7d2587cd-0152-4be3-9b29-25d06e5d93c3,Jay Wang,M,167,345,0.0237,-0.174,-0.1977,572,-0.0943,517,-0.0604,-0.176
070be5dd-2dcf-44b6-b2e7-37d9fbd29aa2,Adalynn Lund,F,374,742,-0.0751,-0.2745,-0.1994,573,0.0149,354,-0.1815,0.0418
4adbb03a-4a62-4a76-9a3a-c11357556ba9,Robert Stirling,M,418,885,0.1671,-0.0329,-0.1999,574,-0.4294,774,-0.1481,-0.2985
8cefb109-0044-4545-a5c3-0cfb4df51612,Tavon Morrow,M,673,1396,0.0889,-0.112,-0.2009,575,-0.2074,655,-0.1961,-0.1864
ad45f02d-1352-4922-8228-76179833d104,Colin Wong,M,331,632,-0.1061,-0.307,-0.2009,576,0.1037,230,-0.3854,0.0622
660a75bf-df9f-4da0-ba25-07abf3e50b4b,Mikael Vollbach,M,284,606,0.1261,-0.075,-0.2011,577,-0.2322,675,-0.1847,-0.1396
c971bb40-090b-4e47-be58-905495e38401,Miles Hoover,M,1411,2938,0.1221,-0.0802,-0.2024,578,-0.2192,668,-0.3691,-0.1937
4ebf78a8-2d54-451d-a45f-42544f6a60f1,Kayla Nesbitt,F,177,398,0.021,-0.1827,-0.2037,579,-0.0315,422,-0.2634,0.0
2cff4f24-1547-4fe0-af74-9e3412f1ba71,Sam Querrey,M,669,1373,-0.005,-0.2098,-0.2048,580,-0.1461,591,-0.3653,-0.0525
b65efb9d-3466-4500-986d-ed13e9bb25f5,Elise Fortino,F,154,298,0.0113,-0.1936,-0.2049,581,0.1176,220,-0.0219,-0.1905
5bdaf230-63a7-41cb-8fcd-d774ec99d51e,Victoria Nguyen,F,447,879,-0.1836,-0.3892,-0.2056,582,0.0488,308,-0.169,-0.0402
41c769d6-a3de-4db0-b7b7-cec7c5dee51c,Ishan Balakrishnan,M,167,325,0.0933,-0.1134,-0.2067,584,0.0252,338,-0.1423,-0.1977
906cfb51-866b-461e-8794-bdad7c46cb22,Brittni Tonnessen,F,170,329,-0.1316,-0.3383,-0.2067,583,0.1413,199,-0.0016,-0.1402
a991a28b-3f46-4367-854e-6e5ed5132056,Matthew Nesbitt,M,175,343,0.0987,-0.1084,-0.207,585,-0.1402,579,0.0,-0.1884
ab3af95f-cc49-4ff2-a731-668dd10a6b50,Farzin Amiri,M,566,1061,-0.0215,-0.2292,-0.2076,586,-0.143,585,-0.0975,-0.3187
08208add-da5e-4a73-adb0-f1a86bf28153,Alex Guy,M,406,770,-0.0898,-0.2976,-0.2078,587,-0.1313,570,-0.3359,0.0865
e4adde58-d9a0-4f1c-afb4-96bbc7f33d22,Benjamin Grant,M,332,686,-0.0997,-0.3079,-0.2082,588,0.0896,256,0.066,-0.1857
df443e1a-4508-4b35-917b-2780cf0ff6c8,Eddy Kim,M,199,435,0.3094,0.1011,-0.2084,589,-0.2457,684,-0.3054,-0.0075
9d80e298-b7d6-4094-988d-6dd488a91c52,Matt Rucinski,M,243,519,0.1675,-0.0413,-0.2087,590,-0.2572,695,-0.0736,-0.1263
bca78de4-9ff3-4dba-b182-6765f2a40fcc,Neil Mediratta,M,367,639,-0.0096,-0.2186,-0.209,591,0.0201,345,0.223,-0.4147
53eadec7-a6b1-4ce3-9825-d76affdc3f4f,Juan Varon,M,769,1486,0.1752,-0.0345,-0.2097,592,-0.3561,760,-0.1693,-0.1913
bcc72b93-5072-475b-a088-e8cffc39af23,Mason Durbin,M,176,322,0.0265,-0.184,-0.2104,593,-0.1709,613,-0.0663,-0.2504
21ed6c0a-6f07-4e74-afae-9e2218085daf,Levi Daniel,M,410,822,-0.0485,-0.259,-0.2105,594,-0.1119,542,-0.03,-0.1551
67374341-3f7d-4434-95fe-7b6e826e6ca4,Kevin Dong,M,210,431,0.0656,-0.1453,-0.2109,595,-0.1027,531,-0.0936,-0.1384
4f142e8d-9a57-41cb-a89b-5b4c3af752fa,Ella Boydston,F,994,2049,-0.0352,-0.2468,-0.2116,596,-0.3343,754,-0.1502,-0.1495
1c565be0-8543-4679-8dad-1bc917b2f41c,Alexandre Gauthier,M,177,361,-0.1121,-0.3257,-0.2136,597,0.1739,173,-0.267,0.0869
18dd2b8c-d93c-43eb-be75-a64bcf36f486,Julia Ronney,F,554,1198,-0.0186,-0.2325,-0.214,598,-0.107,537,0.0271,-0.2619
c58f8822-c9f6-4480-90f7-09ec5b810736,Mia Turcsany,F,286,574,-0.1968,-0.414,-0.2172,599,0.1535,187,-0.134,-0.0615
14f68da3-a855-4656-a618-81b5d8ff6bec,Jarryd Woog,M,253,487,-0.0178,-0.2354,-0.2176,600,-0.1837,625,-0.187,-0.1806
0ac11983-04a4-49b8-80b6-afbc7453465e,George Bulger,M,198,403,0.0047,-0.2146,-0.2193,601,0.221,130,-0.1028,-0.1787
9068b689-e580-4d2f-ac56-8c57d54a7c11,Eli Trumeter,M,155,314,-0.0174,-0.2372,-0.2197,602,0.0152,352,-0.0762,-0.2002
6ae70906-53f3-49ed-a7a1-8d967a528300,Chas Howard,M,219,402,0.0876,-0.1326,-0.2202,603,-0.076,488,-0.175,-0.1896
6aa6ce7a-8246-4bfd-9d8a-a67bb5f95257,Bao Duong,M,211,410,-0.2559,-0.4769,-0.221,604,0.19,154,-0.2726,0.0455
56f0b269-240a-42cb-b404-0b0bf747ad98,Dylan Lewis,M,294,656,0.0948,-0.1293,-0.2241,605,-0.2124,662,-0.0253,-0.2211
ce10eeaa-0854-4c37-ab63-73f16bed85bc,Syed Uzair Sufi,M,492,986,-0.0481,-0.2723,-0.2242,606,-0.1416,582,-0.1975,-0.0321
c3012322-e95e-4e38-a0d8-106f9e236869,Keilly Ulery,F,1252,2542,-0.1015,-0.326,-0.2245,607,-0.1306,568,0.056,-0.4156
26898786-4fd1-4dd9-bc18-a5c515a6b0ef,Maverick Messinger,M,284,573,0.0554,-0.1711,-0.2265,608,-0.1207,547,-0.0691,-0.2783
c00d1e76-0116-49f5-b0b4-9b518b9cd628,MJ Marrero,,209,520,-0.0108,-0.2395,-0.2286,609,0.0925,251,-0.3627,0.0904
722347d4-487c-473f-aec0-f856533f520d,Brookes Jones,M,327,700,0.0843,-0.1464,-0.2306,610,0.1216,216,-0.1609,-0.1345
ab0e7256-6f4e-43de-b85d-6bfab0bbc41d,Brayden Nguyen,M,295,580,-0.0024,-0.2331,-0.2307,611,-0.0553,461,-0.0989,-0.0783
3b7dc75e-0c73-4576-872a-a32e27106d67,Cole Whitaker,M,246,511,0.0553,-0.1778,-0.2331,612,-0.1695,609,-0.3506,0.145
8983be9d-1de3-4ae2-a6ed-1584a478bc33,William Owens,M,258,446,0.028,-0.2065,-0.2345,613,-0.0743,487,-0.2375,0.0354
fdbc0750-8ded-4bfe-9657-4b84779dcee6,Tiffany Wang,F,167,362,0.0426,-0.192,-0.2346,614,0.1853,159,-0.2181,0.0974
4e73b5b4-d734-4258-91cf-b678d08200a9,Maria Ford,F,332,667,0.0163,-0.2185,-0.2348,615,-0.13,565,-0.1947,-0.143
d1467954-5b55-4724-9cd5-4d8dd54f2fc0,Jake Benjamin,M,178,321,0.0844,-0.1507,-0.235,616,0.1257,213,-0.1291,-0.1414
71c8bad4-9344-41c3-b0bc-86675b6f38d9,Evie Kenna,F,386,748,-0.047,-0.2831,-0.2361,617,-0.1235,552,-0.0409,-0.2534
ef6713e4-bbb0-4f41-b874-15c7fe79d5e6,Charlotte Wasson,F,155,285,0.0112,-0.225,-0.2361,618,0.29,86,0.0,-0.2692
7a300520-8298-4458-8968-db478e23e9be,Tobias Moreno,M,331,726,-0.0301,-0.2687,-0.2386,619,-0.144,587,-0.1066,-0.2233
1bb4e304-37c1-43eb-b223-6eb45ab3b78a,Madeline Schulte,F,680,1450,-0.0859,-0.3251,-0.2392,620,-0.0581,465,-0.0343,-0.3031
ea90bdd7-53bf-4892-8bc9-802c55feee1e,Ruben A Gonzales Jr,M,347,638,0.1276,-0.1124,-0.24,621,-0.0809,494,0.0201,-0.3214
8172788a-eec8-4064-90ee-a01dd09e2729,Jaikin Gomez,M,828,1746,0.1408,-0.1002,-0.241,622,-0.1328,572,-0.0364,-0.3935
6392c4f6-2b1d-4595-b7ff-9958bed31ff4,Ronan Camron,M,175,367,0.1387,-0.1026,-0.2414,623,-0.2926,728,-0.1464,-0.2182
b70cca60-0d9b-45e7-9327-ec95e850d1e2,William Hart,M,298,559,-0.1609,-0.403,-0.242,624,-0.2559,693,-0.3063,0.0694
4798e757-53f5-4e52-92aa-98172c8f7862,Roos Van Reek,F,336,638,0.1767,-0.0654,-0.2421,625,-0.5538,792,-0.1529,-0.2713
16e2bfc0-c047-47a9-851d-1cc79ad3f7b1,Chase Womack,M,480,944,0.0208,-0.2227,-0.2435,626,-0.1796,620,-0.3749,0.1201
2a1c197a-eede-4639-9fbf-1133d648f7c7,Demetric Marrero Jr,M,475,982,-0.0987,-0.3425,-0.2437,627,-0.1211,548,-0.4028,0.0818
bb20d284-a077-49bd-8409-a3452e3067f3,Kevin Caulfield,M,509,997,-0.0781,-0.3227,-0.2446,628,-0.093,515,-0.0762,-0.2911
5d73e0b9-a7f9-4521-961b-8d79742ee23f,Albert Wan,M,555,1080,0.0103,-0.2349,-0.2452,629,-0.1671,606,-0.3701,-0.0709
34df6ae0-3b15-474c-81a9-63bebc580ed7,Brian Bonilla,M,248,494,0.0011,-0.2448,-0.2459,630,-0.02,402,-0.1037,-0.1631
22839b0d-41bf-4830-8f1e-0da170ebc723,Haley Ferguson,F,470,954,-0.0661,-0.3121,-0.246,631,-0.0951,521,-0.3418,-0.0451
8af41b49-c25b-4103-bf60-fa36ab5fc278,Chase Ora,M,249,509,0.0274,-0.22,-0.2474,632,0.0075,369,-0.4614,0.1517
c83efa76-ad13-43d0-a6b4-1a9dbc4bcbf1,Sammy Melin,F,176,326,0.1225,-0.1274,-0.2499,633,-0.0068,389,0.0,-0.2451
deb34ab5-bc2e-4fda-894e-600a62ca0fa7,Michael Shaw,M,203,446,-0.0114,-0.2625,-0.2512,634,-0.2058,652,-0.2001,-0.0485
cfca938e-f09c-4712-bb3f-2b88df706c8c,Nhật Minh T,M,201,474,0.0064,-0.2455,-0.2519,635,-0.0298,419,-0.2391,-0.0046
16deb566-c508-4f05-84d9-a01fb527a005,Michael I,M,154,268,0.185,-0.0672,-0.2522,636,0.0923,252,-0.0812,-0.1945
020d8ae2-4895-4135-b7dc-6f43b34c9926,David Hall,M,434,909,-0.0795,-0.3336,-0.2541,637,-0.2038,649,-0.2855,-0.095
e7139f62-049c-48e6-b08b-d8ea0fd44e82,Sydnee Metzold,F,160,317,0.2483,-0.0078,-0.256,638,-0.1725,615,-0.1452,-0.1906
623c9f3d-7974-463d-8e10-0b290ed48533,Alicia Lai,F,177,385,0.027,-0.2295,-0.2565,639,-0.0999,528,0.0,-0.2687
91846d4e-67fb-4891-87a6-bed8362b8e2c,Olivia Phillips,F,530,1074,-0.1353,-0.392,-0.2567,640,0.1892,155,-0.0988,-0.1305
49918aa2-e0c2-4736-a4b8-eb980f78f717,Filipe Parichkov,M,344,631,-0.0409,-0.298,-0.2571,641,-0.0945,518,0.0622,-0.2994
cb9ea037-f204-4216-ac56-930a01009166,Matt Burkhardt,M,637,1289,0.0098,-0.248,-0.2578,642,-0.2681,702,0.0269,-0.3854
a018902f-114c-4519-997c-4fdf52d4a0e1,Abbigal Hatton,F,1269,2634,0.0733,-0.1857,-0.259,643,-0.3084,737,-0.306,-0.2079
62865128-f55c-4c57-a35e-30834e4439b8,Bassem Kheireddin,M,465,904,0.1892,-0.0702,-0.2594,644,-0.3037,736,-0.181,-0.1773
4c974436-715d-41f0-9705-f25f108db163,Aleck Blair,M,188,405,-0.0136,-0.2736,-0.26,645,-0.0369,429,-0.0473,-0.2223
03ee9ee1-7ce1-4704-9a48-a504790e91b0,Justin Graham,M,351,691,-0.1156,-0.3769,-0.2613,646,0.0672,275,0.0186,-0.2453
f483a4bf-83ff-4e34-8629-72eed44e2662,Jeffrey Moulton,M,167,326,0.0843,-0.1783,-0.2625,647,0.2139,139,-0.2511,0.0
b924b201-a7b1-4af5-83ef-d132c2d27008,Lara Giltinan,F,646,1317,-0.0943,-0.3573,-0.263,648,-0.1351,574,-0.1425,-0.1479
68d3b279-8b2d-4055-8eb3-b28448c1f7d2,Katie Neils,F,155,278,-0.0173,-0.2816,-0.2644,649,0.1921,152,-0.1617,-0.1325
7cf93ef3-86b7-4bb4-937b-5b5dc4c72c32,Valerie R Simon,F,1138,2260,-0.0074,-0.2718,-0.2644,650,-0.1946,640,0.073,-0.4164
f932a82f-0702-44ac-9a1f-09bb5670b25c,Christian Lund,M,334,662,-0.1283,-0.3944,-0.2661,651,-0.0399,436,-0.2689,0.0884
4e220040-a533-4d43-85ba-29ad38b5a3b7,Clemens Graute,M,182,365,-0.0283,-0.2961,-0.2678,652,0.0861,260,-0.0729,-0.1933
a0582749-fb23-42cc-98ed-1915464c4814,Luke Wasson,M,1871,3810,0.0094,-0.2585,-0.2679,653,-0.2125,663,-0.2478,-0.2622
0517f4a6-2648-470e-a9ff-8cf78eee3421,Connor McCartney,M,708,1550,0.1186,-0.1513,-0.2699,654,-0.1294,562,-0.3763,-0.0547
0b75af4a-8c68-4ff7-a2f1-09bda71b5bed,Andre Mercado,M,1957,3682,-0.127,-0.3977,-0.2707,655,-0.2155,666,-0.3171,-0.2312
4553e8f7-d51d-41cd-bc23-752742441bff,Garrison Eaby,M,662,1318,0.0399,-0.2326,-0.2725,656,-0.2685,703,-0.1009,-0.2351
dba7cf49-9f57-43e3-878d-a63ced26a243,Jaeda Minniefield,F,1812,3545,-0.1143,-0.389,-0.2746,657,-0.2141,664,-0.1826,-0.1896
da1847da-b6a7-43cc-8ba1-1b6c775f29c4,Andrew Anh Pham,M,561,1126,-0.0081,-0.2839,-0.2757,658,-0.0581,466,-0.0321,-0.3307
03db4060-fcb3-41f7-83d5-7ee732dd8841,Jade Rau,F,1131,2365,-0.0138,-0.2897,-0.2759,659,-0.1774,618,-0.3967,-0.0231
7d4e35ed-83cd-4872-81da-6a78d5a7a4d4,Bryson Alexander,M,180,346,-0.0321,-0.3082,-0.2761,660,0.0214,342,-0.0226,-0.2189
89647b43-f3f5-49e6-896f-614f0175a3f5,Jackson Ayotte,M,1180,2393,0.0263,-0.2514,-0.2777,661,-0.2773,714,-0.2195,-0.2485
14425212-36dd-43e0-bd0e-518303d3a8c8,Jake Presser,M,175,333,0.1956,-0.0822,-0.2778,662,-0.1238,553,-0.1931,-0.1623
e4bf2cca-f71a-4ded-89fe-39db811423db,Jace Howard,M,633,1228,0.0147,-0.2643,-0.2789,663,-0.3113,741,-0.0611,-0.3582
37a2a373-8d3e-4177-bf1b-e6c9eaa52f5e,Natalia Simson,F,516,1081,-0.0206,-0.3004,-0.2799,664,-0.0162,399,-0.022,-0.2423
9885290a-b002-41ab-b27c-eeacbc197822,Flynn Orton,M,163,338,0.2322,-0.0488,-0.281,665,-0.4036,770,0.0101,-0.2635
19a1f7fe-1d16-418a-be95-785266ff586e,Yolena Carlon,F,260,529,0.0587,-0.2232,-0.2819,666,-0.0787,491,-0.105,-0.2164
481d9fef-ed7a-4fc9-9d19-a4f9b5a57d56,Ella Cosma,F,626,1365,-0.1972,-0.4792,-0.282,667,-0.0328,424,-0.4296,0.0301
ecd31a05-120f-4373-b5c1-21136f8f0bf1,Braden Jacobson,M,1041,2001,-0.0851,-0.3678,-0.2827,668,-0.2882,724,-0.1508,-0.2655
dd2f2fe3-5333-4036-9d88-f108bdcee3fc,Giovanna Morelli,F,1199,2704,-0.013,-0.2964,-0.2834,669,-0.2467,685,-0.208,-0.2489
086c9ee0-0aa3-4d2e-bc64-22a683f44d73,Ahmad El-Zarif,M,240,532,0.1014,-0.1825,-0.284,670,-0.1459,590,-0.0839,-0.1895
9532d3f8-9418-4b59-af95-3cc5e7c2a066,Kelly Chen,F,352,727,0.1394,-0.145,-0.2844,671,-0.1584,597,-0.0384,-0.3434
e813ca8d-346f-4071-a933-4df20663f624,Sarah Mulhern,F,218,438,0.0784,-0.2063,-0.2846,672,-0.2059,653,-0.3268,0.0411
95c0348f-d93e-44ba-b55e-4971a2d7c1c0,Scott Berke,M,259,464,0.0972,-0.1883,-0.2855,673,0.146,195,0.0725,-0.323
f8917832-134f-4323-a2f2-ac19251c6e01,Sarah Williams,F,728,1400,-0.1486,-0.4358,-0.2872,674,-0.2122,661,-0.352,-0.0844
c8e4c697-0b57-45e3-8799-227779ee5f1e,Pui Long Fan,F,357,793,-0.0659,-0.3539,-0.288,675,-0.0979,527,-0.2218,-0.0499
e1cb8dc7-930e-4fd6-8034-cdbf250ae62a,TY Parrish,M,226,461,0.0351,-0.2536,-0.2887,676,-0.2764,713,-0.0991,-0.2258
49d53a66-df0a-4419-892e-0fe6c788391e,Wendy Weston,F,490,980,-0.1302,-0.4192,-0.289,678,0.1317,207,0.0691,-0.2019
a973d880-71ca-48d1-b127-a7e23afd5a19,Matthew Mead,M,1064,2206,0.1004,-0.1886,-0.289,677,0.0048,375,-0.1922,-0.3002
cf21b2b4-0f5b-43c0-b8b1-18b64b376cd2,Lucas Pereyra,M,308,614,0.1622,-0.1268,-0.2891,679,-0.2563,694,-0.262,-0.2227
7ae4f842-ea7a-42e1-80ac-9ad235f10ed0,Lexi Jensen,F,273,561,0.0699,-0.2205,-0.2904,680,-0.0975,526,-0.1453,-0.2007
aa0157dc-6eeb-48b9-b679-d5cd6b4a5237,Ryan Sherry,M,475,932,0.0116,-0.2807,-0.2923,681,-0.1225,550,-0.2447,-0.2297
25139050-f977-4456-9545-7d63b72fa380,David Litvinov,M,995,2124,0.1718,-0.1213,-0.2931,682,-0.2527,690,-0.4489,-0.0652
4a1d619c-6252-42ec-b171-91ea42fc4c1f,Han Hyuck Chu,M,177,375,0.1285,-0.1663,-0.2948,683,-0.1404,580,-0.3531,0.0321
69633ccf-87be-4975-a578-53d6e166c91b,Wil Shaffer,M,1101,2293,-0.0427,-0.3394,-0.2967,684,-0.1367,576,-0.2162,-0.3005
73820892-5991-4711-80c5-a2411025eb75,James Kaoma,M,596,1067,0.1052,-0.1921,-0.2973,685,-0.3128,743,-0.0271,-0.3335
ece1da5c-10cc-41a6-bc48-66d82a4ea10c,Prycen Haas,M,357,627,0.1239,-0.1747,-0.2985,686,-0.2823,718,-0.1595,-0.2056
d1ca938d-f130-4aa7-a753-1004bd0661e6,Caroline Maguire,F,168,349,0.1824,-0.1162,-0.2986,687,-0.0297,418,0.0,-0.3306
d56a6779-9a18-4f34-9519-9a7c7c8b2d0e,Derek Shearer,M,429,850,0.1833,-0.1153,-0.2987,688,-0.1542,595,-0.3326,-0.0626
a63bfef8-a400-4137-bc95-0bd11ecf64db,Dylan Ciampini,F,194,440,0.0132,-0.2865,-0.2997,689,0.1323,205,-0.3023,0.0235
a0581131-7d36-4424-b7f1-a5a4eaaed30f,Cc Eleven Sacca,F,155,299,0.0542,-0.2475,-0.3017,690,-0.0201,403,0.1008,-0.3789
8a71d348-6401-4068-bedd-f4ed30460d2f,Andrew Caldarella,M,658,1260,-0.043,-0.3455,-0.3025,691,-0.2819,717,-0.4724,-0.0647
2e0c0227-6e3e-43d5-8037-7f8bd0f9b935,Gabriel Joseph,M,1187,2317,-0.024,-0.3276,-0.3035,692,-0.3129,744,-0.4519,-0.1009
dee643dc-920a-42e7-9596-7052f08cd4e8,Jamie Voelker,F,337,710,0.0053,-0.3,-0.3053,693,-0.2226,670,0.0211,-0.3069
da9631ef-607d-48b6-a8d1-1915057b4741,Davis Daniel Carvalho,M,182,317,0.2235,-0.0858,-0.3092,694,-0.3276,750,-0.1907,-0.1929
a33fae19-76c1-4ec3-9845-2b2b471baa70,Johnny Goldberg,M,757,1474,0.018,-0.2934,-0.3114,695,-0.2584,696,-0.0132,-0.3786
f91b88a1-7d1e-41ad-9782-200959faf6bd,Olivia McMillan,F,1747,3612,0.1276,-0.187,-0.3146,696,-0.3861,767,-0.3299,-0.3982
c57fd717-c267-4fb8-9be7-2f1c678a655f,Ali Amiri,M,241,465,0.1606,-0.1555,-0.3161,697,-0.4451,778,-0.193,-0.2116
7c564f89-1c58-4597-b689-e37bd0ecd511,John Thorn,M,240,439,-0.0575,-0.3737,-0.3162,698,-0.1845,628,-0.3167,0.0382
72696117-bdb1-4e90-9131-e702b3ab2dff,Brenna Murray,F,359,728,-0.0241,-0.3412,-0.3171,699,-0.1598,598,-0.3068,-0.1468
00ab134c-1282-4628-824f-88a0cea38214,Luke Cartenuto,M,222,416,0.0981,-0.2195,-0.3177,700,-0.2519,689,-0.1575,-0.2111
5ba04f05-e201-4587-9613-7761c3afc0cf,Nicole Pitts,F,238,405,0.0777,-0.2422,-0.32,701,-0.1308,569,-0.3089,-0.0955
38fdc174-96d6-459f-a27c-df35eb9f945c,Ashley Griffith,F,1953,3686,0.0187,-0.3022,-0.3209,702,-0.2742,710,-0.1225,-0.4471
e80c361b-ab9c-45a3-95ef-363bfb7ee817,Brett Clayton,M,186,348,0.2226,-0.0992,-0.3218,703,-0.2489,687,-0.0364,-0.254
25a6f570-d617-427a-9fc4-3bf6115a9a84,Hannah Blatt,F,1881,3889,-0.0479,-0.3699,-0.3219,704,-0.2075,656,-0.209,-0.3597
850116be-7d0f-4325-ab06-1f37dd3d1c7e,Steve Deakin,M,1836,3636,0.1231,-0.1995,-0.3226,705,-0.3095,738,-0.4329,-0.2894
b3edcbe7-c081-406a-b28e-3cd34988d4dd,Simone Leonard,F,681,1318,-0.0943,-0.4177,-0.3234,706,-0.0382,431,-0.0671,-0.2799
910196c3-1d57-456f-b407-bc550a2edec6,Ryan Gilbert,M,481,935,0.1862,-0.1374,-0.3235,707,-0.3621,762,-0.1872,-0.1471
3418eaf5-4176-4ed6-ac5c-c45ea36e1f82,Ashlee Candelaria,F,200,455,0.1947,-0.1297,-0.3243,708,-0.3253,749,-0.1543,-0.3759
5883c77e-d6e0-4848-9473-866396578248,Audrey Adele Brown,F,1352,2903,-0.3357,-0.6632,-0.3275,709,0.0981,240,0.0101,-0.4432
5f23308c-2443-4583-aa04-254e664a328c,HO Tam,F,556,1142,0.1231,-0.2048,-0.3279,710,-0.3314,751,-0.2711,-0.1971
1ad19b48-ae39-44aa-b2a0-5a40a6b71420,Daniel Byun,M,751,1591,-0.1366,-0.4656,-0.329,711,-0.2451,683,-0.0977,-0.2307
3b609732-aeb8-49ef-af26-4321e6e0d151,Bryanna Ojeda,F,595,1180,-0.0544,-0.3838,-0.3294,712,-0.2867,723,0.0609,-0.4452
0d659a6e-9386-45c5-a3c0-8f8ce4efaa14,Poongi Hong,M,196,396,0.0731,-0.2597,-0.3328,713,0.0474,310,-0.4413,0.2232
98915a37-fa53-445c-8c1c-974170c606d7,Ryan Eveloff,M,538,1132,-0.0081,-0.344,-0.3359,714,-0.0816,497,-0.146,-0.235
5c35babd-ded9-4e8f-a70e-5712c2a95d50,Sophia Phuong Anh Tran,F,669,1377,-0.0449,-0.381,-0.336,715,-0.2615,699,-0.1814,-0.1671
33e8c243-d1a8-4821-89cf-e15bf003e6f4,Ryan Skufca,M,250,451,0.1978,-0.1402,-0.338,716,-0.2694,706,-0.1249,-0.2104
b9078ad5-9d55-4617-9c9d-131823dfca0b,Luke Ness,M,792,1456,0.0374,-0.3044,-0.3418,717,-0.2031,647,-0.2109,-0.2641
ea0b7d06-7e9f-4786-a4ed-24da5029559f,Dale Kim,M,591,1197,0.1065,-0.2367,-0.3432,718,-0.3676,763,-0.1322,-0.4636
607ff7e3-ba06-47f2-8bdc-0f66a4a6614f,V. Mary Rivas,F,296,547,0.0553,-0.2904,-0.3457,719,-0.1304,566,-0.0496,-0.3511
36b47dfd-00db-4bf3-ae56-e6cd61e51a97,Ryan Lam,M,189,350,-0.087,-0.4345,-0.3475,720,0.0529,304,-0.0996,-0.148
8d4ab63d-f14c-4013-a97a-3789015b9bd8,Tatiana Ruhl,F,818,1690,-0.0916,-0.4392,-0.3476,721,-0.1276,559,-0.27,-0.1109
b025eccb-868e-4ce6-a4db-c1082a288b59,Maddy Rasmusen,F,1603,3106,0.0519,-0.2965,-0.3484,722,-0.4014,769,-0.4082,-0.1854
608756f6-bfc7-41b5-9cfd-5e69eacfe513,Victoria Dimuzio,F,1489,3007,0.1348,-0.2138,-0.3486,723,-0.45,779,-0.4257,-0.2934
07456e73-2a8c-4bcc-a487-7300ea9d852f,Cody Sivan,M,382,818,-0.0915,-0.4416,-0.3501,724,0.0481,309,-0.2643,-0.1309
d889476e-0b2f-4acf-a873-f7aea0b92dab,Evgeniy Kim,M,618,1343,-0.0051,-0.3596,-0.3545,725,-0.0222,406,-0.4136,-0.0847
71b69208-128b-4395-beae-129689d36204,Willy De Vilchez,M,434,794,0.1322,-0.223,-0.3552,726,-0.3397,756,-0.1353,-0.3281
7cbd7e4d-3d2c-40f8-8c09-40c271d64a73,Louie Payetta,M,316,644,0.1613,-0.1959,-0.3572,727,-0.2781,715,-0.1761,-0.344
8df7caa9-af2f-4381-833a-f56776546f88,Claudio Quinones Garcia,M,698,1371,-0.0639,-0.4297,-0.3657,728,-0.3972,768,-0.3874,-0.0766
00e04f40-f239-42cd-baaa-0800e5f7d525,Sarah Carpenter,F,215,417,0.0993,-0.2666,-0.3659,729,-0.0469,450,-0.023,-0.3254
4212e979-7692-4231-8934-d6a7042aa217,Lauren Hidalgo-Smith,F,492,956,-0.1386,-0.505,-0.3664,730,-0.2353,676,-0.2059,-0.2171
0f2bcb8e-7a61-420c-ac30-b9626b8049a6,Caitlin Klaassen,F,786,1439,0.1004,-0.2664,-0.3668,731,-0.3181,747,-0.2271,-0.1983
34270d82-e968-407d-a918-8aa57f0123a6,Elsie Hendershot,F,1053,2016,-0.0172,-0.3855,-0.3683,732,-0.4067,771,-0.1047,-0.5649
f809c1c0-fbca-4d67-9c59-23b02cbf0128,Anni Xie,F,222,445,0.1485,-0.2209,-0.3694,733,-0.0882,507,-0.3342,-0.0235
9fa6a300-42c2-4a96-b7c0-9afbe1342e59,Adair Garcia,M,719,1370,-0.0565,-0.427,-0.3705,734,-0.2097,657,-0.2619,-0.2419
8a614993-d082-4ab8-af12-348c954ff276,Emanuel Dickson,M,366,690,-0.1248,-0.4961,-0.3713,735,-0.1827,624,-0.27,-0.1201
7867cc51-11d1-471f-a8bb-9d8370b6a698,Nicholas Wade,M,706,1421,0.0918,-0.2811,-0.3729,736,-0.4337,776,-0.4382,-0.0213
52e042f4-517b-483d-a264-f2f3dfa3f940,Jimmy Terzian,M,244,542,0.0746,-0.2984,-0.373,737,0.0207,344,-0.2531,-0.1702
75b14d37-7db7-492d-8a47-fe11d5aa2f82,Mayu Ito,F,317,697,-0.2363,-0.6127,-0.3764,738,0.007,371,0.0315,-0.3454
348255bf-f94e-47cb-ab5d-95969c2bd7b9,Aiko Yoshitomi,F,1179,2329,0.1325,-0.2453,-0.3778,739,-0.2991,734,-0.5985,-0.0806
1e216feb-426b-400d-b79e-3db55899141e,Savanna Ticknor,F,385,795,0.0405,-0.3377,-0.3782,740,0.0173,347,-0.4212,-0.0265
b08631ba-76d5-4262-8d27-5b2350646c00,Tomoko Taniguchi,F,382,759,-0.0836,-0.4626,-0.379,741,-0.0042,385,-0.007,-0.3778
64a6650b-96f6-4382-8db8-9edcd7838743,Kento Tamaki,M,786,1615,0.0052,-0.3751,-0.3803,742,-0.3164,746,-0.2088,-0.3916
aa45af3b-41b0-4e03-9a17-4ca16a108df3,Vincent Rettke,M,412,874,0.061,-0.3198,-0.3808,743,-0.2646,701,-0.1703,-0.2841
e6129a52-f99b-4c66-be30-8f96d7635250,Andrew Angulo,M,234,431,-0.0342,-0.4151,-0.381,744,-0.1885,632,-0.1751,-0.2538
ad27fa70-ef8e-493c-8871-caf9afce0801,Dave Weinbach,M,366,685,-0.0748,-0.47,-0.3952,745,-0.3319,752,-0.3142,-0.0472
7969379b-12b1-4f80-8fa2-0e548c1e4127,Julian Slive,M,263,619,0.1383,-0.2581,-0.3964,746,-0.2108,659,-0.2662,-0.2403
9b5db00a-b0b7-46a5-815d-56878e28326c,Nok Yiu Tang,F,544,1156,0.2023,-0.1968,-0.3991,747,-0.4824,784,-0.2033,-0.5153
c2c74ae6-6b11-4a40-80e6-b7b924d2d83f,Matthew Finnerty,M,509,1036,-0.0438,-0.4492,-0.4054,748,-0.2634,700,-0.3777,0.0041
9684fa0b-ddad-4427-962f-ed7a309a21d4,Kasia Carr,F,199,412,0.1354,-0.2743,-0.4097,749,-0.0908,513,-0.0762,-0.3137
ab53383d-abb2-4bcf-adea-398e6c6dd36a,Cleo Bond,F,429,1020,-0.1035,-0.5133,-0.4097,750,-0.1287,561,-0.2516,-0.225
48359011-0793-437a-bfa2-b7a4c5194689,Roger Dugas,M,390,789,0.0671,-0.3469,-0.414,751,-0.2361,677,-0.2883,-0.1587
ae06a675-5997-41b0-a199-6da1bb0b49a1,Giorgia Vitale,F,411,809,0.0827,-0.3334,-0.4161,752,-0.4636,781,-0.5083,-0.1702
2a490031-a7b4-4833-8d61-b9970960d2dc,Monika Wynne,F,1043,1983,-0.0344,-0.4506,-0.4162,753,-0.2399,679,-0.0619,-0.3935
d5d2a4dc-fb77-4686-8f63-d75694831b5c,Karthik Ganesh,M,353,659,-0.0335,-0.4502,-0.4166,754,-0.4307,775,-0.2863,-0.2026
a9782e86-e5ae-46d3-9194-ac89fdaed622,Alexander Crum,M,826,1581,-0.072,-0.4918,-0.4199,755,-0.2804,716,-0.2202,-0.3424
135937d9-d132-41c5-9cfd-d2b0112288b2,Daniel Traxler,M,703,1395,0.036,-0.3861,-0.4221,756,-0.418,772,-0.2437,-0.4052
101e37db-cdb8-4c51-9630-2aecd12baa89,Jimmy Liong Kai Long,M,486,916,0.0642,-0.3616,-0.4258,757,-0.3325,753,-0.0464,-0.4301
f8b6b217-f9f8-4fd3-a71d-ae4dfcbb9c89,Ava Ignatowich,F,2080,4322,-0.1608,-0.5909,-0.4301,758,-0.2049,650,-0.351,-0.4232
c62c2081-d9ce-4750-93f5-c9163bf46f74,Yaamunan Venkatesan,M,453,865,0.0291,-0.4026,-0.4317,759,-0.1939,637,-0.0369,-0.3819
bbf16648-a08b-4864-ad42-80848523bf44,Chelsea Purcell,F,231,450,0.1944,-0.2381,-0.4326,760,-0.3127,742,-0.484,-0.069
6aa0a796-9759-40f5-9c8f-bf4461d032fb,Helena Jansen,F,963,2083,0.1658,-0.269,-0.4348,761,-0.4604,780,-0.2035,-0.6063
ab4e123b-f089-497a-ac5d-5b5065a1fcf9,Michael Coleman,M,280,521,0.2006,-0.2345,-0.4352,762,-0.2692,705,-0.1679,-0.302
a8256366-d2f9-4787-bf8c-d8e76c55fa86,Mouaad Alhouni,M,683,1399,-0.0455,-0.4811,-0.4356,764,-0.2928,729,-0.3297,-0.2931
eb3f00bd-6375-4e9f-9e4a-9a945ebdfd74,Anri Ferris,F,178,391,0.0468,-0.3888,-0.4356,763,-0.1051,535,-0.178,-0.3664
3701f5a0-aa34-4a06-a718-7b223491362e,Ethan Violette,M,344,725,-0.0584,-0.495,-0.4365,765,-0.1845,627,-0.1688,-0.3061
46f2280d-18d7-4589-9157-c5e6492099cd,Polina Libo,F,606,1251,-0.0347,-0.4779,-0.4432,766,-0.2988,731,-0.3189,-0.3334
b8339aa2-dc4f-47be-963e-6f6bf373562d,Devon Sikora,M,214,411,0.067,-0.3771,-0.4441,767,-0.1645,604,-0.2432,-0.2298
258ef186-666f-4fb3-be50-916b633c96e6,Maximilian Wild,M,878,1586,0.0421,-0.4047,-0.4468,768,-0.4436,777,-0.4666,-0.166
84a2e8e4-b4fd-4625-8011-244c37e62b72,Jessica Mason,F,1162,2336,-0.2409,-0.6891,-0.4482,769,0.1717,174,-0.2721,-0.2855
d1045e15-2ae2-4e2c-b7ba-21a326affe05,Alexa Quintanilla,F,171,322,0.229,-0.2222,-0.4512,770,-0.3803,766,-0.4239,-0.1475
edfe3f1d-98b7-4bfb-a107-01ce62316094,Dionne Lim,F,447,928,-0.1493,-0.6019,-0.4525,771,-0.1294,563,-0.2106,-0.3836
cd9ee524-11da-4099-805f-1f362f2bc468,Stevie Petropouleas,F,811,1556,-0.1119,-0.5653,-0.4534,772,-0.1632,600,-0.0311,-0.523
6e4cfa2f-6e11-4c05-9490-059d6218a579,Brett Finan,M,332,655,0.0479,-0.4117,-0.4596,773,-0.2884,725,-0.2295,-0.2671
5520bc45-676e-45a7-bf34-7d91529fdd63,Billy Buchhauser,M,330,694,0.1717,-0.2896,-0.4613,774,-0.164,602,-0.3362,-0.2419
d69ec633-93c9-4d07-8870-be9f5acd5330,Rachel Rettger,F,1723,3718,-0.0291,-0.4916,-0.4625,775,-0.2502,688,-0.5966,-0.3392
24415389-0764-4512-a3e8-ddee23d96417,Evan Zoeteman,M,155,291,0.0047,-0.4604,-0.4651,776,-0.242,682,-0.3836,-0.1325
6f149538-c6f6-4ad5-9e60-2afc100f97c1,Spartak Rahachou,M,785,1641,-0.2127,-0.6887,-0.4759,777,-0.0789,492,-0.3198,-0.3503
b046a7b0-2e97-403a-b28a-210cca13d0cc,Omar Garcia-Heredia,M,179,326,0.3712,-0.1073,-0.4785,778,-0.604,794,-0.5092,-0.1307
15156d9c-65c8-4a3c-a392-c3082975cfc4,James Broker,M,488,1005,0.2005,-0.2789,-0.4794,779,-0.3356,755,-0.2875,-0.3466
5c5c1775-a31b-4f49-b822-42afe860fd24,Stephen Bass,M,394,781,0.0503,-0.4339,-0.4842,780,-0.3548,758,-0.0113,-0.4855
12e4929d-3cf3-47ef-9b8f-4c9477a8e762,Sydney Donkena,F,323,610,-0.0286,-0.5151,-0.4864,781,-0.216,667,-0.2997,-0.1679
7ab0b456-a129-4879-86a6-05d34bd8781e,Domenika Turkovic,F,446,815,0.1066,-0.38,-0.4866,782,-0.5521,791,-0.3654,-0.1963
684de940-3788-41f6-9d4b-b843da242dae,Wesley Hanson,M,334,682,0.2593,-0.2441,-0.5034,783,-0.3584,761,-0.2507,-0.361
9db29a7a-1fce-4394-a1f0-a5fbd2bc2e7b,Jake Anderson,M,1258,2680,0.0934,-0.4352,-0.5286,784,-0.4782,783,-0.0149,-0.6451
4e39b9bd-436d-495d-99d7-c2818bbea4ab,Camila Zilveti,F,1271,2869,-0.1633,-0.7167,-0.5535,785,-0.3102,740,-0.377,-0.4834
44599572-39cc-41f6-b9c1-283a4c39649d,Nicole Kalhorn,F,158,325,0.2016,-0.3748,-0.5764,786,-0.5811,793,-0.4949,-0.3074
26b13d9f-ccab-497c-8e3a-68299be5ea70,Daniel Phillips,M,466,1011,0.1023,-0.4966,-0.5989,787,-0.489,785,-0.446,-0.3618
316a0784-5829-4fad-89a1-438e5aac2504,Jazz Hearn IV,F,329,699,0.1558,-0.4576,-0.6135,788,-0.3187,748,-0.588,-0.085
80217cca-df99-4019-a90f-385622ca057a,Zach Gonnering,M,2211,4376,-0.0641,-0.6787,-0.6146,789,-0.3765,764,-0.6795,-0.2344
2feffeaa-aca5-4c5d-aad6-62eb0d38a6be,Abigail Okelley,F,681,1392,-0.107,-0.7406,-0.6336,790,-0.2708,707,-0.1853,-0.5654
4da698bf-605d-4c6c-8566-6bfbdb6c1a24,Genie Bouchard,F,1981,4109,0.0253,-0.6087,-0.634,791,-0.518,788,-0.5341,-0.6255
22989ac3-e778-487a-ba32-a30243acd294,Christine Trifunovic,F,862,1880,-0.2451,-0.926,-0.6809,792,-0.2477,686,-0.6775,-0.1149
1e5d81dc-961d-455a-b80f-d6c30c518cde,Caden Nemoff,M,1704,3428,-0.0148,-0.7086,-0.6939,793,-0.4999,787,-0.6338,-0.5293
53b056f9-095a-40fa-881d-142629905f8a,Luana Stanciu,F,1090,2396,0.003,-0.7181,-0.7211,794,-0.5416,790,-0.6289,-0.4885
ec94501d-8b59-4236-b77d-7238f8925e48,Marcela Aguila Ampon,F,2122,4391,0.0669,-0.6631,-0.7299,795,-0.6387,795,-0.8853,-0.4253
