player_id,name,deciders,other_games,D_raw,D_null,D_adjusted,sd,z,v2_value
d50310a6-9378-4228-823f-7fb54f7bd698,Gabriel Tardio,88,650,0.03540,-0.00797,0.04337,0.02063,2.102,1.0708
d8d51930-abf9-468b-9e43-55a9c0728d58,Anouar Braham,48,402,0.04876,-0.00279,0.05154,0.02644,1.949,0.4760
9eff9049-c45c-42ee-9a49-e9a797cc2116,Cailyn Campbell,31,226,0.06594,0.00094,0.06500,0.03491,1.862,0.6217
2e0acd0d-95a3-49c3-8648-720ed0fbc7d5,Lingwei Kong,45,280,0.05193,-0.00047,0.05239,0.03013,1.739,0.5361
581183e8-3d9e-459e-b69f-7337d8b6f3d2,Andrei Daescu,102,704,0.02965,-0.00618,0.03584,0.02129,1.683,0.9750
89843e44-48fd-4a3f-b8c0-5f5aa6ae5741,Dekel Bar,92,518,0.03372,-0.00129,0.03501,0.02190,1.599,0.7618
759ecf95-26a6-4ffe-bb8b-035d3ec05f31,Matt Wright,62,392,0.03384,-0.00239,0.03623,0.02281,1.588,0.5527
1d701c30-6b5d-485f-ae97-60f3b0c50896,Zoey Weil,29,216,0.05711,0.00054,0.05657,0.03636,1.556,0.6966
45e53881-72e4-4de1-9763-c2e7f7f854ba,Andrea Koop,29,222,0.04783,-0.00062,0.04844,0.03328,1.456,0.6016
ba491f1c-0112-47a8-a348-4695289e958a,Augustus Ge,62,428,0.03194,0.00023,0.03171,0.02182,1.453,0.7419
6f862c1d-1317-4fe7-bdcd-64caa0dbb088,Ben Johns,69,744,0.02556,-0.00723,0.03278,0.02450,1.338,1.1139
43df1205-e834-4427-9f1a-4e173bf93296,Grayson Goldin,38,222,0.04962,0.00587,0.04375,0.03279,1.334,0.5538
29e8121d-6f86-4192-b7af-ab05b77b89fe,Ting Chieh Wei,35,252,0.04304,-0.00117,0.04421,0.03367,1.313,0.7522
eb14fc6e-ede1-4999-bec3-e36695e7f94e,Milan Rane,47,350,0.03548,-0.00059,0.03608,0.02786,1.295,0.7214
05b194b3-db88-4f77-a26f-5ef5cfbf6146,Riley Newman,66,432,0.02247,-0.00423,0.02670,0.02183,1.223,0.9049
e96d9339-cfb6-473d-bcb3-23f2887a3e0f,John Lucian Goins,29,198,0.03875,-0.00644,0.04519,0.03794,1.191,0.6718
f879086b-e0e5-4772-b0a6-4055c265da69,Tina Pisnik,100,636,0.02101,-0.00482,0.02583,0.02188,1.181,1.1255
89647b43-f3f5-49e6-896f-614f0175a3f5,Jackson Ayotte,28,182,0.03693,-0.00210,0.03903,0.03394,1.150,0.3267
be33755f-9262-461b-aedd-e9a7a686a82c,Jackie Kawamoto,51,352,0.02536,-0.00358,0.02895,0.02609,1.109,1.0882
f86cff72-5f9c-40b1-9f28-f28aafae245f,Wyatt Stone,60,366,0.02166,-0.00053,0.02219,0.02315,0.958,0.6431
8e2f9629-19d0-409d-81dc-b64fe2f3d3ff,Jessie Irvine,77,550,0.01917,-0.00201,0.02118,0.02211,0.958,0.7421
ce7e7707-c94e-4d33-b34a-37efe3363774,Eli Steiner,33,190,0.03809,0.00140,0.03669,0.03872,0.948,0.4580
571d4503-e073-4580-a555-be3c7f93c59c,Chuck Taylor,32,260,0.03139,0.00365,0.02773,0.02962,0.936,0.2626
1374dfe9-4573-4ab6-991d-16bed0a6d25c,Edward Perez,37,260,0.03242,0.00486,0.02756,0.02995,0.920,0.2445
5f367bee-cf3e-4aad-a6e6-72cca04d97e2,Angie Walker,55,356,0.02261,-0.00095,0.02357,0.02618,0.900,0.5542
c3012322-e95e-4e38-a0d8-106f9e236869,Keilly Ulery,32,132,0.03857,0.00096,0.03761,0.04322,0.870,0.2146
d3e486f2-7c25-4bcf-b9dd-81c14f644f60,Etienne Blaszkewycz,25,224,0.02650,-0.00373,0.03023,0.03653,0.828,0.6955
c971bb40-090b-4e47-be58-905495e38401,Miles Hoover,33,224,0.02070,-0.00253,0.02323,0.03239,0.717,0.3473
7886d6aa-2310-4ae8-9874-f0fc9c3e534f,James Delgado,54,320,0.01873,-0.00131,0.02004,0.02838,0.706,0.4910
ec4cdfe2-c6f6-4de1-824e-9adcaeb31196,Judit Castillo,37,254,0.02663,0.00464,0.02199,0.03170,0.694,0.7037
b1ab7d76-a859-4136-8405-3ed7c9be287a,Mari Humberg,66,410,0.01485,-0.00364,0.01849,0.02698,0.685,0.9922
1bb8b2c1-ca6f-45ac-afdd-fab7e77d69d4,Noe Khlif,67,426,0.01276,-0.00252,0.01528,0.02319,0.659,0.7918
ad6e69ff-7913-4b21-86dd-9489f749be01,Paula Rives,25,162,0.02319,-0.00046,0.02365,0.03636,0.651,0.4726
52726ab1-2ac9-46c0-be90-6b0e7a2d56eb,Pablo Tellez,92,520,0.01356,-0.00125,0.01480,0.02276,0.650,0.6926
62955f38-bdf5-46af-9622-13c7afe90619,Jonathan Truong,38,268,0.01806,-0.00017,0.01823,0.02842,0.641,0.6515
504e8c08-caf6-4db8-b454-11ffa321261c,Lucy Kovalova,47,368,0.01831,0.00109,0.01721,0.02757,0.624,0.7310
dc69fcde-bcda-4441-8b66-a8bafeb12ded,Joel Poland,30,202,0.01228,-0.00648,0.01877,0.03117,0.602,0.6002
6cae3a50-eee6-45ea-8b28-85ef9c50e3c4,Jade Kawamoto,47,342,0.01325,-0.00530,0.01855,0.03106,0.597,1.1558
bd061b42-2f82-4bbe-82be-d8bcfb37f9e1,JW Johnson,92,694,0.00491,-0.00716,0.01207,0.02034,0.594,1.0854
30eb9a2b-1570-473f-8cf1-0f7c9d21b303,Zane Navratil,52,302,0.01549,0.00051,0.01497,0.02724,0.550,0.5808
ce4f0e14-80ea-4ed0-a81c-7341d356d427,Yuta Funemizu,40,250,0.01540,-0.00225,0.01765,0.03272,0.539,0.7681
614e164a-4197-44eb-855c-586cf79fbfc9,Ivan Jakovljevic,50,300,0.01414,-0.00035,0.01450,0.02808,0.516,0.5163
be74032b-1035-4ece-bf4f-773b45da4d58,Mehvish Safdar,33,232,0.01691,0.00082,0.01610,0.03291,0.489,0.3571
66e1ddf7-61f6-4683-afdf-b6cc313af407,Todd Fought,32,180,0.02044,0.00382,0.01662,0.03447,0.482,0.4020
9b97206b-783a-4fab-85e9-45a6240325a5,Catherine Parenteau,55,660,0.00558,-0.00526,0.01083,0.02266,0.478,0.8946
52690a0c-ed4a-4e0b-bf69-4ef416cf7d55,Eric Oncins,62,412,0.00739,-0.00451,0.01190,0.02491,0.478,0.9479
05bf7513-7f0a-4f6b-bc11-5d4b14314d91,Tom Protzek,57,326,0.00814,-0.00451,0.01265,0.02730,0.463,0.5601
d45a3391-82f4-45d0-ba66-f1901854a8d0,Darrian Young,49,314,0.01162,0.00126,0.01036,0.02457,0.422,0.5220
925c1306-6b3b-4510-8482-f34168a0842a,Roscoe Bellamy,43,282,0.00920,-0.00260,0.01180,0.02800,0.422,0.7114
bd7773b4-7b8e-4da2-96ce-98fe3490ee93,Lindsey Newman,39,242,0.01023,-0.00211,0.01233,0.03182,0.388,0.5532
a0582749-fb23-42cc-98ed-1915464c4814,Luke Wasson,34,204,0.02005,0.00503,0.01502,0.03893,0.386,0.2608
9decd87b-03ac-4d79-a1e7-d03ca3f7519b,James Ignatowich,50,360,0.01026,0.00131,0.00894,0.02430,0.368,0.6461
4af4d4d1-9f87-4dc7-95f2-b10751d44c15,Tama Shimabukuro,37,206,0.01132,-0.00248,0.01379,0.03812,0.362,0.6376
20684550-cb89-4ea2-9e2f-0f44eb920b45,Chao Yi Wang,54,398,0.00532,-0.00258,0.00790,0.02217,0.356,0.8588
ff38654d-daae-4bad-a1a7-690e4e5706eb,Connor Garnett,74,474,0.00711,0.00003,0.00708,0.01999,0.354,0.8096
1d51becb-4ea0-4878-9660-e3fd2dfaa0ea,Ewa Radzikowska,31,214,0.00650,-0.00383,0.01033,0.03131,0.330,0.8522
9034d36a-1b11-4c9d-ad75-5c665d87b8c5,Pierina Imparato,47,270,0.01080,0.00123,0.00956,0.02981,0.321,0.4817
50908953-a944-4a34-898b-16af312bc814,Rachel Rohrabacher,77,642,-0.00031,-0.00717,0.00686,0.02240,0.306,1.1172
1dd5c313-10f5-4e0a-bb9b-699913a5abe8,Mary Brascia,53,330,0.01049,0.00358,0.00691,0.02518,0.274,0.5899
ab473dbc-8449-427a-968d-5f59bd1f65fd,Eunggwon Kim,27,144,0.00385,-0.00725,0.01110,0.04236,0.262,0.5052
65bcab7c-9c93-4dc8-a847-a34da426b933,Martina Frantova,26,234,0.01333,0.00443,0.00890,0.03516,0.253,0.6170
dbcb41e9-e983-410b-bc23-d184d034cfc0,Tyson McGuffin,74,460,0.00316,-0.00214,0.00530,0.02184,0.243,0.6494
7edb882c-6d17-4129-8208-710e3c82364c,Federico Staksrud,113,780,-0.00232,-0.00584,0.00353,0.01662,0.212,0.9050
1bab49f1-6891-4d3e-8f77-42aa4fc1d18e,Mohaned Alhouni,47,322,0.00385,-0.00189,0.00574,0.02946,0.195,0.6037
db5eef5c-99dd-49d9-bbfc-65171a366bda,Anna Bright,70,770,-0.00873,-0.01136,0.00262,0.02089,0.126,1.3267
146dd2f7-7f5d-495d-b2f1-96d433742fec,Eduardo Santini Ayon,33,208,-0.00151,-0.00396,0.00245,0.03260,0.075,0.3353
e2466ee7-aaa4-4c6a-a288-63e717054640,Bret Berryman,29,190,0.00715,0.00462,0.00253,0.03608,0.070,0.1904
a9a168ae-7822-4d31-b07b-fba40480c1fc,Brandon French,57,364,0.00270,0.00125,0.00145,0.02598,0.056,0.5871
4057f30d-d42a-4189-a158-11576fb5f52a,Blaine Hovenier,64,360,0.00170,0.00025,0.00145,0.02744,0.053,0.6497
518626d4-2600-4134-8c6a-0ae9315f9625,Cason Campbell,40,216,0.00223,0.00049,0.00175,0.03443,0.051,0.5092
763b4d27-8140-47cd-86f5-982706cd4ebb,Michael Loyd,61,338,-0.00112,-0.00193,0.00081,0.02684,0.030,0.6160
ca3c21b0-a715-40fd-bf00-c81e22d7da11,Daniel De la Rosa,36,238,0.00137,0.00100,0.00036,0.02811,0.013,0.6834
7319013d-d511-4aa5-a356-4aa2cccf94f5,Lea Jansen,71,554,-0.00202,-0.00051,-0.00151,0.02144,-0.070,0.7014
306da673-de7e-44f5-bc16-0738b44bd089,Christopher Crouch,37,212,-0.00567,-0.00236,-0.00331,0.03458,-0.096,0.5109
574957ae-e8d5-486e-aabc-a1cc6a392f8d,Jalina Ingram,31,262,0.00031,0.00370,-0.00340,0.03094,-0.110,0.4943
7b85c35f-6a90-4c61-af0b-565658feeb3c,Freddie Powell,28,166,-0.01136,-0.00736,-0.00400,0.03430,-0.117,0.5019
a3ed7970-35d2-485c-8285-187c298a2d83,Lacy Schneemann,58,480,-0.00503,-0.00218,-0.00284,0.02330,-0.122,0.8950
bc7b2475-e580-4734-bc14-814a153bec5d,Pesa Teoni,46,316,-0.00281,0.00188,-0.00469,0.02962,-0.158,0.3646
71992955-8b6f-470b-a991-796cfa56a826,Liz Truluck,46,356,-0.00397,0.00078,-0.00476,0.02738,-0.174,0.6809
55ed7e0a-ff2d-4ac2-aad6-b6772ef4f448,Layne Sleeth,36,240,-0.00644,-0.00016,-0.00627,0.03236,-0.194,0.7881
ebb2a1e0-7c6c-48a4-b994-e81edd8ddb97,Patrick Smith,33,200,-0.00494,0.00207,-0.00701,0.03340,-0.210,0.3737
719e2d3b-d10d-402d-a195-41f072214679,Isabella Dunlap,43,250,-0.01018,-0.00384,-0.00634,0.03005,-0.211,0.7124
dba7cf49-9f57-43e3-878d-a63ced26a243,Jaeda Minniefield,28,230,-0.00994,-0.00235,-0.00759,0.03263,-0.233,0.2545
80217cca-df99-4019-a90f-385622ca057a,Zach Gonnering,54,304,-0.00234,0.00440,-0.00675,0.02487,-0.271,0.0417
435e466e-22c7-4917-8cb4-ff45bbccde19,Tamaryn Emmrich,37,274,-0.00670,0.00155,-0.00825,0.02722,-0.303,0.4472
cc8832b9-9a8f-4cbc-8eff-b20e9a7ff09a,Jaume Martinez Vich,80,456,-0.00852,-0.00183,-0.00669,0.02109,-0.317,0.6923
afc0bfc9-8cd8-4600-bd45-681092186db3,Vivienne David,48,318,-0.01063,-0.00154,-0.00909,0.02825,-0.322,0.8795
3760b164-aabd-4893-b5a1-91a4eef558c1,Callan Dawson,33,180,-0.01364,-0.00152,-0.01212,0.03558,-0.341,0.5266
129b2771-34b5-4b7f-9c23-e020a6aa3e6a,Anna Leigh Waters,37,696,-0.02143,-0.01057,-0.01086,0.03146,-0.345,1.7994
dd2f2fe3-5333-4036-9d88-f108bdcee3fc,Giovanna Morelli,27,166,-0.01700,-0.00623,-0.01077,0.03091,-0.348,0.2832
12d79cbe-b5c7-4504-ab8f-f352a6bb8629,Thomas Wilson,25,144,-0.02084,-0.00474,-0.01609,0.04507,-0.357,0.8655
f91b88a1-7d1e-41ad-9782-200959faf6bd,Olivia McMillan,32,216,-0.01208,0.00096,-0.01304,0.03366,-0.387,0.4129
1de884f8-7bf7-4b49-9de8-3f1fd74cabd6,Dylan Frazier,84,544,-0.01527,-0.00765,-0.00762,0.01930,-0.395,0.7531
0b75af4a-8c68-4ff7-a2f1-09bda71b5bed,Andre Mercado,38,254,-0.01306,-0.00028,-0.01278,0.03168,-0.403,0.2609
a95df9a8-772c-4dbf-8c28-e200b7308584,Kiora Kunimoto,26,192,-0.01481,0.00004,-0.01485,0.03635,-0.408,0.5828
469988c9-b401-4c68-9e07-e1b1b104b791,Yates Johnson,39,248,-0.01007,0.00315,-0.01322,0.03176,-0.416,0.3689
8160ad59-4654-46b1-b229-8d5f2a9a45f9,Hunter Johnson,63,372,-0.01256,-0.00159,-0.01097,0.02599,-0.422,0.7204
aec5d8be-9ce0-4cc5-98a4-140fad555fe0,Donald Young,44,260,-0.00708,0.00579,-0.01287,0.02973,-0.433,0.6650
461f063e-a587-4638-bad9-421ff33d91d7,Genie Erokhina,62,352,-0.01003,0.00264,-0.01268,0.02741,-0.462,0.6853
cd7b97fc-d912-4c59-8ab3-c2d70e79d998,Lina Padegimaite,43,318,-0.01321,0.00126,-0.01447,0.03018,-0.479,0.4700
9db29a7a-1fce-4394-a1f0-a5fbd2bc2e7b,Jake Anderson,35,186,-0.01422,0.00338,-0.01760,0.03532,-0.498,0.2667
38fdc174-96d6-459f-a27c-df35eb9f945c,Ashley Griffith,36,234,-0.01629,0.00224,-0.01853,0.03569,-0.519,0.2712
0ccab93d-398c-40a8-821f-07a2ded79dde,Zoeya Khan,31,218,-0.01706,0.00101,-0.01807,0.03459,-0.522,0.3379
646f7432-e6ad-4ccf-95ee-a0e5d9514d28,Alix Truong,62,432,-0.01606,-0.00110,-0.01496,0.02602,-0.575,0.7944
b51ea0fb-c243-4427-85f8-b798febb51ff,Jorja Johnson,86,690,-0.01692,-0.00510,-0.01182,0.02004,-0.590,1.1731
06ba18e0-687b-4aa3-822d-1c86981f576b,Rafa Hewett,74,406,-0.01391,-0.00006,-0.01385,0.02277,-0.608,0.6611
f4c43443-fdff-4344-b291-274cfd26361e,Juan Benitez,34,220,-0.01831,0.00054,-0.01886,0.03027,-0.623,0.6820
0c5b84bb-4c04-4906-86bc-deb533ff4eec,Zane Ford,35,192,-0.01977,0.00069,-0.02046,0.03112,-0.657,0.3825
3d9c8684-953f-4008-b355-b6104ee56a5b,Connor Mogle,39,222,-0.02754,-0.00488,-0.02267,0.03361,-0.674,0.6884
38b1bfb1-576b-4a3e-ab6b-e8bc46031c1d,Eric Roddy,30,234,-0.01814,0.00634,-0.02448,0.03629,-0.675,0.3778
2bfe44bb-d558-411f-abeb-c8522dd42ce9,Julian Arnold,64,402,-0.01714,-0.00099,-0.01614,0.02311,-0.698,0.6190
295e343a-31a0-4e1d-a286-d62592291435,Jay Devilliers,75,446,-0.02011,-0.00277,-0.01734,0.02455,-0.706,0.9207
3af01041-5679-400a-87b8-12c01db8cec4,Kate Fahey,39,428,-0.02209,-0.00366,-0.01843,0.02575,-0.716,1.0808
e8e10ea8-2ff2-4155-9169-cc33ff8c6265,Rio Newcombe,34,228,-0.02936,-0.00356,-0.02579,0.03446,-0.748,0.4129
74afd19c-8f82-4ca2-9345-e4d693111033,Marshall Brown,40,296,-0.02162,0.00167,-0.02329,0.03103,-0.751,0.6011
50c2125b-406c-41e7-aad6-5432c7cd8e1c,AJ Koller,65,288,-0.01748,0.00244,-0.01993,0.02644,-0.754,0.4853
41118195-75b3-4b25-adc9-07991301280a,Craig Johnson,38,184,-0.02349,0.00121,-0.02471,0.03276,-0.754,0.4436
6160a7c7-6b90-41f1-96d3-af5fa1623ca5,Collin Johns,68,410,-0.01925,0.00077,-0.02002,0.02611,-0.767,0.6145
8f521dcc-1cb5-4c8d-933c-af6b267bd395,Meghan Dizon,70,542,-0.01968,-0.00141,-0.01827,0.02384,-0.767,0.8478
b025eccb-868e-4ce6-a4db-c1082a288b59,Maddy Rasmusen,26,212,-0.02400,0.00255,-0.02655,0.03428,-0.775,0.3906
3d67b6d0-063e-466c-a475-7679d0764354,Austin Bricker,44,278,-0.02983,-0.00379,-0.02604,0.03354,-0.776,0.4743
a2c56686-b330-41e4-b7e8-bda8a3ec97a8,Ryan Fu,29,230,-0.02744,-0.00256,-0.02488,0.03171,-0.784,0.6603
7464628e-931a-44c9-b0df-749a7cb32eaa,Adam Harvey,40,280,-0.02414,-0.00040,-0.02374,0.02930,-0.810,0.4740
0c1bb94d-3af2-42f4-b938-d712c707ace4,Callie Smith,70,488,-0.01838,0.00120,-0.01959,0.02409,-0.813,0.6431
f03d156f-3d8a-4830-a5d1-ae4372ad5009,Wesley Burrows,46,248,-0.02199,0.00511,-0.02710,0.03138,-0.863,0.2719
e9849183-4693-4340-abf5-f4b6f3cb226f,Martin Emmrich,56,358,-0.02402,-0.00363,-0.02039,0.02347,-0.869,0.6632
6794d224-7da3-43d9-8300-e24e731f5dea,Samantha Parker,25,178,-0.02644,0.00223,-0.02868,0.03194,-0.898,0.7293
0d23964f-d43f-4006-b1e0-13001393216c,Ross Whittaker,28,208,-0.03090,-0.00141,-0.02949,0.03194,-0.924,0.4754
b03ff4de-9b8f-46a8-a530-d8f19e9d6ec9,Max Freeman,46,252,-0.03112,-0.00241,-0.02872,0.03047,-0.942,0.6907
1e5d81dc-961d-455a-b80f-d6c30c518cde,Caden Nemoff,27,198,-0.02711,0.00527,-0.03238,0.03341,-0.969,0.0946
6a87bc44-5190-44db-8a2f-467de4de48c6,Christa Gecheva,39,274,-0.02424,0.00533,-0.02957,0.02962,-0.998,0.4966
fc05556e-3e38-4a38-99c2-f855174a7c28,Hayden Patriquin,103,708,-0.02599,-0.00721,-0.01878,0.01878,-1.000,1.0803
25a6f570-d617-427a-9fc4-3bf6115a9a84,Hannah Blatt,25,216,-0.02534,0.00972,-0.03506,0.03488,-1.005,0.1899
850116be-7d0f-4325-ab06-1f37dd3d1c7e,Steve Deakin,31,208,-0.02779,0.00820,-0.03599,0.03547,-1.015,0.3115
79a11da1-6aeb-4719-9b1e-9918e0163cec,Christian Alshon,95,698,-0.02669,-0.00714,-0.01955,0.01922,-1.018,1.0143
33292af3-984d-4752-8d18-b3a5c147e9fe,Armaan Bhatia,25,138,-0.03329,-0.00238,-0.03090,0.02954,-1.046,0.7666
c96f7a83-9cc1-4fbe-a610-126ed8e3a202,Gregory Dow,26,194,-0.04207,-0.00385,-0.03822,0.03620,-1.056,0.4427
d43db93c-6710-4a18-a406-497eb7a068ce,Spencer Smith,30,190,-0.03240,0.00307,-0.03547,0.03263,-1.087,0.4808
79ee2d66-5ba3-47cc-bc43-f489a09d2d5a,George Rangelov,36,206,-0.03986,0.00054,-0.04040,0.03628,-1.114,0.3009
676b1cbc-766c-4616-bf39-1787ffd8c72a,Etta Tuionetoa,61,478,-0.03213,-0.00437,-0.02777,0.02434,-1.141,0.8619
66a6c35b-33a2-4a23-b5db-fa53c96d643a,Kaitlyn Christian,51,406,-0.02351,0.00295,-0.02646,0.02297,-1.152,0.6287
efe9989b-5864-48c2-806c-06697024e1da,Allyce Jones,54,464,-0.03115,-0.00535,-0.02580,0.02221,-1.161,0.8269
5925398b-b2a9-4e8f-ae46-5c2b59b1b818,Nicole Conard,48,294,-0.03798,-0.00130,-0.03668,0.03056,-1.200,0.3319
a973d880-71ca-48d1-b127-a7e23afd5a19,Matthew Mead,30,156,-0.03530,0.00736,-0.04267,0.03539,-1.206,-0.0250
1728d016-1f02-4789-be73-63d12d5a5b42,Parris Todd,60,522,-0.03968,-0.00716,-0.03253,0.02650,-1.228,1.1390
88fb0858-b9c3-4620-9408-0dda0eb241ef,Tyler Loong,71,400,-0.03023,-0.00178,-0.02845,0.02259,-1.259,0.5987
76419f3a-712c-4241-8940-6f9bda847ba7,Lauren Stratman,56,396,-0.03222,-0.00140,-0.03082,0.02436,-1.265,0.6281
ead35052-7367-4296-96d4-064f546cc2b9,CJ Klinger,67,462,-0.03221,-0.00240,-0.02982,0.02231,-1.337,0.7577
3a43c56f-b9d8-4e72-ae8a-58fd69291946,Jack Sock,53,310,-0.04256,-0.00229,-0.04027,0.02999,-1.343,0.8369
06dc9b8a-5c01-49cf-bb4d-70d7b5f85acf,Brooke Buckner,57,366,-0.03670,-0.00214,-0.03455,0.02554,-1.353,0.7261
a498be96-114c-4857-9d60-4ff2a3e89434,Collin Shick,27,176,-0.05600,0.00006,-0.05607,0.03741,-1.499,0.4323
736475dd-7ccd-40d8-8b43-8c2d9ef9e674,Maggie Brascia,52,346,-0.03962,-0.00116,-0.03846,0.02474,-1.554,0.7340
fa8d5d28-d8f5-4996-8c35-0f4ca3c35bae,Anderson Scarpa,59,376,-0.04119,-0.00237,-0.03882,0.02443,-1.589,0.7082
4025f403-d676-42ee-97a1-61d9b38c211b,Allison Phillips,45,314,-0.04279,0.00160,-0.04440,0.02786,-1.593,0.6435
35f81e87-382e-41cc-9bab-687116861954,Jace Morris,31,168,-0.05982,0.00016,-0.05999,0.03627,-1.654,0.4905
7925aefe-e260-4b83-8bfc-214da1d14fb5,Travis Rettenmaier,46,284,-0.04513,0.00177,-0.04690,0.02734,-1.716,0.5578
fec65f7e-f2c8-482f-ab5b-541cf53b1064,Tyra Hurricane Black,89,696,-0.04572,-0.00619,-0.03954,0.02176,-1.817,1.0877
f76f4ac5-e3cc-4fe6-a4bc-a968b8b991b1,Alex Walker,49,328,-0.05272,0.00028,-0.05300,0.02798,-1.895,0.4325
14d61e81-14d5-4cb3-ae33-d427fbc1b4f6,Quang Duong,38,266,-0.07528,-0.00275,-0.07253,0.03008,-2.411,0.7965
