player,game,rally,player_uuid,n_frames,peak_share,peak_inc_ft,terr_mean,terr_end
Tyra Hurricane Black,"('c4eb30d0', '1')",1,fec65f7e-f2c8-482f-ab5b-541cf53b1064,63,0.708,0.0,0.438,0.5364
Christian Alshon,"('c4eb30d0', '1')",1,79a11da1-6aeb-4719-9b1e-9918e0163cec,63,0.9112,4.03,0.562,0.4636
Anna Bright,"('c4eb30d0', '1')",1,db5eef5c-99dd-49d9-bbfc-65171a366bda,63,0.5876,0.51,0.4216,0.3722
Hayden Patriquin,"('c4eb30d0', '1')",1,fc05556e-3e38-4a38-99c2-f855174a7c28,63,0.5389,0.0,0.5784,0.6278
Tyra Hurricane Black,"('c4eb30d0', '1')",2,fec65f7e-f2c8-482f-ab5b-541cf53b1064,42,0.5762,0.0,0.3806,0.3479
Christian Alshon,"('c4eb30d0', '1')",2,79a11da1-6aeb-4719-9b1e-9918e0163cec,42,0.8924,4.0,0.6194,0.6521
Anna Bright,"('c4eb30d0', '1')",2,db5eef5c-99dd-49d9-bbfc-65171a366bda,42,0.5209,0.0,0.5506,0.5608
Hayden Patriquin,"('c4eb30d0', '1')",2,fc05556e-3e38-4a38-99c2-f855174a7c28,42,0.6561,0.0,0.4494,0.4392
Christian Alshon,"('c4eb30d0', '1')",3,79a11da1-6aeb-4719-9b1e-9918e0163cec,15,0.1673,0.0,0.0,0.0
Tyra Hurricane Black,"('c4eb30d0', '1')",3,fec65f7e-f2c8-482f-ab5b-541cf53b1064,15,0.8948,4.2,1.0,1.0
Christian Alshon,"('c4eb30d0', '1')",4,79a11da1-6aeb-4719-9b1e-9918e0163cec,21,0.5212,0.0,0.3689,0.5063
Tyra Hurricane Black,"('c4eb30d0', '1')",4,fec65f7e-f2c8-482f-ab5b-541cf53b1064,21,0.6097,0.0,0.6311,0.4937
Anna Bright,"('c4eb30d0', '1')",4,db5eef5c-99dd-49d9-bbfc-65171a366bda,20,0.4491,0.0,0.5092,0.6214
Hayden Patriquin,"('c4eb30d0', '1')",4,fc05556e-3e38-4a38-99c2-f855174a7c28,20,0.7994,0.52,0.4908,0.3786
Tyra Hurricane Black,"('c4eb30d0', '1')",5,fec65f7e-f2c8-482f-ab5b-541cf53b1064,179,0.5631,0.0,0.1624,0.1416
Christian Alshon,"('c4eb30d0', '1')",5,79a11da1-6aeb-4719-9b1e-9918e0163cec,179,0.8344,3.82,0.8376,0.8584
Anna Bright,"('c4eb30d0', '1')",5,db5eef5c-99dd-49d9-bbfc-65171a366bda,103,0.5857,0.0,0.4408,0.2919
Hayden Patriquin,"('c4eb30d0', '1')",5,fc05556e-3e38-4a38-99c2-f855174a7c28,103,0.8211,0.0,0.5592,0.7081
Tyra Hurricane Black,"('c4eb30d0', '1')",6,fec65f7e-f2c8-482f-ab5b-541cf53b1064,10,0.3761,0.0,0.0,0.0
Christian Alshon,"('c4eb30d0', '1')",6,79a11da1-6aeb-4719-9b1e-9918e0163cec,10,0.6658,0.0,1.0,1.0
Anna Bright,"('c4eb30d0', '1')",6,db5eef5c-99dd-49d9-bbfc-65171a366bda,10,0.3736,0.0,0.5356,0.7333
Hayden Patriquin,"('c4eb30d0', '1')",6,fc05556e-3e38-4a38-99c2-f855174a7c28,10,0.661,0.0,0.4644,0.2667
Tyra Hurricane Black,"('c4eb30d0', '1')",7,fec65f7e-f2c8-482f-ab5b-541cf53b1064,17,0.5524,0.0,0.3711,0.3365
Christian Alshon,"('c4eb30d0', '1')",7,79a11da1-6aeb-4719-9b1e-9918e0163cec,17,0.6758,0.0,0.6289,0.6635
Hayden Patriquin,"('c4eb30d0', '1')",7,fc05556e-3e38-4a38-99c2-f855174a7c28,17,0.6429,1.04,0.7335,0.4715
Anna Bright,"('c4eb30d0', '1')",7,db5eef5c-99dd-49d9-bbfc-65171a366bda,17,0.4676,0.0,0.2665,0.5285
Tyra Hurricane Black,"('c4eb30d0', '1')",9,fec65f7e-f2c8-482f-ab5b-541cf53b1064,42,0.4884,0.0,0.5139,0.5192
Christian Alshon,"('c4eb30d0', '1')",9,79a11da1-6aeb-4719-9b1e-9918e0163cec,42,0.6439,0.0,0.4861,0.4808
Anna Bright,"('c4eb30d0', '1')",9,db5eef5c-99dd-49d9-bbfc-65171a366bda,42,0.5183,0.0,0.3569,0.2361
Hayden Patriquin,"('c4eb30d0', '1')",9,fc05556e-3e38-4a38-99c2-f855174a7c28,42,0.7879,2.53,0.6431,0.7639
Christian Alshon,"('c4eb30d0', '1')",16,79a11da1-6aeb-4719-9b1e-9918e0163cec,11,0.6088,0.0,0.4464,0.4214
Tyra Hurricane Black,"('c4eb30d0', '1')",16,fec65f7e-f2c8-482f-ab5b-541cf53b1064,11,0.4564,0.0,0.5536,0.5786
Hayden Patriquin,"('c4eb30d0', '1')",16,fc05556e-3e38-4a38-99c2-f855174a7c28,11,0.6107,0.0,0.34,0.7273
Anna Bright,"('c4eb30d0', '1')",16,db5eef5c-99dd-49d9-bbfc-65171a366bda,11,0.4137,0.0,0.66,0.2727
Christian Alshon,"('c4eb30d0', '1')",18,79a11da1-6aeb-4719-9b1e-9918e0163cec,10,0.8108,2.31,0.6532,0.4636
Tyra Hurricane Black,"('c4eb30d0', '1')",18,fec65f7e-f2c8-482f-ab5b-541cf53b1064,10,0.2739,0.0,0.3468,0.5364
Hayden Patriquin,"('c4eb30d0', '1')",18,fc05556e-3e38-4a38-99c2-f855174a7c28,9,0.6898,0.0,0.7186,0.4523
Anna Bright,"('c4eb30d0', '1')",18,db5eef5c-99dd-49d9-bbfc-65171a366bda,9,0.4313,0.0,0.2814,0.5477
Christian Alshon,"('c4eb30d0', '1')",19,79a11da1-6aeb-4719-9b1e-9918e0163cec,113,0.7489,3.82,0.6605,0.6235
Tyra Hurricane Black,"('c4eb30d0', '1')",19,fec65f7e-f2c8-482f-ab5b-541cf53b1064,113,0.7961,4.61,0.3395,0.3765
Hayden Patriquin,"('c4eb30d0', '1')",19,fc05556e-3e38-4a38-99c2-f855174a7c28,103,0.7504,2.97,0.5417,0.6544
Anna Bright,"('c4eb30d0', '1')",19,db5eef5c-99dd-49d9-bbfc-65171a366bda,103,0.5473,0.0,0.4583,0.3456
Christian Alshon,"('c4eb30d0', '1')",20,79a11da1-6aeb-4719-9b1e-9918e0163cec,19,0.6174,0.0,0.4083,0.4208
Tyra Hurricane Black,"('c4eb30d0', '1')",20,fec65f7e-f2c8-482f-ab5b-541cf53b1064,19,0.4974,0.0,0.5917,0.5792
Hayden Patriquin,"('c4eb30d0', '1')",20,fc05556e-3e38-4a38-99c2-f855174a7c28,19,0.6487,0.0,0.885,0.6265
Anna Bright,"('c4eb30d0', '1')",20,db5eef5c-99dd-49d9-bbfc-65171a366bda,19,0.4142,0.0,0.115,0.3735
Anna Bright,"('c4eb30d0', '1')",21,db5eef5c-99dd-49d9-bbfc-65171a366bda,12,0.7341,2.57,1.0,1.0
Hayden Patriquin,"('c4eb30d0', '1')",21,fc05556e-3e38-4a38-99c2-f855174a7c28,12,0.2681,0.0,0.0,0.0
Christian Alshon,"('c4eb30d0', '1')",23,79a11da1-6aeb-4719-9b1e-9918e0163cec,82,0.7056,0.76,0.5343,0.5826
Tyra Hurricane Black,"('c4eb30d0', '1')",23,fec65f7e-f2c8-482f-ab5b-541cf53b1064,82,0.4505,0.0,0.4657,0.4174
Hayden Patriquin,"('c4eb30d0', '1')",23,fc05556e-3e38-4a38-99c2-f855174a7c28,81,0.5468,0.0,0.4641,0.4564
Anna Bright,"('c4eb30d0', '1')",23,db5eef5c-99dd-49d9-bbfc-65171a366bda,81,0.6455,0.0,0.5359,0.5436
Christian Alshon,"('c4eb30d0', '1')",24,79a11da1-6aeb-4719-9b1e-9918e0163cec,70,0.7984,1.76,0.4358,0.429
Tyra Hurricane Black,"('c4eb30d0', '1')",24,fec65f7e-f2c8-482f-ab5b-541cf53b1064,70,0.5212,0.0,0.5642,0.571
Hayden Patriquin,"('c4eb30d0', '1')",24,fc05556e-3e38-4a38-99c2-f855174a7c28,70,0.7717,0.96,0.5136,0.6443
Anna Bright,"('c4eb30d0', '1')",24,db5eef5c-99dd-49d9-bbfc-65171a366bda,70,0.58,0.0,0.4864,0.3557
Tyra Hurricane Black,"('c4eb30d0', '1')",25,fec65f7e-f2c8-482f-ab5b-541cf53b1064,55,0.8621,4.14,0.4822,0.3544
Christian Alshon,"('c4eb30d0', '1')",25,79a11da1-6aeb-4719-9b1e-9918e0163cec,55,0.7607,1.95,0.5178,0.6456
Hayden Patriquin,"('c4eb30d0', '1')",25,fc05556e-3e38-4a38-99c2-f855174a7c28,25,0.546,0.0,0.4817,0.3981
Anna Bright,"('c4eb30d0', '1')",25,db5eef5c-99dd-49d9-bbfc-65171a366bda,25,0.5442,0.0,0.5183,0.6019
Christian Alshon,"('c4eb30d0', '1')",26,79a11da1-6aeb-4719-9b1e-9918e0163cec,95,0.7482,0.57,0.3664,0.4965
Tyra Hurricane Black,"('c4eb30d0', '1')",26,fec65f7e-f2c8-482f-ab5b-541cf53b1064,95,0.8251,0.0,0.6336,0.5035
Hayden Patriquin,"('c4eb30d0', '1')",26,fc05556e-3e38-4a38-99c2-f855174a7c28,75,0.8835,4.6,0.6364,0.7322
Anna Bright,"('c4eb30d0', '1')",26,db5eef5c-99dd-49d9-bbfc-65171a366bda,75,0.4468,0.0,0.3636,0.2678
Christian Alshon,"('c4eb30d0', '1')",27,79a11da1-6aeb-4719-9b1e-9918e0163cec,76,0.5775,0.0,0.2852,0.4118
Tyra Hurricane Black,"('c4eb30d0', '1')",27,fec65f7e-f2c8-482f-ab5b-541cf53b1064,76,0.8105,0.0,0.7148,0.5882
Hayden Patriquin,"('c4eb30d0', '1')",27,fc05556e-3e38-4a38-99c2-f855174a7c28,13,0.6865,0.0,0.0,0.0
Anna Bright,"('c4eb30d0', '1')",27,db5eef5c-99dd-49d9-bbfc-65171a366bda,13,0.5378,0.0,1.0,1.0
Tyra Hurricane Black,"('c4eb30d0', '1')",28,fec65f7e-f2c8-482f-ab5b-541cf53b1064,110,0.4446,0.0,0.1493,0.0592
Christian Alshon,"('c4eb30d0', '1')",28,79a11da1-6aeb-4719-9b1e-9918e0163cec,110,0.6861,0.0,0.8507,0.9408
Hayden Patriquin,"('c4eb30d0', '1')",28,fc05556e-3e38-4a38-99c2-f855174a7c28,39,0.6571,0.0,0.0107,0.0378
Anna Bright,"('c4eb30d0', '1')",28,db5eef5c-99dd-49d9-bbfc-65171a366bda,39,0.5611,0.0,0.9893,0.9622
Christian Alshon,"('c4eb30d0', '1')",33,79a11da1-6aeb-4719-9b1e-9918e0163cec,72,0.7345,3.49,0.5854,0.5251
Tyra Hurricane Black,"('c4eb30d0', '1')",33,fec65f7e-f2c8-482f-ab5b-541cf53b1064,72,0.666,0.0,0.4146,0.4749
Anna Bright,"('c4eb30d0', '1')",33,db5eef5c-99dd-49d9-bbfc-65171a366bda,71,0.6007,0.61,0.5028,0.2516
Hayden Patriquin,"('c4eb30d0', '1')",33,fc05556e-3e38-4a38-99c2-f855174a7c28,71,0.9231,5.39,0.4972,0.7484
Tyra Hurricane Black,"('c4eb30d0', '1')",37,fec65f7e-f2c8-482f-ab5b-541cf53b1064,41,0.5309,0.0,0.4003,0.3478
Christian Alshon,"('c4eb30d0', '1')",37,79a11da1-6aeb-4719-9b1e-9918e0163cec,41,0.5922,0.0,0.5997,0.6522
Hayden Patriquin,"('c4eb30d0', '1')",37,fc05556e-3e38-4a38-99c2-f855174a7c28,41,0.6293,0.0,0.549,0.5333
Anna Bright,"('c4eb30d0', '1')",37,db5eef5c-99dd-49d9-bbfc-65171a366bda,41,0.4486,0.0,0.451,0.4667
Tyra Hurricane Black,"('c4eb30d0', '1')",39,fec65f7e-f2c8-482f-ab5b-541cf53b1064,10,0.5637,0.0,0.4314,0.3706
Christian Alshon,"('c4eb30d0', '1')",39,79a11da1-6aeb-4719-9b1e-9918e0163cec,10,0.5602,0.0,0.5686,0.6294
Anna Bright,"('c4eb30d0', '1')",39,db5eef5c-99dd-49d9-bbfc-65171a366bda,9,0.4548,0.0,0.0398,0.1085
Hayden Patriquin,"('c4eb30d0', '1')",39,fc05556e-3e38-4a38-99c2-f855174a7c28,9,0.6385,0.0,0.9602,0.8915
Tyra Hurricane Black,"('c4eb30d0', '1')",40,fec65f7e-f2c8-482f-ab5b-541cf53b1064,12,0.4911,0.0,0.4857,0.4836
Christian Alshon,"('c4eb30d0', '1')",40,79a11da1-6aeb-4719-9b1e-9918e0163cec,12,0.5363,0.0,0.5143,0.5164
Anna Bright,"('c4eb30d0', '1')",40,db5eef5c-99dd-49d9-bbfc-65171a366bda,12,0.3628,0.0,0.4264,0.4272
Hayden Patriquin,"('c4eb30d0', '1')",40,fc05556e-3e38-4a38-99c2-f855174a7c28,12,0.7513,2.18,0.5736,0.5728
Christian Alshon,"('c4eb30d0', '1')",41,79a11da1-6aeb-4719-9b1e-9918e0163cec,132,0.7439,1.65,0.4153,0.6887
Tyra Hurricane Black,"('c4eb30d0', '1')",41,fec65f7e-f2c8-482f-ab5b-541cf53b1064,132,0.8699,4.21,0.5847,0.3113
Anna Bright,"('c4eb30d0', '1')",41,db5eef5c-99dd-49d9-bbfc-65171a366bda,84,0.8064,0.0,0.3565,0.5064
Hayden Patriquin,"('c4eb30d0', '1')",41,fc05556e-3e38-4a38-99c2-f855174a7c28,84,0.7419,3.28,0.6435,0.4936
Christian Alshon,"('c4eb30d0', '1')",42,79a11da1-6aeb-4719-9b1e-9918e0163cec,72,0.7255,0.29,0.5943,0.641
Tyra Hurricane Black,"('c4eb30d0', '1')",42,fec65f7e-f2c8-482f-ab5b-541cf53b1064,72,0.422,0.0,0.4057,0.359
Anna Bright,"('c4eb30d0', '1')",42,db5eef5c-99dd-49d9-bbfc-65171a366bda,68,0.91,2.8,0.5251,0.6124
Hayden Patriquin,"('c4eb30d0', '1')",42,fc05556e-3e38-4a38-99c2-f855174a7c28,68,0.6046,0.0,0.4749,0.3876
Christian Alshon,"('c4eb30d0', '1')",48,79a11da1-6aeb-4719-9b1e-9918e0163cec,180,0.6365,0.0,0.7229,0.5043
Tyra Hurricane Black,"('c4eb30d0', '1')",48,fec65f7e-f2c8-482f-ab5b-541cf53b1064,180,0.7244,0.11,0.2771,0.4957
Anna Bright,"('c4eb30d0', '1')",48,db5eef5c-99dd-49d9-bbfc-65171a366bda,82,0.5603,0.0,0.4469,0.4649
Hayden Patriquin,"('c4eb30d0', '1')",48,fc05556e-3e38-4a38-99c2-f855174a7c28,82,0.5844,0.0,0.5531,0.5351
Tyra Hurricane Black,"('c4eb30d0', '2')",50,fec65f7e-f2c8-482f-ab5b-541cf53b1064,121,0.5168,0.0,0.4676,0.45
Christian Alshon,"('c4eb30d0', '2')",50,79a11da1-6aeb-4719-9b1e-9918e0163cec,121,0.7601,2.66,0.5324,0.55
Anna Bright,"('c4eb30d0', '2')",50,db5eef5c-99dd-49d9-bbfc-65171a366bda,126,0.7143,2.09,0.5025,0.5533
Hayden Patriquin,"('c4eb30d0', '2')",50,fc05556e-3e38-4a38-99c2-f855174a7c28,126,0.7274,2.97,0.4975,0.4467
Tyra Hurricane Black,"('c4eb30d0', '2')",51,fec65f7e-f2c8-482f-ab5b-541cf53b1064,9,0.5425,0.0,0.3928,0.31
Christian Alshon,"('c4eb30d0', '2')",51,79a11da1-6aeb-4719-9b1e-9918e0163cec,9,0.6044,0.0,0.6072,0.69
Hayden Patriquin,"('c4eb30d0', '2')",51,fc05556e-3e38-4a38-99c2-f855174a7c28,10,0.6111,0.0,0.9044,0.8201
Anna Bright,"('c4eb30d0', '2')",51,db5eef5c-99dd-49d9-bbfc-65171a366bda,10,0.4311,0.0,0.0956,0.1799
Tyra Hurricane Black,"('c4eb30d0', '2')",52,fec65f7e-f2c8-482f-ab5b-541cf53b1064,3,0.3063,0.0,0.0,0.0
Christian Alshon,"('c4eb30d0', '2')",52,79a11da1-6aeb-4719-9b1e-9918e0163cec,3,0.7287,0.0,1.0,1.0
Anna Bright,"('c4eb30d0', '2')",52,db5eef5c-99dd-49d9-bbfc-65171a366bda,36,0.4173,0.0,0.2901,0.1856
Hayden Patriquin,"('c4eb30d0', '2')",52,fc05556e-3e38-4a38-99c2-f855174a7c28,36,0.9165,2.77,0.7099,0.8144
Tyra Hurricane Black,"('c4eb30d0', '2')",53,fec65f7e-f2c8-482f-ab5b-541cf53b1064,38,0.5124,0.0,0.5557,0.5595
Christian Alshon,"('c4eb30d0', '2')",53,79a11da1-6aeb-4719-9b1e-9918e0163cec,38,0.6073,0.0,0.4443,0.4405
Anna Bright,"('c4eb30d0', '2')",53,db5eef5c-99dd-49d9-bbfc-65171a366bda,38,0.509,0.0,0.4362,0.4137
Hayden Patriquin,"('c4eb30d0', '2')",53,fc05556e-3e38-4a38-99c2-f855174a7c28,38,0.6151,0.0,0.5638,0.5863
Tyra Hurricane Black,"('c4eb30d0', '2')",54,fec65f7e-f2c8-482f-ab5b-541cf53b1064,64,0.5667,0.0,0.6042,0.5369
Christian Alshon,"('c4eb30d0', '2')",54,79a11da1-6aeb-4719-9b1e-9918e0163cec,64,0.5897,0.0,0.3958,0.4631
Anna Bright,"('c4eb30d0', '2')",54,db5eef5c-99dd-49d9-bbfc-65171a366bda,65,0.4503,0.0,0.5734,0.4247
Hayden Patriquin,"('c4eb30d0', '2')",54,fc05556e-3e38-4a38-99c2-f855174a7c28,65,0.745,0.07,0.4266,0.5753
Tyra Hurricane Black,"('c4eb30d0', '2')",55,fec65f7e-f2c8-482f-ab5b-541cf53b1064,37,0.5628,0.0,0.4583,0.4029
Christian Alshon,"('c4eb30d0', '2')",55,79a11da1-6aeb-4719-9b1e-9918e0163cec,37,0.5193,0.0,0.5417,0.5971
Anna Bright,"('c4eb30d0', '2')",55,db5eef5c-99dd-49d9-bbfc-65171a366bda,36,0.427,0.0,0.5211,0.4754
Hayden Patriquin,"('c4eb30d0', '2')",55,fc05556e-3e38-4a38-99c2-f855174a7c28,36,0.6279,0.0,0.4789,0.5246
Tyra Hurricane Black,"('c4eb30d0', '2')",58,fec65f7e-f2c8-482f-ab5b-541cf53b1064,44,0.7871,0.71,0.0448,0.3147
Christian Alshon,"('c4eb30d0', '2')",58,79a11da1-6aeb-4719-9b1e-9918e0163cec,44,0.5502,0.0,0.9552,0.6853
Hayden Patriquin,"('c4eb30d0', '2')",58,fc05556e-3e38-4a38-99c2-f855174a7c28,44,0.8341,6.45,0.6756,0.5483
Anna Bright,"('c4eb30d0', '2')",58,db5eef5c-99dd-49d9-bbfc-65171a366bda,44,0.9059,6.59,0.3244,0.4517
Tyra Hurricane Black,"('c4eb30d0', '2')",59,fec65f7e-f2c8-482f-ab5b-541cf53b1064,81,0.5525,0.0,0.5646,0.4326
Christian Alshon,"('c4eb30d0', '2')",59,79a11da1-6aeb-4719-9b1e-9918e0163cec,81,0.7968,1.97,0.4354,0.5674
Hayden Patriquin,"('c4eb30d0', '2')",59,fc05556e-3e38-4a38-99c2-f855174a7c28,85,0.7164,2.72,0.5488,0.4786
Anna Bright,"('c4eb30d0', '2')",59,db5eef5c-99dd-49d9-bbfc-65171a366bda,85,0.6463,0.0,0.4512,0.5214
Christian Alshon,"('c4eb30d0', '2')",60,79a11da1-6aeb-4719-9b1e-9918e0163cec,82,0.7949,3.03,0.755,0.7909
Tyra Hurricane Black,"('c4eb30d0', '2')",60,fec65f7e-f2c8-482f-ab5b-541cf53b1064,82,0.4969,0.0,0.245,0.2091
Hayden Patriquin,"('c4eb30d0', '2')",60,fc05556e-3e38-4a38-99c2-f855174a7c28,82,0.8094,4.42,0.4333,0.5899
Anna Bright,"('c4eb30d0', '2')",60,db5eef5c-99dd-49d9-bbfc-65171a366bda,82,0.6361,2.57,0.5667,0.4101
Christian Alshon,"('c4eb30d0', '2')",61,79a11da1-6aeb-4719-9b1e-9918e0163cec,63,0.998,6.02,0.6469,0.6409
Tyra Hurricane Black,"('c4eb30d0', '2')",61,fec65f7e-f2c8-482f-ab5b-541cf53b1064,63,0.4673,0.0,0.3531,0.3591
Hayden Patriquin,"('c4eb30d0', '2')",61,fc05556e-3e38-4a38-99c2-f855174a7c28,57,0.8607,3.67,0.6244,0.7972
Anna Bright,"('c4eb30d0', '2')",61,db5eef5c-99dd-49d9-bbfc-65171a366bda,57,0.5053,0.0,0.3756,0.2028
Christian Alshon,"('c4eb30d0', '2')",62,79a11da1-6aeb-4719-9b1e-9918e0163cec,42,0.5975,0.57,0.4447,0.495
Tyra Hurricane Black,"('c4eb30d0', '2')",62,fec65f7e-f2c8-482f-ab5b-541cf53b1064,42,0.6533,1.75,0.5553,0.505
Hayden Patriquin,"('c4eb30d0', '2')",62,fc05556e-3e38-4a38-99c2-f855174a7c28,54,0.7388,4.7,0.5291,0.7176
Anna Bright,"('c4eb30d0', '2')",62,db5eef5c-99dd-49d9-bbfc-65171a366bda,54,0.7434,4.76,0.4709,0.2824
Christian Alshon,"('c4eb30d0', '2')",63,79a11da1-6aeb-4719-9b1e-9918e0163cec,67,0.7563,0.33,0.4893,0.5186
Tyra Hurricane Black,"('c4eb30d0', '2')",63,fec65f7e-f2c8-482f-ab5b-541cf53b1064,67,0.6295,0.0,0.5107,0.4814
Anna Bright,"('c4eb30d0', '2')",63,db5eef5c-99dd-49d9-bbfc-65171a366bda,79,0.4401,0.0,0.4699,0.378
Hayden Patriquin,"('c4eb30d0', '2')",63,fc05556e-3e38-4a38-99c2-f855174a7c28,79,0.6955,0.45,0.5301,0.622
Christian Alshon,"('c4eb30d0', '2')",64,79a11da1-6aeb-4719-9b1e-9918e0163cec,31,0.6539,1.0,0.5342,0.5733
Tyra Hurricane Black,"('c4eb30d0', '2')",64,fec65f7e-f2c8-482f-ab5b-541cf53b1064,31,0.479,0.0,0.4658,0.4267
Anna Bright,"('c4eb30d0', '2')",64,db5eef5c-99dd-49d9-bbfc-65171a366bda,117,0.6734,0.0,0.651,0.4661
Hayden Patriquin,"('c4eb30d0', '2')",64,fc05556e-3e38-4a38-99c2-f855174a7c28,117,0.642,0.0,0.349,0.5339
Christian Alshon,"('c4eb30d0', '2')",65,79a11da1-6aeb-4719-9b1e-9918e0163cec,48,0.631,0.0,0.2718,0.2656
Tyra Hurricane Black,"('c4eb30d0', '2')",65,fec65f7e-f2c8-482f-ab5b-541cf53b1064,48,0.8984,2.05,0.7282,0.7344
Anna Bright,"('c4eb30d0', '2')",65,db5eef5c-99dd-49d9-bbfc-65171a366bda,50,0.48,0.0,0.6407,0.4694
Hayden Patriquin,"('c4eb30d0', '2')",65,fc05556e-3e38-4a38-99c2-f855174a7c28,50,0.7927,0.0,0.3593,0.5306
Christian Alshon,"('c4eb30d0', '2')",66,79a11da1-6aeb-4719-9b1e-9918e0163cec,87,0.589,0.0,0.3628,0.5756
Tyra Hurricane Black,"('c4eb30d0', '2')",66,fec65f7e-f2c8-482f-ab5b-541cf53b1064,87,0.8487,4.24,0.6372,0.4244
Anna Bright,"('c4eb30d0', '2')",66,db5eef5c-99dd-49d9-bbfc-65171a366bda,66,0.6375,0.0,0.4223,0.5317
Hayden Patriquin,"('c4eb30d0', '2')",66,fc05556e-3e38-4a38-99c2-f855174a7c28,66,0.6091,0.0,0.5777,0.4683
Tyra Hurricane Black,"('c4eb30d0', '2')",67,fec65f7e-f2c8-482f-ab5b-541cf53b1064,20,0.5542,0.0,0.6058,0.4978
Christian Alshon,"('c4eb30d0', '2')",67,79a11da1-6aeb-4719-9b1e-9918e0163cec,20,0.6177,0.0,0.3942,0.5022
Anna Bright,"('c4eb30d0', '2')",67,db5eef5c-99dd-49d9-bbfc-65171a366bda,20,0.3727,0.0,0.6102,0.5886
Hayden Patriquin,"('c4eb30d0', '2')",67,fc05556e-3e38-4a38-99c2-f855174a7c28,20,0.795,0.94,0.3898,0.4114
Tyra Hurricane Black,"('c4eb30d0', '2')",69,fec65f7e-f2c8-482f-ab5b-541cf53b1064,5,0.5865,0.0,1.0,1.0
Christian Alshon,"('c4eb30d0', '2')",69,79a11da1-6aeb-4719-9b1e-9918e0163cec,5,0.4142,0.0,0.0,0.0
Hayden Patriquin,"('c4eb30d0', '2')",69,fc05556e-3e38-4a38-99c2-f855174a7c28,10,0.2666,0.0,0.0918,0.092
Anna Bright,"('c4eb30d0', '2')",69,db5eef5c-99dd-49d9-bbfc-65171a366bda,10,0.7354,2.42,0.9082,0.908
Tyra Hurricane Black,"('c4eb30d0', '2')",70,fec65f7e-f2c8-482f-ab5b-541cf53b1064,31,0.5278,0.0,0.5887,0.6269
Christian Alshon,"('c4eb30d0', '2')",70,79a11da1-6aeb-4719-9b1e-9918e0163cec,31,0.5793,0.0,0.4113,0.3731
Anna Bright,"('c4eb30d0', '2')",70,db5eef5c-99dd-49d9-bbfc-65171a366bda,31,0.3848,0.0,0.1679,0.1837
Hayden Patriquin,"('c4eb30d0', '2')",70,fc05556e-3e38-4a38-99c2-f855174a7c28,31,0.7851,2.95,0.8321,0.8163
Tyra Hurricane Black,"('c4eb30d0', '2')",71,fec65f7e-f2c8-482f-ab5b-541cf53b1064,3,0.5926,0.0,1.0,1.0
Christian Alshon,"('c4eb30d0', '2')",71,79a11da1-6aeb-4719-9b1e-9918e0163cec,3,0.4076,0.0,0.0,0.0
Anna Bright,"('c4eb30d0', '2')",71,db5eef5c-99dd-49d9-bbfc-65171a366bda,10,0.7295,2.3,0.8125,0.7442
Hayden Patriquin,"('c4eb30d0', '2')",71,fc05556e-3e38-4a38-99c2-f855174a7c28,10,0.2836,0.0,0.1875,0.2558
Tyra Hurricane Black,"('c4eb30d0', '2')",72,fec65f7e-f2c8-482f-ab5b-541cf53b1064,125,0.5218,0.0,0.7179,0.4177
Christian Alshon,"('c4eb30d0', '2')",72,79a11da1-6aeb-4719-9b1e-9918e0163cec,125,0.7148,0.0,0.2821,0.5823
Anna Bright,"('c4eb30d0', '2')",72,db5eef5c-99dd-49d9-bbfc-65171a366bda,63,0.6237,1.85,0.4201,0.4943
Hayden Patriquin,"('c4eb30d0', '2')",72,fc05556e-3e38-4a38-99c2-f855174a7c28,63,0.7396,2.33,0.5799,0.5057
Tyra Hurricane Black,"('c4eb30d0', '2')",73,fec65f7e-f2c8-482f-ab5b-541cf53b1064,39,0.4305,0.0,0.3845,0.4429
Christian Alshon,"('c4eb30d0', '2')",73,79a11da1-6aeb-4719-9b1e-9918e0163cec,39,0.7336,0.0,0.6155,0.5571
Anna Bright,"('c4eb30d0', '2')",73,db5eef5c-99dd-49d9-bbfc-65171a366bda,39,0.5339,0.0,0.5158,0.6237
Hayden Patriquin,"('c4eb30d0', '2')",73,fc05556e-3e38-4a38-99c2-f855174a7c28,39,0.5571,0.0,0.4842,0.3763
Tyra Hurricane Black,"('c4eb30d0', '2')",74,fec65f7e-f2c8-482f-ab5b-541cf53b1064,20,0.6074,0.0,0.9382,0.9462
Christian Alshon,"('c4eb30d0', '2')",74,79a11da1-6aeb-4719-9b1e-9918e0163cec,20,0.4619,0.0,0.0618,0.0538
Anna Bright,"('c4eb30d0', '2')",74,db5eef5c-99dd-49d9-bbfc-65171a366bda,32,0.8194,4.4,0.4122,0.3196
Hayden Patriquin,"('c4eb30d0', '2')",74,fc05556e-3e38-4a38-99c2-f855174a7c28,32,0.3607,0.0,0.5878,0.6804
Tyra Hurricane Black,"('c4eb30d0', '2')",75,fec65f7e-f2c8-482f-ab5b-541cf53b1064,24,0.5562,0.0,0.4852,0.4879
Christian Alshon,"('c4eb30d0', '2')",75,79a11da1-6aeb-4719-9b1e-9918e0163cec,24,0.5242,0.0,0.5148,0.5121
Anna Bright,"('c4eb30d0', '2')",75,db5eef5c-99dd-49d9-bbfc-65171a366bda,24,0.6445,0.0,0.4503,0.3843
Hayden Patriquin,"('c4eb30d0', '2')",75,fc05556e-3e38-4a38-99c2-f855174a7c28,24,0.4694,0.0,0.5497,0.6157
Christian Alshon,"('c4eb30d0', '2')",77,79a11da1-6aeb-4719-9b1e-9918e0163cec,33,0.8007,2.29,0.618,0.685
Tyra Hurricane Black,"('c4eb30d0', '2')",77,fec65f7e-f2c8-482f-ab5b-541cf53b1064,33,0.4836,0.0,0.382,0.315
Anna Bright,"('c4eb30d0', '2')",77,db5eef5c-99dd-49d9-bbfc-65171a366bda,34,0.6075,1.82,0.6721,0.6791
Hayden Patriquin,"('c4eb30d0', '2')",77,fc05556e-3e38-4a38-99c2-f855174a7c28,34,0.5927,0.0,0.3279,0.3209
Tyra Hurricane Black,"('c4eb30d0', '2')",78,fec65f7e-f2c8-482f-ab5b-541cf53b1064,53,0.5674,0.0,0.961,0.7259
Christian Alshon,"('c4eb30d0', '2')",78,79a11da1-6aeb-4719-9b1e-9918e0163cec,53,0.6353,0.0,0.039,0.2741
Anna Bright,"('c4eb30d0', '2')",78,db5eef5c-99dd-49d9-bbfc-65171a366bda,9,0.5239,0.0,0.4663,0.425
Hayden Patriquin,"('c4eb30d0', '2')",78,fc05556e-3e38-4a38-99c2-f855174a7c28,9,0.5491,0.0,0.5337,0.575
Tyra Hurricane Black,"('c4eb30d0', '2')",79,fec65f7e-f2c8-482f-ab5b-541cf53b1064,68,0.8161,2.87,0.4846,0.4345
Christian Alshon,"('c4eb30d0', '2')",79,79a11da1-6aeb-4719-9b1e-9918e0163cec,68,0.6843,1.4,0.5154,0.5655
Anna Bright,"('c4eb30d0', '2')",79,db5eef5c-99dd-49d9-bbfc-65171a366bda,69,0.5462,0.0,0.4804,0.4059
Hayden Patriquin,"('c4eb30d0', '2')",79,fc05556e-3e38-4a38-99c2-f855174a7c28,69,0.7892,4.81,0.5196,0.5941
Christian Alshon,"('c4eb30d0', '2')",80,79a11da1-6aeb-4719-9b1e-9918e0163cec,90,0.8437,2.13,1.0,1.0
Tyra Hurricane Black,"('c4eb30d0', '2')",80,fec65f7e-f2c8-482f-ab5b-541cf53b1064,90,0.3157,0.0,0.0,0.0
Tyra Hurricane Black,"('c4eb30d0', '2')",81,fec65f7e-f2c8-482f-ab5b-541cf53b1064,44,0.5365,0.0,0.3948,0.3745
Christian Alshon,"('c4eb30d0', '2')",81,79a11da1-6aeb-4719-9b1e-9918e0163cec,44,0.7582,1.42,0.6052,0.6255
Anna Bright,"('c4eb30d0', '2')",81,db5eef5c-99dd-49d9-bbfc-65171a366bda,46,0.4557,0.0,0.5496,0.5811
Hayden Patriquin,"('c4eb30d0', '2')",81,fc05556e-3e38-4a38-99c2-f855174a7c28,46,0.6558,0.0,0.4504,0.4189
Tyra Hurricane Black,"('c4eb30d0', '2')",82,fec65f7e-f2c8-482f-ab5b-541cf53b1064,65,0.534,0.0,0.5345,0.5621
Christian Alshon,"('c4eb30d0', '2')",82,79a11da1-6aeb-4719-9b1e-9918e0163cec,65,0.7379,3.69,0.4655,0.4379
Anna Bright,"('c4eb30d0', '2')",82,db5eef5c-99dd-49d9-bbfc-65171a366bda,65,0.5697,0.0,0.486,0.4565
Hayden Patriquin,"('c4eb30d0', '2')",82,fc05556e-3e38-4a38-99c2-f855174a7c28,65,0.6107,0.0,0.514,0.5435
Tyra Hurricane Black,"('c4eb30d0', '2')",83,fec65f7e-f2c8-482f-ab5b-541cf53b1064,94,0.5988,0.0,0.4338,0.5374
Christian Alshon,"('c4eb30d0', '2')",83,79a11da1-6aeb-4719-9b1e-9918e0163cec,94,0.7077,0.31,0.5662,0.4626
Hayden Patriquin,"('c4eb30d0', '2')",83,fc05556e-3e38-4a38-99c2-f855174a7c28,168,0.7415,3.23,0.7775,0.4813
Anna Bright,"('c4eb30d0', '2')",83,db5eef5c-99dd-49d9-bbfc-65171a366bda,168,0.5592,0.0,0.2225,0.5187
Tyra Hurricane Black,"('c4eb30d0', '2')",84,fec65f7e-f2c8-482f-ab5b-541cf53b1064,90,0.8097,3.23,0.5553,0.6857
Christian Alshon,"('c4eb30d0', '2')",84,79a11da1-6aeb-4719-9b1e-9918e0163cec,90,0.8157,6.15,0.4447,0.3143
Anna Bright,"('c4eb30d0', '2')",84,db5eef5c-99dd-49d9-bbfc-65171a366bda,91,0.6444,2.47,0.4534,0.3913
Hayden Patriquin,"('c4eb30d0', '2')",84,fc05556e-3e38-4a38-99c2-f855174a7c28,91,0.6274,1.41,0.5466,0.6087
Tyra Hurricane Black,"('c4eb30d0', '2')",85,fec65f7e-f2c8-482f-ab5b-541cf53b1064,97,0.4881,0.0,0.5154,0.4911
Christian Alshon,"('c4eb30d0', '2')",85,79a11da1-6aeb-4719-9b1e-9918e0163cec,97,0.7054,0.0,0.4846,0.5089
Hayden Patriquin,"('c4eb30d0', '2')",85,fc05556e-3e38-4a38-99c2-f855174a7c28,97,0.7264,0.0,0.3974,0.3988
Anna Bright,"('c4eb30d0', '2')",85,db5eef5c-99dd-49d9-bbfc-65171a366bda,97,0.5041,0.0,0.6026,0.6012
Tyra Hurricane Black,"('c4eb30d0', '2')",86,fec65f7e-f2c8-482f-ab5b-541cf53b1064,5,0.3737,0.0,0.0,0.0
Christian Alshon,"('c4eb30d0', '2')",86,79a11da1-6aeb-4719-9b1e-9918e0163cec,5,0.642,0.0,1.0,1.0
Hayden Patriquin,"('c4eb30d0', '2')",86,fc05556e-3e38-4a38-99c2-f855174a7c28,10,0.6513,0.0,0.4896,0.4706
Anna Bright,"('c4eb30d0', '2')",86,db5eef5c-99dd-49d9-bbfc-65171a366bda,10,0.3775,0.0,0.5104,0.5294
Tyra Hurricane Black,"('c4eb30d0', '2')",87,fec65f7e-f2c8-482f-ab5b-541cf53b1064,75,0.8336,2.52,0.5541,0.5925
Christian Alshon,"('c4eb30d0', '2')",87,79a11da1-6aeb-4719-9b1e-9918e0163cec,75,0.5741,0.0,0.4459,0.4075
Hayden Patriquin,"('c4eb30d0', '2')",87,fc05556e-3e38-4a38-99c2-f855174a7c28,63,0.8206,4.3,0.5512,0.5788
Anna Bright,"('c4eb30d0', '2')",87,db5eef5c-99dd-49d9-bbfc-65171a366bda,63,0.4636,0.0,0.4488,0.4212
Tyra Hurricane Black,"('c4eb30d0', '2')",88,fec65f7e-f2c8-482f-ab5b-541cf53b1064,52,0.4897,0.0,0.515,0.4155
Christian Alshon,"('c4eb30d0', '2')",88,79a11da1-6aeb-4719-9b1e-9918e0163cec,52,0.7303,0.52,0.485,0.5845
Hayden Patriquin,"('c4eb30d0', '2')",88,fc05556e-3e38-4a38-99c2-f855174a7c28,52,0.6906,0.0,0.5316,0.5482
Anna Bright,"('c4eb30d0', '2')",88,db5eef5c-99dd-49d9-bbfc-65171a366bda,52,0.4854,0.0,0.4684,0.4518
Christian Alshon,"('c4eb30d0', '2')",89,79a11da1-6aeb-4719-9b1e-9918e0163cec,20,0.6029,0.0,0.5169,0.3838
Tyra Hurricane Black,"('c4eb30d0', '2')",89,fec65f7e-f2c8-482f-ab5b-541cf53b1064,20,0.5758,0.0,0.4831,0.6162
Hayden Patriquin,"('c4eb30d0', '2')",89,fc05556e-3e38-4a38-99c2-f855174a7c28,20,0.6033,0.0,0.6143,0.4821
Anna Bright,"('c4eb30d0', '2')",89,db5eef5c-99dd-49d9-bbfc-65171a366bda,20,0.6084,0.0,0.3857,0.5179
Christian Alshon,"('c4eb30d0', '2')",90,79a11da1-6aeb-4719-9b1e-9918e0163cec,42,0.6646,1.57,0.5214,0.5925
Tyra Hurricane Black,"('c4eb30d0', '2')",90,fec65f7e-f2c8-482f-ab5b-541cf53b1064,42,0.6276,2.24,0.4786,0.4075
Hayden Patriquin,"('c4eb30d0', '2')",90,fc05556e-3e38-4a38-99c2-f855174a7c28,151,0.713,0.0,0.2808,0.5176
Anna Bright,"('c4eb30d0', '2')",90,db5eef5c-99dd-49d9-bbfc-65171a366bda,151,0.5648,0.0,0.7192,0.4824
Christian Alshon,"('c4eb30d0', '2')",91,79a11da1-6aeb-4719-9b1e-9918e0163cec,18,0.9042,2.42,0.6928,0.7284
Tyra Hurricane Black,"('c4eb30d0', '2')",91,fec65f7e-f2c8-482f-ab5b-541cf53b1064,18,0.2244,0.0,0.3072,0.2716
Hayden Patriquin,"('c4eb30d0', '2')",91,fc05556e-3e38-4a38-99c2-f855174a7c28,18,0.5551,0.0,0.7836,0.794
Anna Bright,"('c4eb30d0', '2')",91,db5eef5c-99dd-49d9-bbfc-65171a366bda,18,0.5749,0.0,0.2164,0.206
Christian Alshon,"('c4eb30d0', '2')",92,79a11da1-6aeb-4719-9b1e-9918e0163cec,23,0.7802,0.0,0.0998,0.1919
Tyra Hurricane Black,"('c4eb30d0', '2')",92,fec65f7e-f2c8-482f-ab5b-541cf53b1064,23,0.6572,0.0,0.9002,0.8081
Hayden Patriquin,"('c4eb30d0', '2')",92,fc05556e-3e38-4a38-99c2-f855174a7c28,51,0.6199,0.07,0.6004,0.654
Anna Bright,"('c4eb30d0', '2')",92,db5eef5c-99dd-49d9-bbfc-65171a366bda,51,0.5429,0.0,0.3996,0.346
Tyra Hurricane Black,"('c4eb30d0', '2')",93,fec65f7e-f2c8-482f-ab5b-541cf53b1064,61,0.4097,0.0,0.5185,0.5584
Christian Alshon,"('c4eb30d0', '2')",93,79a11da1-6aeb-4719-9b1e-9918e0163cec,61,0.6945,1.44,0.4815,0.4416
Hayden Patriquin,"('c4eb30d0', '2')",93,fc05556e-3e38-4a38-99c2-f855174a7c28,55,0.5355,0.0,0.4375,0.3998
Anna Bright,"('c4eb30d0', '2')",93,db5eef5c-99dd-49d9-bbfc-65171a366bda,55,0.5778,0.0,0.5625,0.6002
Tyra Hurricane Black,"('c4eb30d0', '2')",94,fec65f7e-f2c8-482f-ab5b-541cf53b1064,20,0.5453,0.0,0.532,0.4516
Christian Alshon,"('c4eb30d0', '2')",94,79a11da1-6aeb-4719-9b1e-9918e0163cec,20,0.6785,0.0,0.468,0.5484
Hayden Patriquin,"('c4eb30d0', '2')",94,fc05556e-3e38-4a38-99c2-f855174a7c28,17,0.6667,1.16,0.4368,0.4549
Anna Bright,"('c4eb30d0', '2')",94,db5eef5c-99dd-49d9-bbfc-65171a366bda,17,0.8033,0.0,0.5632,0.5451
Christian Alshon,"('c4eb30d0', '2')",95,79a11da1-6aeb-4719-9b1e-9918e0163cec,23,0.7821,3.23,0.579,0.7079
Tyra Hurricane Black,"('c4eb30d0', '2')",95,fec65f7e-f2c8-482f-ab5b-541cf53b1064,23,0.5303,0.0,0.421,0.2921
Hayden Patriquin,"('c4eb30d0', '2')",95,fc05556e-3e38-4a38-99c2-f855174a7c28,23,0.6002,1.53,0.4034,0.4185
Anna Bright,"('c4eb30d0', '2')",95,db5eef5c-99dd-49d9-bbfc-65171a366bda,23,0.4938,0.0,0.5966,0.5815
Christian Alshon,"('c4eb30d0', '2')",96,79a11da1-6aeb-4719-9b1e-9918e0163cec,29,0.6536,0.0,0.4989,0.4323
Tyra Hurricane Black,"('c4eb30d0', '2')",96,fec65f7e-f2c8-482f-ab5b-541cf53b1064,29,0.4449,0.0,0.5011,0.5677
Hayden Patriquin,"('c4eb30d0', '2')",96,fc05556e-3e38-4a38-99c2-f855174a7c28,110,0.6372,0.0,0.3808,0.749
Anna Bright,"('c4eb30d0', '2')",96,db5eef5c-99dd-49d9-bbfc-65171a366bda,110,0.4763,0.0,0.6192,0.251
Christian Alshon,"('c4eb30d0', '2')",97,79a11da1-6aeb-4719-9b1e-9918e0163cec,37,0.5943,0.0,0.5673,0.6164
Tyra Hurricane Black,"('c4eb30d0', '2')",97,fec65f7e-f2c8-482f-ab5b-541cf53b1064,37,0.535,0.0,0.4327,0.3836
Hayden Patriquin,"('c4eb30d0', '2')",97,fc05556e-3e38-4a38-99c2-f855174a7c28,37,0.9208,8.13,0.585,0.6413
Anna Bright,"('c4eb30d0', '2')",97,db5eef5c-99dd-49d9-bbfc-65171a366bda,37,1.0433,9.05,0.415,0.3587
Christian Alshon,"('c4eb30d0', '2')",98,79a11da1-6aeb-4719-9b1e-9918e0163cec,12,0.7883,1.49,0.0,0.0
Tyra Hurricane Black,"('c4eb30d0', '2')",98,fec65f7e-f2c8-482f-ab5b-541cf53b1064,12,0.2865,0.0,1.0,1.0
Hayden Patriquin,"('c4eb30d0', '2')",98,fc05556e-3e38-4a38-99c2-f855174a7c28,11,0.5263,0.0,0.6329,0.7042
Anna Bright,"('c4eb30d0', '2')",98,db5eef5c-99dd-49d9-bbfc-65171a366bda,11,0.5289,0.0,0.3671,0.2958
Tyra Hurricane Black,"('c4eb30d0', '2')",99,fec65f7e-f2c8-482f-ab5b-541cf53b1064,86,0.5505,0.0,0.366,0.4261
Christian Alshon,"('c4eb30d0', '2')",99,79a11da1-6aeb-4719-9b1e-9918e0163cec,86,0.6848,0.0,0.634,0.5739
Hayden Patriquin,"('c4eb30d0', '2')",99,fc05556e-3e38-4a38-99c2-f855174a7c28,80,0.6559,0.0,0.496,0.42
Anna Bright,"('c4eb30d0', '2')",99,db5eef5c-99dd-49d9-bbfc-65171a366bda,80,0.5243,0.0,0.504,0.58
Tyra Hurricane Black,"('c4eb30d0', '2')",100,fec65f7e-f2c8-482f-ab5b-541cf53b1064,10,0.3575,0.0,,
Christian Alshon,"('c4eb30d0', '2')",100,79a11da1-6aeb-4719-9b1e-9918e0163cec,10,0.7146,0.0,,
Hayden Patriquin,"('c4eb30d0', '2')",100,fc05556e-3e38-4a38-99c2-f855174a7c28,10,0.5921,0.0,0.9416,0.6902
Anna Bright,"('c4eb30d0', '2')",100,db5eef5c-99dd-49d9-bbfc-65171a366bda,10,0.4721,0.0,0.0584,0.3098
Tyra Hurricane Black,"('c4eb30d0', '2')",101,fec65f7e-f2c8-482f-ab5b-541cf53b1064,65,0.8048,3.01,0.5688,0.7155
Christian Alshon,"('c4eb30d0', '2')",101,79a11da1-6aeb-4719-9b1e-9918e0163cec,65,0.7101,2.83,0.4312,0.2845
Hayden Patriquin,"('c4eb30d0', '2')",101,fc05556e-3e38-4a38-99c2-f855174a7c28,68,0.7161,0.0,0.5056,0.4685
Anna Bright,"('c4eb30d0', '2')",101,db5eef5c-99dd-49d9-bbfc-65171a366bda,68,0.5175,0.0,0.4944,0.5315
Tyra Hurricane Black,"('c4eb30d0', '2')",102,fec65f7e-f2c8-482f-ab5b-541cf53b1064,10,0.5866,0.0,0.4574,0.3328
Christian Alshon,"('c4eb30d0', '2')",102,79a11da1-6aeb-4719-9b1e-9918e0163cec,10,0.5744,0.0,0.5426,0.6672
Anna Bright,"('c4eb30d0', '2')",102,db5eef5c-99dd-49d9-bbfc-65171a366bda,10,0.4588,0.0,0.0417,0.1083
Hayden Patriquin,"('c4eb30d0', '2')",102,fc05556e-3e38-4a38-99c2-f855174a7c28,10,0.5568,0.0,0.9583,0.8917
Tyra Hurricane Black,"('c4eb30d0', '2')",103,fec65f7e-f2c8-482f-ab5b-541cf53b1064,29,0.8882,1.77,0.499,0.6636
Christian Alshon,"('c4eb30d0', '2')",103,79a11da1-6aeb-4719-9b1e-9918e0163cec,29,0.7061,1.3,0.501,0.3364
Anna Bright,"('c4eb30d0', '2')",103,db5eef5c-99dd-49d9-bbfc-65171a366bda,45,0.5248,0.0,0.3916,0.25
Hayden Patriquin,"('c4eb30d0', '2')",103,fc05556e-3e38-4a38-99c2-f855174a7c28,45,0.8557,1.21,0.6084,0.75
Tyra Hurricane Black,"('c4eb30d0', '2')",104,fec65f7e-f2c8-482f-ab5b-541cf53b1064,17,0.7732,4.23,0.5207,0.6032
Christian Alshon,"('c4eb30d0', '2')",104,79a11da1-6aeb-4719-9b1e-9918e0163cec,17,0.3377,0.0,0.4793,0.3968
Anna Bright,"('c4eb30d0', '2')",104,db5eef5c-99dd-49d9-bbfc-65171a366bda,14,1.0161,7.23,0.7528,0.9368
Hayden Patriquin,"('c4eb30d0', '2')",104,fc05556e-3e38-4a38-99c2-f855174a7c28,14,0.854,7.01,0.2472,0.0632
Tyra Hurricane Black,"('c4eb30d0', '3')",110,fec65f7e-f2c8-482f-ab5b-541cf53b1064,53,0.5703,0.0,0.3717,0.5066
Christian Alshon,"('c4eb30d0', '3')",110,79a11da1-6aeb-4719-9b1e-9918e0163cec,53,0.7983,2.1,0.6283,0.4934
Hayden Patriquin,"('c4eb30d0', '3')",110,fc05556e-3e38-4a38-99c2-f855174a7c28,53,0.6951,1.32,0.5409,0.6095
Anna Bright,"('c4eb30d0', '3')",110,db5eef5c-99dd-49d9-bbfc-65171a366bda,53,0.466,0.0,0.4591,0.3905
Tyra Hurricane Black,"('c4eb30d0', '3')",112,fec65f7e-f2c8-482f-ab5b-541cf53b1064,61,0.4449,0.0,0.5074,0.472
Christian Alshon,"('c4eb30d0', '3')",112,79a11da1-6aeb-4719-9b1e-9918e0163cec,61,0.7033,1.27,0.4926,0.528
Anna Bright,"('c4eb30d0', '3')",112,db5eef5c-99dd-49d9-bbfc-65171a366bda,61,0.6958,1.01,0.6884,0.7333
Hayden Patriquin,"('c4eb30d0', '3')",112,fc05556e-3e38-4a38-99c2-f855174a7c28,61,0.5234,0.0,0.3116,0.2667
Tyra Hurricane Black,"('c4eb30d0', '3')",113,fec65f7e-f2c8-482f-ab5b-541cf53b1064,7,0.3446,0.0,0.0,0.0
Christian Alshon,"('c4eb30d0', '3')",113,79a11da1-6aeb-4719-9b1e-9918e0163cec,7,0.6754,0.0,1.0,1.0
Anna Bright,"('c4eb30d0', '3')",113,db5eef5c-99dd-49d9-bbfc-65171a366bda,10,0.3628,0.0,1.0,1.0
Hayden Patriquin,"('c4eb30d0', '3')",113,fc05556e-3e38-4a38-99c2-f855174a7c28,10,0.645,0.0,0.0,0.0
Tyra Hurricane Black,"('c4eb30d0', '3')",114,fec65f7e-f2c8-482f-ab5b-541cf53b1064,53,0.7604,2.6,0.5614,0.5193
Christian Alshon,"('c4eb30d0', '3')",114,79a11da1-6aeb-4719-9b1e-9918e0163cec,53,0.578,0.0,0.4386,0.4807
Anna Bright,"('c4eb30d0', '3')",114,db5eef5c-99dd-49d9-bbfc-65171a366bda,41,0.4851,0.0,0.3871,0.4146
Hayden Patriquin,"('c4eb30d0', '3')",114,fc05556e-3e38-4a38-99c2-f855174a7c28,41,0.6718,0.0,0.6129,0.5854
Christian Alshon,"('c4eb30d0', '3')",116,79a11da1-6aeb-4719-9b1e-9918e0163cec,54,0.5211,0.0,0.3311,0.3337
Tyra Hurricane Black,"('c4eb30d0', '3')",116,fec65f7e-f2c8-482f-ab5b-541cf53b1064,54,0.7583,1.6,0.6689,0.6663
Anna Bright,"('c4eb30d0', '3')",116,db5eef5c-99dd-49d9-bbfc-65171a366bda,52,0.5314,0.0,0.5171,0.5356
Hayden Patriquin,"('c4eb30d0', '3')",116,fc05556e-3e38-4a38-99c2-f855174a7c28,52,0.7233,0.71,0.4829,0.4644
Christian Alshon,"('c4eb30d0', '3')",118,79a11da1-6aeb-4719-9b1e-9918e0163cec,10,0.6275,0.0,1.0,1.0
Tyra Hurricane Black,"('c4eb30d0', '3')",118,fec65f7e-f2c8-482f-ab5b-541cf53b1064,10,0.3988,0.0,0.0,0.0
Hayden Patriquin,"('c4eb30d0', '3')",118,fc05556e-3e38-4a38-99c2-f855174a7c28,10,0.7191,2.46,1.0,1.0
Anna Bright,"('c4eb30d0', '3')",118,db5eef5c-99dd-49d9-bbfc-65171a366bda,10,0.341,0.0,0.0,0.0
Christian Alshon,"('c4eb30d0', '3')",120,79a11da1-6aeb-4719-9b1e-9918e0163cec,58,0.8119,2.96,0.4375,0.6539
Tyra Hurricane Black,"('c4eb30d0', '3')",120,fec65f7e-f2c8-482f-ab5b-541cf53b1064,58,0.5942,0.0,0.5625,0.3461
Hayden Patriquin,"('c4eb30d0', '3')",120,fc05556e-3e38-4a38-99c2-f855174a7c28,58,0.5878,0.0,0.4449,0.4773
Anna Bright,"('c4eb30d0', '3')",120,db5eef5c-99dd-49d9-bbfc-65171a366bda,58,0.6133,0.0,0.5551,0.5227
Christian Alshon,"('c4eb30d0', '3')",124,79a11da1-6aeb-4719-9b1e-9918e0163cec,11,0.852,2.71,0.5887,0.5832
Tyra Hurricane Black,"('c4eb30d0', '3')",124,fec65f7e-f2c8-482f-ab5b-541cf53b1064,11,0.3301,0.0,0.4113,0.4168
Hayden Patriquin,"('c4eb30d0', '3')",124,fc05556e-3e38-4a38-99c2-f855174a7c28,10,0.5017,0.0,0.4033,0.3491
Anna Bright,"('c4eb30d0', '3')",124,db5eef5c-99dd-49d9-bbfc-65171a366bda,10,0.5759,0.25,0.5967,0.6509
Tyra Hurricane Black,"('c4eb30d0', '3')",126,fec65f7e-f2c8-482f-ab5b-541cf53b1064,9,0.8043,3.57,0.9833,0.902
Christian Alshon,"('c4eb30d0', '3')",126,79a11da1-6aeb-4719-9b1e-9918e0163cec,9,0.3391,0.0,0.0167,0.098
Hayden Patriquin,"('c4eb30d0', '3')",126,fc05556e-3e38-4a38-99c2-f855174a7c28,10,0.3985,0.0,0.0,0.0
Anna Bright,"('c4eb30d0', '3')",126,db5eef5c-99dd-49d9-bbfc-65171a366bda,10,0.6189,0.0,1.0,1.0
Christian Alshon,"('c4eb30d0', '3')",140,79a11da1-6aeb-4719-9b1e-9918e0163cec,96,0.7345,2.43,0.6065,0.522
Tyra Hurricane Black,"('c4eb30d0', '3')",140,fec65f7e-f2c8-482f-ab5b-541cf53b1064,96,0.4616,0.0,0.3935,0.478
Anna Bright,"('c4eb30d0', '3')",140,db5eef5c-99dd-49d9-bbfc-65171a366bda,94,0.6117,0.0,0.4192,0.5112
Hayden Patriquin,"('c4eb30d0', '3')",140,fc05556e-3e38-4a38-99c2-f855174a7c28,94,0.7272,0.0,0.5808,0.4888
