player_id,platform_rating_latest,n_snapshots
001e0c99-ca33-4d77-a721-d012be8acc8e,4.6,2
001e944e-7159-46c8-afe6-63c2754d9241,5.489,5
00333c0f-cfae-404f-a137-0dca5a3d67dd,5.317,3
00e04f40-f239-42cd-baaa-0800e5f7d525,4.8,3
013ec48b-8d63-4849-840c-948862965f08,3.92,1
0142557a-6231-455b-8eee-daf5f67fc1ff,5.39,7
01896d81-137e-4ebe-b18b-8d1c3beeb375,4.459,2
01ad1002-ab3c-4f05-b99c-8c265738bd68,4.49,1
01b07975-0090-42e8-b9d3-513896e6cd31,5.334,3
01b97541-4425-4241-a2d7-7025477b293f,4.524,1
01f8bc01-6aa9-45e3-95f2-ba4250adca73,4.999,2
02a3c8ae-fb47-4b82-8001-b33d9446a90e,5.954,3
030f3afe-5d7f-471e-af4d-b7abbe4cbb16,5.292,8
0343accd-6e43-4a1b-9afb-c9aaaf2f2e68,5.348,2
034ef432-2de0-4893-b242-34baee3c73a6,4.51,3
034ef82d-e77d-43ac-b0e7-4cd9c3358104,5.04,4
03db4060-fcb3-41f7-83d5-7ee732dd8841,5.11,12
03ee9ee1-7ce1-4704-9a48-a504790e91b0,5.308,1
04158680-ebb3-4554-96a1-500cc6d00882,5.541,3
044b3243-46cf-4b7d-bd47-9f2fad3933c8,4.686,1
04ab231b-f2ab-456a-a79a-1728f29e42fa,5.132,8
0513b1c7-d2f4-4800-92c6-07484b9fb344,4.8,2
0517f4a6-2648-470e-a9ff-8cf78eee3421,5.34,16
051c6bbf-be07-499c-98ec-3ce9179ce4de,5.194,9
051f5c82-82ce-4ab8-b4f8-36976638a89b,5.716,27
05b194b3-db88-4f77-a26f-5ef5cfbf6146,6.575,26
05bf7513-7f0a-4f6b-bc11-5d4b14314d91,5.929,15
05c9cc9c-18c5-4d1f-be3d-eb67578883c8,5.26,3
05de0c71-15ed-47f0-9268-8ab4dbe34993,4.75,1
063af537-3442-4e91-81b7-4ae4b11482c5,4.813,3
06ba18e0-687b-4aa3-822d-1c86981f576b,6.28,17
06bf1d7a-349c-4252-8ee0-05cb65a4a6a0,4.71,1
06dc9b8a-5c01-49cf-bb4d-70d7b5f85acf,5.874,32
06e87b30-1f70-46e6-a6a8-17a4086d609a,5.994,4
070be5dd-2dcf-44b6-b2e7-37d9fbd29aa2,5.267,4
079cece3-01b2-4dd1-9e95-957b83b14cd7,6.05,4
07b464bc-0c99-4969-a8b6-5b47fbc91436,4.74,2
07d2038a-4cec-414e-ac3f-0869c6e38390,4.998,2
0818d3c6-b863-49c8-89c4-e28e1cc5fb67,5.11,5
08208add-da5e-4a73-adb0-f1a86bf28153,5.76,4
086c9ee0-0aa3-4d2e-bc64-22a683f44d73,5.39,3
087c0954-17b8-440a-806d-a09a1547d9de,6.114,3
08c496a4-798a-4922-a573-dae3555f5d9e,4.722,2
093e132a-0458-472b-aaee-ee7e15d25e20,5.685,5
09d3b780-54b0-4bc9-8b9d-066753cc068f,4.441,2
0a287886-b880-4c46-8c66-ea4d198a7eba,5.08,4
0a58a30a-1c6f-4cf8-8ea8-06a19315506b,4.433,3
0a787ca5-f7c5-4352-99f8-3c7214e231c3,5.559,4
0a84556e-30f6-4500-8c95-a9ccbc51c7b1,4.75,4
0ac11983-04a4-49b8-80b6-afbc7453465e,5.084,10
0b75af4a-8c68-4ff7-a2f1-09bda71b5bed,5.633,30
0b7b1eb4-576e-4b87-a766-662437b590f0,4.854,1
0bc24306-92b4-44e1-8b21-0aaf0c9ee4f7,4.954,9
0c1bb94d-3af2-42f4-b938-d712c707ace4,5.494,19
0c3263ce-a370-475e-8cd7-32414ea409dd,5.627,3
0c557fe1-ed48-43e7-8942-9e0e32e2e427,5.18,2
0c5b84bb-4c04-4906-86bc-deb533ff4eec,6.431,11
0c80fb8f-dca2-4b40-a6f7-130dfb06448c,5.15,3
0ccab93d-398c-40a8-821f-07a2ded79dde,5.25,7
0d14405e-2e45-4dcb-8fb7-73558c261b4f,5.614,5
0d23964f-d43f-4006-b1e0-13001393216c,5.818,8
0d40af37-5b44-4f00-a2c8-03ea5e34960c,5.381,4
0d659a6e-9386-45c5-a3c0-8f8ce4efaa14,4.935,7
0d7764b9-3d03-4a04-a432-54982c8c1b5a,5.49,7
0d95388f-4063-43ff-bd5e-bfee39700a34,5.379,1
0df3b359-d935-4c79-a16a-ce373f55db07,5.807,6
0e58c8eb-91b0-48df-8554-1ccc35106ea9,5.16,1
0e667216-69c2-4144-8e55-99351a5aff07,4.6,1
0ea54033-c140-4b74-9133-b30bed1b6fb7,4.781,2
0f0e9307-3aa4-490b-b23f-9c59760290c8,4.83,1
0f2bcb8e-7a61-420c-ac30-b9626b8049a6,5.181,11
0f7b86ab-bf9b-40ad-a3b2-3e73af1bc106,2.5,3
0f8523aa-0279-4dec-8697-0261e6a1f97a,4.67,3
0f8632ee-7263-4a59-b486-a273333519d6,5.021,1
0fd983de-06ed-48c9-aa69-9d573e84708b,4.91,1
10397234-6551-4a06-8bc6-aa50d6915731,5.55,19
107fd341-2c28-4ae5-b7a2-162706c2fcb9,4.79,1
10a358f8-1843-465a-8f3f-25fbd4613a8f,2.5,3
10ead23b-57fd-4733-a8a5-3728d9f326e3,5.3,2
1155f023-0489-4ad0-a2cc-83551adc9c02,4.245,1
11989ea1-e653-42f9-91ce-13f1a78c0b4f,5.47,17
11c00851-4e47-48ab-9d34-19c4d2fe5716,4.9,1
11e203e1-6239-4f00-aaf9-752aae883120,5.377,2
11ed643d-b6df-4198-a0b1-bee4fb905625,5.148,2
1212cb97-01fb-4783-af53-2b03ef4f8367,4.432,2
127909ff-8248-401f-b4ca-73570851ce21,5.35,5
12890797-7355-49ca-848e-56d67e33c4de,5.54,8
129b2771-34b5-4b7f-9c23-e020a6aa3e6a,6.453,56
12c765d0-8384-41d3-a498-de63fd7c37da,5.071,24
12e27819-a2a0-47e8-a4cb-05815ddb0488,4.635,1
13407362-97b9-4bcf-ae7a-75c3576bb99a,4.266,2
135937d9-d132-41c5-9cfd-d2b0112288b2,5.54,14
1374dfe9-4573-4ab6-991d-16bed0a6d25c,5.61,12
139f2249-820e-4e28-ad94-3b82f07ee699,4.658,2
13f96392-08ed-48b0-aaf6-20563021588f,5.67,2
141a5d80-7998-46e9-ac83-1019c415f2e6,5.79,1
143d66c6-60e0-4a09-85a6-daaee007450a,5.066,7
14516bcf-5f07-4efd-b90a-09be553e3bfa,5.106,7
146dd2f7-7f5d-495d-b2f1-96d433742fec,5.82,34
1488feea-9036-4234-b024-b3aab3dae540,4.488,1
14c184ad-dbba-44e2-9a06-4662ca93e0c1,4.493,1
14c4c96f-0a49-4d07-b16d-f6cb782491f4,5.54,7
14f68da3-a855-4656-a618-81b5d8ff6bec,5.38,9
15156d9c-65c8-4a3c-a392-c3082975cfc4,5.67,11
158f965e-0732-4358-8f9c-ae78a48bdbdb,5.43,1
15def97f-d414-4418-9c2c-7f94aca8bb22,5.2,1
15e0c195-7c57-48f3-8f90-ae4152e0d797,5.429,7
1607a4f2-2592-4745-ba49-21bbeb199151,5.33,5
16e2bfc0-c047-47a9-851d-1cc79ad3f7b1,5.248,1
1728d016-1f02-4789-be73-63d12d5a5b42,6.105,36
184b5fa9-d9b5-45da-954f-206b1f6c7696,4.92,2
18937216-cae1-4075-bda0-2fef0fc6c392,5.51,7
18a232c8-e02e-4c37-a2be-fffc1b491650,4.314,1
18bdfa84-e194-4c4b-9241-6ba51ce3d2bb,4.934,1
18c0f98a-907c-4484-95dc-be21d0f9e9b4,5.18,1
18c26e29-906c-4020-9bf0-73eda5da52b0,5.063,1
18ee08e4-2965-4966-a1a4-257d66f0bdfa,5.26,7
1936f665-e630-462a-bd89-0dcfcf7c9e6b,5.249,15
19399f8d-5931-4591-b7f6-407d1995c3a3,2.5,1
19a1f7fe-1d16-418a-be95-785266ff586e,4.99,27
19d2c48c-110f-4747-b795-ffe32aa73d58,5.713,4
19e04dba-937e-4129-a482-088765320f8a,4.99,5
19e6893f-be9f-45c5-acca-8b3427e284f1,4.4,1
1a23e505-5c98-4e61-b904-c935fa506b6d,4.85,1
1a84e636-31cd-4225-bd51-860dcdfd58ba,4.741,3
1a9b48ed-470c-4ed9-89c7-acf7fe198826,5.0,3
1abf464c-e8fc-472b-b1c8-f42a5c1fc02a,5.45,8
1ad19b48-ae39-44aa-b2a0-5a40a6b71420,5.43,10
1b01b905-c937-4da4-9012-66e66764bdab,5.5,10
1b5c8cc6-0e5c-4085-a51d-3464584f192b,4.642,1
1b74883b-79db-4c0f-aad3-c4011286f053,5.018,4
1b9d3893-28ac-4c4a-86ad-64ca38eedbd7,4.887,1
1bab49f1-6891-4d3e-8f77-42aa4fc1d18e,6.12,10
1bb8b2c1-ca6f-45ac-afdd-fab7e77d69d4,6.395,57
1c0cbf27-5245-4bc4-bd1f-921c72b9ac79,4.996,4
1c24462c-09df-4e95-b43f-72404fd656d4,4.93,3
1c49ab19-88d1-43b4-94cb-ab7ec9205ec9,5.316,3
1caa5a84-225b-4ad4-8446-ea743c375e76,5.102,2
1d36eae4-41f1-4739-b9d2-0783fd371112,5.72,9
1d51becb-4ea0-4878-9660-e3fd2dfaa0ea,5.76,5
1d5698ad-f0a1-4ff7-8321-6c166069946e,5.32,2
1d701c30-6b5d-485f-ae97-60f3b0c50896,5.405,54
1d775d93-6cbb-4ed0-addc-244a46d15aae,4.925,10
1dcfe215-9845-4590-9432-8a3087e748af,5.141,3
1dd5c313-10f5-4e0a-bb9b-699913a5abe8,5.66,1
1de884f8-7bf7-4b49-9de8-3f1fd74cabd6,6.269,42
1e216feb-426b-400d-b79e-3db55899141e,4.891,1
1e538b1f-66e9-4166-ac60-3aef311ee0b5,5.36,20
1e5d81dc-961d-455a-b80f-d6c30c518cde,5.49,9
1e754a3f-b603-4e6f-b3d0-2cdd8819a267,5.2,3
1ea37944-3e4c-45da-ad87-506f5024d389,5.303,2
1ed4bf39-dea9-4cb4-8116-69f40604f25d,5.2,4
1f281337-8943-4c9b-8ee0-82b3c10cbeb1,4.783,3
1f90b0ab-f6eb-4b7c-b500-ac374c978857,4.691,6
20045230-82bb-4962-99fe-cf78c28f8641,5.64,7
20684550-cb89-4ea2-9e2f-0f44eb920b45,5.664,29
21086dd0-deef-46da-913f-4064d25ba550,4.996,1
2158878b-6457-4309-954a-e20e5b350240,5.009,1
2177a8cd-bc2d-4dfd-a6ed-e80eb7bf1cc6,5.61,5
219ce304-ebad-4c11-b043-f92ad6429d88,4.52,5
21ed6c0a-6f07-4e74-afae-9e2218085daf,5.48,13
220ac572-6824-41c5-b2da-18f4c7f18e2f,5.13,3
220e3821-0cac-4fce-a722-a079a5359262,5.583,10
222bf2cd-da9b-4c4c-ab99-0fa77bec15c6,5.31,6
22839b0d-41bf-4830-8f1e-0da170ebc723,4.881,19
228fdfb8-c8e8-478a-a5a5-6b9d3cf08ad1,6.005,13
22989ac3-e778-487a-ba32-a30243acd294,4.367,11
2299675b-4f10-401b-b4e2-c82a811977a4,6.12,2
237778ff-378f-4f99-82cb-cc3bb7b5d02e,5.78,3
2398b148-15c1-4a56-8c02-0d62ed504f03,5.012,8
23a8af5a-fed3-445d-99aa-1a5f69a05ff6,4.981,8
23becc4a-36a4-4854-884e-d2efa8998955,4.89,10
2403ee64-b50f-4dd4-b0bf-94d8c18ab6bc,5.125,3
24415389-0764-4512-a3e8-ddee23d96417,4.969,7
24807150-9de6-4d2b-9217-735ce7910a52,3.25,1
249681a0-4734-4ca1-8147-8b1f537417cc,4.476,2
24aa475d-722e-4ff5-8ecd-006083f23e46,5.306,1
24fead20-0b0e-409e-bd9e-dc69fa0a8162,5.25,8
25104e43-16f9-4ce3-9085-70243d8b350a,4.691,39
25139050-f977-4456-9545-7d63b72fa380,5.655,8
25a6f570-d617-427a-9fc4-3bf6115a9a84,5.374,14
25d59da5-27bb-4584-941c-c2f8bd72577c,4.51,2
25e61ef1-a9a2-4d05-8e75-4f0dd1bb0a2a,4.9,3
261e4370-c013-4670-ad0e-4895056f7248,4.715,1
26698393-0add-4cdf-bbb3-203b233ebdba,5.58,1
26898786-4fd1-4dd9-bc18-a5c515a6b0ef,5.001,16
26b13d9f-ccab-497c-8e3a-68299be5ea70,5.555,26
26bd8869-21d6-4c7e-9edc-0bd16aebf18a,5.517,1
26ef815c-33ef-404d-a3b8-f0a26c240109,5.6,2
279e884e-f905-44cd-b820-6c873b68debc,4.828,9
27abe9f1-12ad-4e8b-a8ed-97b3362d38b9,5.911,2
27ec8d58-6907-42a3-b994-fc0b3c304fe3,5.51,1
28084fc7-8653-4ff0-bc3b-1bf582d03a75,4.686,8
283c842a-ddbd-4e94-9922-ef3080f75ad3,5.48,3
2850083d-65e2-4816-ad0b-6af9678a4f09,5.37,4
2856d69d-887b-4e89-a5c9-975f581f84a0,4.117,34
2897f904-8b8a-4eec-aef0-370d7be5a805,4.734,4
292a5cd6-fa7c-45d2-83d9-99763342972c,4.99,1
295e343a-31a0-4e1d-a286-d62592291435,6.159,42
297c0964-7348-4a6d-a99a-88b3e56fc5d0,4.735,2
299484fa-15ea-4fd9-aff4-c8d66fc30f7a,4.77,4
29e8121d-6f86-4192-b7af-ab05b77b89fe,5.303,41
2a0171dc-c866-4170-9021-78d3c53c7318,5.41,12
2a490031-a7b4-4833-8d61-b9970960d2dc,5.1,39
2a8b7adb-5f06-4b01-88a7-86e56d8d9274,5.102,2
2aa8ced3-d599-4c83-86dd-ecc80196833b,6.07,5
2acb2c6e-288a-4f0c-a294-4e54b878eee1,4.453,2
2b265c0d-e9b3-473e-9585-3670707c044e,4.89,3
2b508074-59ec-455c-8974-31de393bc165,5.36,9
2b6f9cd1-b4bd-41a7-b418-4b3596fe6cdd,4.944,6
2ba55b93-98c3-4fbd-a963-95fc8467d00a,4.52,3
2bfe44bb-d558-411f-abeb-c8522dd42ce9,6.28,7
2c115b6b-4c0a-4992-9912-ed00d7bf07fc,5.51,5
2c1692a6-0fa2-47b0-9d2b-e12b5c054ef4,5.17,23
2c2a2b82-9ec7-4046-97cb-3a199ed507af,6.087,5
2c4de762-88d6-47c3-8b2b-af562c5d1f93,5.189,54
2c59d3b0-507b-4387-83d3-010a1f4ce718,4.946,2
2cb697da-8f48-4208-95ff-7e419fbc0013,5.08,13
2d1e1dd4-906a-4a93-b172-4e948fa88041,4.74,2
2d4d304f-dcae-45f6-b26a-ab192ab0e1a1,4.416,1
2d70078a-161b-4641-a9d9-167101c87c61,4.83,8
2d8e3a89-e94a-4750-b9d2-9134862e3572,5.53,2
2decd5af-eb99-46ba-8c96-19869e62ec6f,4.77,1
2df9061c-a8bf-4436-952d-047857d851f9,5.408,5
2e0acd0d-95a3-49c3-8648-720ed0fbc7d5,5.37,6
2e0c0227-6e3e-43d5-8037-7f8bd0f9b935,6.257,6
2e534a52-4d73-4243-a5f0-e3e71fc8941c,5.08,1
2e802b92-f1ce-47bd-ac37-bc61337923fc,5.346,3
2e858abd-e6cb-4a07-b6ea-fd6ca01556ae,5.552,5
2f28b85f-2645-4f75-8571-67335413387b,4.506,3
2f501a7d-c1f6-48ca-9e0f-8335475e7599,5.16,1
2feffeaa-aca5-4c5d-aad6-62eb0d38a6be,4.89,8
301d15bd-0b3f-4963-9af2-3aa3b55ebbd8,4.99,2
306da673-de7e-44f5-bc16-0738b44bd089,5.712,64
30d6d999-b324-4744-b08c-8309e83c57b0,6.06,3
30d7759b-93f0-467d-a07a-970ecfac06ba,6.3,9
30eb9a2b-1570-473f-8cf1-0f7c9d21b303,5.708,38
3138ce06-22c5-459d-8e83-30ffd8856b35,5.402,2
31482260-21a0-45c1-a8e5-ba5467027e20,5.42,4
316a0784-5829-4fad-89a1-438e5aac2504,4.941,10
319b7de4-3105-44d0-8eb6-9eb8ff0cf1ec,5.23,4
3270dc72-53b7-4d35-aa4c-7f8b7b6bf905,6.285,5
33008bc3-5853-43c0-88d6-1906e56263a2,4.943,1
330b8269-91fd-4a1f-ae38-9df3c2eb184c,4.472,1
33292af3-984d-4752-8d18-b3a5c147e9fe,5.942,32
3343b266-cf5f-4212-9fff-dab2f8872ddd,5.972,1
3352fcce-bc05-4a02-bf59-c1984cec3e56,5.067,2
33906d89-45c4-4e62-b680-5aa6a89f40be,5.966,4
33d699a2-a67e-4809-a9d2-3ba243a57081,5.222,2
33fcb3fe-f32a-4b52-9f31-4d2225c9b126,5.306,1
34049405-b415-4f3a-aade-5be0111ac7db,6.02,4
3418eaf5-4176-4ed6-ac5c-c45ea36e1f82,5.376,3
34270d82-e968-407d-a918-8aa57f0123a6,4.861,16
343b9c6b-dc79-4290-b143-5a20012fe646,5.1,1
348255bf-f94e-47cb-ab5d-95969c2bd7b9,5.088,7
352e9dfb-7352-41fe-9f5c-791a46c171c7,4.587,1
35546bea-13a1-45f4-9e7e-871427f5e4eb,4.749,4
3556c981-b44c-4e20-8927-7a25d94c70da,3.69,1
358376d4-f156-492c-b4c6-0bd3f5a69f86,5.078,2
35f81e87-382e-41cc-9bab-687116861954,5.84,17
3632e637-0d7a-48fd-9686-f57fea802978,5.141,3
36367f6a-418d-4bb2-8b18-8a0614788543,4.814,1
370e5d82-716e-4a25-8048-170cf7deb74d,5.169,1
3760b164-aabd-4893-b5a1-91a4eef558c1,5.92,1
37a2a373-8d3e-4177-bf1b-e6c9eaa52f5e,4.92,8
384352f7-75e1-4970-a261-35cc5c80b729,5.797,3
38b1bfb1-576b-4a3e-ab6b-e8bc46031c1d,5.95,8
38fdc174-96d6-459f-a27c-df35eb9f945c,5.22,26
396c69af-6b23-47f6-8d68-b39ca26e83e6,4.076,1
399fe2bc-d7f3-4e31-a194-0ac3dcbf0894,3.823,2
39fd8a47-2424-49e4-b9bf-85d357c2521a,2.5,1
3a43c56f-b9d8-4e72-ae8a-58fd69291946,6.533,31
3a48d245-8dea-460b-9eba-0b4fe7abc1dc,5.383,2
3a7e0d88-17bf-4606-bc70-1a4cf90f2b0b,5.05,4
3aaa968d-90ed-4a57-bc29-938a618b6aa9,5.695,3
3af01041-5679-400a-87b8-12c01db8cec4,6.175,57
3b7dc75e-0c73-4576-872a-a32e27106d67,5.265,5
3bb15eba-5e68-4c58-b866-a80945be280d,5.247,3
3c76112e-022e-47a0-8e68-f726118c5eb6,4.24,2
3cab1673-2522-4dd5-ba07-2a1b88749d86,5.86,2
3cd768d1-2fc8-4e80-ac48-6556624ac7b1,4.536,1
3ce4aa7c-c96f-4a78-ab5c-051eb53a5fc3,4.341,6
3d67b6d0-063e-466c-a475-7679d0764354,5.88,22
3d81052b-beb5-43a8-9941-a5595a0be3c8,5.29,5
3d8ed1e0-1a8a-40e1-9838-577403598f57,4.296,2
3d9c8684-953f-4008-b355-b6104ee56a5b,6.115,50
3dced9e3-5450-4b8f-b88c-2e197e20dc15,4.73,6
3e6b668a-8d26-4424-9420-3ceb18486b65,5.546,22
3f35c92f-854a-4e9f-ac63-d51833f4cc94,5.545,3
3f43e258-294a-4fd9-80b5-795882b1e837,5.12,2
3f872035-3abb-434d-9fc7-6134ec6c40f5,6.149,1
3fa6bd42-80b1-4348-aba9-62edf2284982,4.92,3
3fc70f61-f10c-4539-9b5a-82911efc966a,5.46,4
4025f403-d676-42ee-97a1-61d9b38c211b,4.989,33
404094a4-c65d-4e15-8023-f025ac226e30,5.874,8
404f21c9-c9b0-43a3-993b-f2857b38a3aa,4.8,1
4057f30d-d42a-4189-a158-11576fb5f52a,5.726,33
40de390c-e00b-4134-8658-e08abd7b6f2a,4.584,3
41118195-75b3-4b25-adc9-07991301280a,5.984,1
41c769d6-a3de-4db0-b7b7-cec7c5dee51c,5.152,4
42004b18-13f0-4de9-9b58-a6afd17c5069,5.14,3
4214dfa2-6d13-43c3-b98b-f36e4556402d,5.13,12
4237e6e9-1da9-4287-85ba-c33d2259841c,5.32,8
42547327-a336-48f7-a849-3b8a0c189fbd,4.58,1
42aa422c-e795-47d7-b8c6-369e2e74c111,4.992,1
42b8527d-b84e-4f50-8e0b-5937664981e3,5.92,12
42c61e46-e392-4024-a29e-ce3451c90694,4.499,4
435e466e-22c7-4917-8cb4-ff45bbccde19,5.374,16
436bcdfe-1a5a-42ee-94d7-b29c12149f1f,4.722,3
43a35ec2-3d7a-4c6f-b412-cac02d237a46,5.42,4
43df1205-e834-4427-9f1a-4e173bf93296,6.128,4
44599572-39cc-41f6-b9c1-283a4c39649d,5.26,8
45302907-6ce9-46de-b9ce-99cc9327deff,4.55,1
453e8dfb-9820-451b-a606-67cfbac8631a,4.554,2
4545027e-5be5-4cf3-83c2-a410d325fa6f,5.14,1
4553e8f7-d51d-41cd-bc23-752742441bff,5.74,14
45596674-36ae-4768-b4ee-c7181d9b2ea7,5.906,12
45617fd6-17d9-4df7-aba3-cbd00dd76e23,4.91,1
4573f223-7bfb-4c38-a216-8cd8f4060e0c,4.92,3
45e53881-72e4-4de1-9763-c2e7f7f854ba,5.633,5
45e5f39d-97c5-46d3-bd94-9533813b59df,3.91,2
461f063e-a587-4638-bad9-421ff33d91d7,5.144,40
4677e4b8-8540-4d41-898a-417879e8ef31,4.769,5
46964855-27d5-412f-be82-2df7e45a99e5,5.421,6
469988c9-b401-4c68-9e07-e1b1b104b791,6.218,9
469e5fa1-ea76-4286-bdf8-ddd2d18aab5a,5.34,7
46f2280d-18d7-4589-9157-c5e6492099cd,5.033,2
470f08e0-a79c-4aa0-bcc2-c66b3dacbcdb,5.25,5
47690bb2-18cf-4172-889a-1f9cc5bb6d9d,5.612,4
47c3107f-c90a-473a-b1a8-900fcf13e984,4.838,4
47cdc6f5-3e06-4249-adde-f588681bb483,5.7,6
481d9fef-ed7a-4fc9-9d19-a4f9b5a57d56,4.574,18
482a2a18-5d10-4958-98a4-25da4fddc9a7,4.417,5
48359011-0793-437a-bfa2-b7a4c5194689,5.315,5
48c47bfe-7ee6-44da-996f-f69b56c8f912,5.223,2
48ce5c4f-4fdb-472e-ac84-a95204554411,5.71,5
491edcb0-c087-475d-a48b-279d14e27f3a,4.867,2
4921f936-eaa3-49d6-bc61-c412bc2fc5e1,3.75,1
4939ccf3-b9d0-42c6-8254-7c220a8028aa,5.247,5
493d192e-3eff-4058-8f2f-fa84530b5a39,5.58,3
493dbda3-57bd-42ed-b689-f1dbf26ced7a,5.45,2
49584147-f7e8-48c5-a789-8bc479a9251e,4.43,8
496b08fd-f2f8-462c-b552-cbc16e19d12d,4.933,2
4996d437-da0b-426b-b44b-7111a92e8046,4.21,1
49d53a66-df0a-4419-892e-0fe6c788391e,4.742,12
4a1d43d1-bc2a-42ab-b2e4-fd2c2ec339cd,4.72,2
4a8c0d78-7786-4ef9-a32e-f1f2d134c6ab,3.75,1
4aac5b4b-3afd-48db-a11a-d4f48bd685bb,5.336,4
4af4d4d1-9f87-4dc7-95f2-b10751d44c15,6.24,48
4bbe1459-2d18-44bc-bb82-8cb4cb6e20dd,4.71,1
4bf13186-34a0-4af6-a15e-4a00a3466b1e,4.314,1
4c84febc-d921-4f70-92c5-21d1c7127b24,4.526,3
4cbfc815-dc55-4d6d-b844-f28b3aeb40d6,4.5,2
4cff1a90-27f8-46a4-8c43-05fefe778a8a,4.25,1
4d8495e4-56da-4aca-925e-b443a717a74a,4.75,1
4d9c2831-6ec5-49dc-9af4-a3c9501c6763,4.69,2
4d9dfee9-8e88-41ca-b643-d0acfe36fd51,4.885,2
4da698bf-605d-4c6c-8566-6bfbdb6c1a24,5.15,1
4e39b9bd-436d-495d-99d7-c2818bbea4ab,5.07,5
4e3bcf37-c264-475d-b956-7c3992d3d7fd,5.91,4
4e681e02-2987-49b1-9f3a-ad0ba28f86ba,4.74,1
4e73b5b4-d734-4258-91cf-b678d08200a9,4.953,6
4e82e645-294f-424e-b1e7-28f93e2cb7cc,5.033,7
4e989038-62d9-48c6-bd15-f483ea33b5be,5.536,4
4ebf78a8-2d54-451d-a45f-42544f6a60f1,4.85,3
4f142e8d-9a57-41cb-a89b-5b4c3af752fa,5.43,15
4f354c8d-e7f5-4457-b35e-6ec64c0a7dcc,5.05,6
4f8057f3-d8f6-417f-b29f-27d77c32da24,3.855,2
4f91b214-a32b-4bce-ba22-0ec6b7021444,4.845,15
4fdcaa8b-8ebf-4cba-b759-d7c8e9d55ec0,6.01,9
507d4427-617b-4607-b842-e3a12dc03d7a,4.958,3
50908953-a944-4a34-898b-16af312bc814,5.632,31
50982c9d-4d95-48ce-8e38-6704fde63599,5.578,4
50c2125b-406c-41e7-aad6-5432c7cd8e1c,5.419,5
50cbdfa9-8c00-4007-8c5e-71c7d560ff6f,5.224,2
50cf53f9-a3ad-495a-8d28-eb9c2e5c970a,5.238,2
5106c31c-ea6c-49ba-81ca-b622b1d7afd1,5.446,9
5152e31b-0c3f-4018-bde6-b954c44530b4,5.24,4
518626d4-2600-4134-8c6a-0ae9315f9625,6.112,36
518d2420-ef49-441e-b8a5-8f4d6e8d2b49,4.325,4
51d3c520-ab59-47b5-87f2-b99ce66b1ad8,4.84,1
51e9dc35-e543-4222-ad12-69697397a975,4.627,2
525bfe63-4047-4100-9289-b4af47a25f98,5.377,16
52690a0c-ed4a-4e0b-bf69-4ef416cf7d55,6.204,55
52726ab1-2ac9-46c0-be90-6b0e7a2d56eb,5.883,33
52915580-0a12-4791-8f82-6f6e56e90f76,4.95,4
52e042f4-517b-483d-a264-f2f3dfa3f940,5.52,3
53008558-000d-4162-8a34-9348d3f5322a,6.102,7
535a3a44-2564-4f88-8139-b759d6e4f94a,4.62,1
5362def0-0134-4247-8428-d6a5c32ad504,4.96,2
53955191-e756-453e-bf46-162afae7d905,5.081,2
53b056f9-095a-40fa-881d-142629905f8a,4.94,9
53c797c5-058f-4d1b-b82a-247d4f9e6839,4.741,1
53cffd68-8c08-4ad7-88fd-a72ee20d716e,5.71,7
53e6e33c-5cb8-4579-9e8d-8b1857a85f72,4.4,6
53eadec7-a6b1-4ce3-9825-d76affdc3f4f,5.86,18
541bae3b-cb07-4c73-8f7a-42a1e0d38cde,4.663,2
5445e6a0-6641-416d-82ab-181e10b60dc8,4.177,5
545586f8-8e93-44ae-91ae-1d0cb881ecd8,4.67,3
5484221f-688c-4f2d-8ab0-12d262a921ff,4.48,1
54e10359-2a8b-4d52-ad41-0212572c723f,3.753,1
550248f0-e87f-4e76-9d88-9f55c89fb659,4.04,2
5520bc45-676e-45a7-bf34-7d91529fdd63,5.311,15
553bf8c3-919f-496a-b37b-7e34cf5bc1fd,5.283,2
55b78314-2f02-4a0c-83c2-b7cbfd8b4329,5.477,9
55dbee1f-1ee7-464b-9c80-d14cd9e44b8d,5.776,8
55ed7e0a-ff2d-4ac2-aad6-b6772ef4f448,5.888,35
565ea94a-af38-47fa-9d07-77a710b73337,5.51,3
56bfd96c-d7a3-4a67-bad6-b53d2830f324,5.647,4
56f0b269-240a-42cb-b404-0b0bf747ad98,5.108,4
5714d0c4-4431-4afa-9e95-11817e9d27d9,5.05,1
571d4503-e073-4580-a555-be3c7f93c59c,5.73,6
57340151-101f-4b4f-962e-4031fffcce98,5.0,1
574957ae-e8d5-486e-aabc-a1cc6a392f8d,5.316,19
5752f097-3f05-4db5-a871-ab2c6b451abd,4.619,1
579b21fd-0bec-4ad6-84ed-32bec62d0e61,4.925,10
57a228a5-e841-4eb4-9d63-8f737a9df1d3,2.5,2
57d81852-8998-4d7c-9ed6-737c404c8650,5.615,1
581183e8-3d9e-459e-b69f-7337d8b6f3d2,6.617,56
5883c77e-d6e0-4848-9473-866396578248,4.845,21
589dfdaa-0f50-4c30-a52d-0cfc140f412c,4.358,1
58a22649-0e13-43fc-8657-d42af3ca2b0a,4.34,2
59251a5a-803a-42a7-af8c-3855d243990b,4.56,2
5925398b-b2a9-4e8f-ae46-5c2b59b1b818,5.065,34
59618b60-e466-4dbf-ab27-2080ba8bef91,5.266,2
596d3613-2e99-43f0-82b8-eef965acad42,5.055,5
59d10153-070d-41ea-a3b1-d357c1183ab2,5.05,2
5a2b1a84-e396-490d-9f05-c7ade6932b75,4.54,2
5a2bcefc-c495-4a2d-b3cc-03b6cdecd84f,5.418,1
5a5237bd-64cd-433c-99ba-34badaa2820c,4.942,8
5aee68f3-baa1-42d9-9dd5-50dd0dec1d9e,4.736,1
5b315d39-43a4-479e-9b37-43baa9971159,4.66,1
5bdaf230-63a7-41cb-8fcd-d774ec99d51e,5.32,3
5c428248-d346-49fc-8c5e-ad19fb318da2,4.539,3
5c5c1775-a31b-4f49-b822-42afe860fd24,5.24,5
5c817399-aea7-481d-9a83-aab7431eabc1,6.04,1
5cd78362-2056-4c8b-a427-6705b4b2902b,4.431,2
5d0c8ae7-4402-4327-b395-d1b705518644,5.3,4
5d302146-b32e-4d26-a63b-963ae0250260,5.68,5
5d445822-1b4a-4db2-aafc-c12cbeadf0a8,5.147,2
5d73e0b9-a7f9-4521-961b-8d79742ee23f,5.409,8
5df016d0-6f4f-4848-a27e-0cbb5b7eaac4,5.39,2
5f10ff12-03e8-4384-90a7-a15682ee7edd,5.2,8
5f367bee-cf3e-4aad-a6e6-72cca04d97e2,5.574,6
5fbe537f-2859-447d-95e7-229a124ef5e3,5.158,2
5fc11785-edc1-4fca-a4eb-d71cc0d36483,5.012,1
5fec9f72-90fa-4046-a8f3-7ce15ad62f01,5.448,1
6064d3d3-77d3-4a20-91b9-f23c1ee0a6ff,5.25,2
607ff7e3-ba06-47f2-8bdc-0f66a4a6614f,5.168,6
608756f6-bfc7-41b5-9cfd-5e69eacfe513,5.548,6
610158d5-daac-4ec7-a9d4-1b6a4f194760,4.747,1
614e164a-4197-44eb-855c-586cf79fbfc9,5.881,7
6160a7c7-6b90-41f1-96d3-af5fa1623ca5,6.3,5
620360f7-1497-4331-9bba-6cfd07a4b59e,4.578,3
623c9f3d-7974-463d-8e10-0b290ed48533,4.841,11
62865128-f55c-4c57-a35e-30834e4439b8,5.76,9
62955f38-bdf5-46af-9622-13c7afe90619,5.579,30
6301309a-ee41-441f-8382-00d54cb077a5,5.37,5
6396521a-e346-4dbb-b306-b2f026d4f547,5.117,2
63ea21b0-1684-41a6-b9a3-e66de72101bf,4.434,2
64014d70-f073-4be6-8bf2-ae07ba9c0846,5.37,3
646f7432-e6ad-4ccf-95ee-a0e5d9514d28,5.137,31
64bd1db9-29c3-48c8-ac61-22eea701198c,4.435,2
64dca549-ebac-4a14-8a3b-4b04ee430ea9,4.679,1
651463a0-4739-4f0e-bbde-790d280c737c,4.477,3
6518ca38-f4c7-4fd8-84e1-38a7904132c2,5.175,2
658d2f1c-5f7d-4baa-a6ca-d29d3fed6166,5.18,5
65bcab7c-9c93-4dc8-a847-a34da426b933,4.951,33
65d6b76a-dbd9-4a49-b142-73e92ad98f8e,5.14,1
661cf320-6ca7-48d5-8b88-752d4bc6ea68,5.04,3
666db10a-f8de-4310-a988-cb0005f38a30,5.52,1
6679adb1-859f-4e6e-a2fa-9a800f5c95a3,5.673,6
668c5765-ca64-456a-8677-ec34e987e913,4.907,5
66a6c35b-33a2-4a23-b5db-fa53c96d643a,5.864,44
66cb85be-fe8b-402d-a4f7-4a8e6a7c3ad7,5.792,5
67374341-3f7d-4434-95fe-7b6e826e6ca4,5.89,9
676b1cbc-766c-4616-bf39-1787ffd8c72a,5.525,42
6770c5c5-e1a4-4d71-9d8c-532a04ca65cd,4.92,4
6794d224-7da3-43d9-8300-e24e731f5dea,5.639,19
67cce868-efb2-406c-a4b0-896a1fe58cc7,5.007,3
684de940-3788-41f6-9d4b-b843da242dae,5.33,3
68c97127-3873-41f9-a1ec-9bb608a7a74a,5.35,10
68d3b279-8b2d-4055-8eb3-b28448c1f7d2,4.71,16
68e2dde7-1836-4e93-a268-be3d4e89ec26,4.951,2
69633ccf-87be-4975-a578-53d6e166c91b,5.317,8
698c5236-e88f-411c-b44f-e54f16b2d6b5,5.97,1
69ad3a91-2e28-476e-8a4f-26b7598f0c7a,4.64,2
69f2c636-4483-4d7b-81bd-e2ac920b88e0,5.2,6
6a01a5b8-e44c-4190-a09b-d4fa084899ce,5.07,3
6a1154ad-8b24-4dae-ae1b-77e8d9e47af9,4.956,2
6a87bc44-5190-44db-8a2f-467de4de48c6,5.575,6
6aa0a796-9759-40f5-9c8f-bf4461d032fb,5.28,5
6b432472-f73b-4f2b-b65d-5848657d117b,5.31,9
6b446a3b-76f2-4d55-8c84-94ea8bdde2ac,5.23,2
6bd2d6e4-c8f0-4903-a4b0-4fa9db53419d,5.446,4
6c47d9c7-5166-4b60-9747-0fc1ed288f62,4.769,1
6c605049-6081-47fe-b85e-4f1b0d1a5182,4.46,1
6cae3a50-eee6-45ea-8b28-85ef9c50e3c4,5.819,41
6cbf25ef-655b-4883-91dc-cba9256545a7,4.624,4
6cea98b2-6f2a-4759-9e98-5f878e2e3bf4,5.42,2
6ceeb129-a28c-410e-a3da-6afb338a331d,4.84,1
6d4437fc-cbe8-459a-b872-ffd836454379,5.506,2
6ddc6413-ec78-4979-8a07-3e00630a9cb2,5.67,3
6e0c0d57-704c-4148-9229-1c623b611919,5.24,8
6eb8ea1c-31ca-4c18-ba0c-ab8a75cdc24f,4.592,6
6ecac506-64e3-44ea-b82f-689fad6865e0,4.939,1
6ee6ec8b-17cd-44f0-ad2a-a3e3460100ce,5.58,3
6f149538-c6f6-4ad5-9e60-2afc100f97c1,5.403,3
6f2e433e-3f78-4b6b-8a76-982ba6a6b340,5.105,1
6f3be491-e947-48e5-8ae0-cca7a5347bcb,4.949,1
6f862c1d-1317-4fe7-bdcd-64caa0dbb088,6.568,44
6f87091a-66d6-4bfc-8780-fdf1489c1ecc,4.899,4
6f8c91a7-73ff-426d-b7ee-2f3ab52ecb1f,5.13,16
7001c5e2-79cf-4487-9cfa-46150553fdcf,4.792,2
7008914d-bfe0-48f2-8472-989f1a82a1ca,5.05,3
701a0bf5-f760-47a2-b094-ed713bf73f66,4.503,2
7046d4f1-32da-43f0-956b-93efc3f1f457,3.929,1
70553b6c-b9ca-48ab-a740-9599027407c2,4.909,1
70af628a-5205-4756-a9e2-fe9627187e27,3.423,1
70bf896e-0e21-405d-87c5-c60b6044916f,5.09,1
70c18684-f615-4d05-9aa9-5cbdbd53ab9f,5.58,22
71117603-d8a8-4b35-8d9d-60dd26e28261,4.93,2
71992955-8b6f-470b-a991-796cfa56a826,5.453,36
719e2d3b-d10d-402d-a195-41f072214679,5.636,47
71c8bad4-9344-41c3-b0bc-86675b6f38d9,5.12,4
722347d4-487c-473f-aec0-f856533f520d,5.1,3
72696117-bdb1-4e90-9131-e702b3ab2dff,5.24,4
72781a5b-7e26-47ae-a581-625e4fa96099,4.879,6
72ac13c2-8036-4bc8-939b-d06b07cf74e6,4.133,1
72b85855-dcb3-4d14-931f-edd3c0b097a0,5.595,4
7319013d-d511-4aa5-a356-4aa2cccf94f5,5.882,56
735c44a9-d1dd-4f9a-b3df-1964a05cb704,4.623,1
736475dd-7ccd-40d8-8b43-8c2d9ef9e674,5.86,2
73820892-5991-4711-80c5-a2411025eb75,5.48,4
73c5d397-f260-441e-b3ef-c4afc9755e59,5.423,2
740c5e3a-0de8-4fff-97af-637d0c689e55,4.931,1
74189f68-e7ff-473c-9544-aad496ff5efd,4.75,3
7457f630-57a3-4f28-a5b1-45d45e73c920,5.14,2
7464628e-931a-44c9-b0df-749a7cb32eaa,5.99,28
74afd19c-8f82-4ca2-9345-e4d693111033,6.269,6
74d03f10-f4b4-438c-bc5a-2a652f9c1602,4.955,1
75606179-6e19-4f25-bb8d-f66dfa19287c,4.75,6
7566f667-f858-498b-ac7e-24ace4cd5a22,4.84,1
756a7a13-a3d8-4d89-8afb-e2071ec6dc82,4.707,4
762638fa-47d4-4763-b313-10674edd62f7,5.22,1
763b4d27-8140-47cd-86f5-982706cd4ebb,5.968,29
76419f3a-712c-4241-8940-6f9bda847ba7,5.76,6
771a635c-4be0-4f47-a409-229d0471803d,5.22,2
77f2d09e-1f09-4be1-9e74-5944b02bfb05,5.2,2
77f5be1b-d6c2-430f-9e9b-b1488de514a6,4.46,1
783556ac-89d8-4bad-957e-be891b0a5968,5.1,2
7861bba3-cb5d-4afa-b096-061e87e03055,4.924,4
7864fbf6-245b-40e7-af07-0fb16958c3c1,5.6,2
7867cc51-11d1-471f-a8bb-9d8370b6a698,5.69,27
7886d6aa-2310-4ae8-9874-f0fc9c3e534f,5.734,24
78a3a6aa-7466-4741-9247-1d6636afcff9,4.925,3
79046b96-4601-4443-ad6a-b1d2451be668,5.35,9
790712df-aadd-46e3-8e04-29143bac56ce,4.925,5
7925aefe-e260-4b83-8bfc-214da1d14fb5,6.127,11
793538d0-e160-4d88-bdf3-1397bac4143d,4.796,5
794634b2-7e1a-4928-ac82-a13fd3e984b2,5.107,2
79652372-0b0e-4216-9cc5-a0f757f78cd6,4.917,2
7969379b-12b1-4f80-8fa2-0e548c1e4127,5.116,7
798294b4-02e6-4c16-b3f6-9337758ae915,5.64,19
799b7d84-a6cb-43e7-a30f-ca5cba0d9a83,5.05,3
79a11da1-6aeb-4719-9b1e-9918e0163cec,6.581,34
79b585e0-c2e0-4adc-a2f2-72b9e19cbe6d,5.504,1
79cb3f14-3b40-45de-8084-e5d27a0374a5,5.176,3
79cf62ce-2401-4bbb-a211-8586c6b5155f,5.075,2
79dbc533-9663-4a69-a7f7-d06ecd785f46,4.75,1
79ee2d66-5ba3-47cc-bc43-f489a09d2d5a,5.62,30
79fb4028-6b8f-4eea-9309-0fd9fdcd27dc,4.543,1
7a042b59-1053-4447-89ea-4de712246c97,5.753,9
7a1af963-1c88-472a-a952-e2960f36a408,4.889,2
7a300520-8298-4458-8968-db478e23e9be,5.341,16
7a4471b4-3407-47cb-a0f6-8eb5bf74bab2,5.315,3
7a94bfbc-ffb1-452a-916b-79b5f3882d64,5.179,3
7ad44e60-98f9-4c58-9a73-63eebef2c770,5.402,1
7ae4f842-ea7a-42e1-80ac-9ad235f10ed0,4.82,3
7afc02f4-1e87-45c2-a101-0d48ecc05f8d,5.87,7
7b0ada81-4724-4b79-865e-e394e9358de4,5.157,3
7b39a271-e846-4a84-acbf-9f0bb0de67fe,5.163,1
7b3bdeac-0ac9-4bdc-87ae-0cc8b4f7dd12,4.57,1
7b85c35f-6a90-4c61-af0b-565658feeb3c,5.88,22
7bc3eb60-72a3-4ca7-bca7-c0dd8b9a42db,4.936,3
7bdd399d-fcb1-404f-ba07-afbf4c47bb3a,4.87,5
7bedbda8-531c-4090-a44d-f8fd925b6986,4.911,1
7bf10f67-cf48-4d2d-96ea-4e7d2646d9a8,5.537,2
7c11b7e1-905d-40ed-ae74-1a7e8f64825e,4.776,2
7cb07784-a295-4038-b712-ec86ecd70c39,5.647,1
7ce4430b-b9b6-450d-a77a-997cb8a16d34,4.55,3
7cf93ef3-86b7-4bb4-937b-5b5dc4c72c32,5.26,6
7d1a5320-aaee-46b1-a912-da2edd195248,5.684,2
7ea6e46a-c319-4768-9fb3-a286dd5f69ce,5.0,14
7edb882c-6d17-4129-8208-710e3c82364c,6.772,43
7ef0e6aa-5130-41c0-9c7c-68cb94fa2d3d,5.33,1
7f8b8f44-9751-4739-8711-d505af4c6f25,5.193,3
7fa54e3a-771d-44cc-b184-e9cbfab7d460,4.36,1
7fe81996-b961-4578-95a6-d97c55768e96,4.027,1
80217cca-df99-4019-a90f-385622ca057a,5.35,47
808532a2-ee3a-4407-a523-b656ca93aec5,5.12,1
8085a986-b03a-4c96-9d50-a42d3cba3934,5.599,1
810c90de-6246-476c-82c9-d7b33516ab17,4.8,2
81129f3a-e29a-45c6-b77d-7deb0c05106c,5.41,4
813002a8-aacb-49b8-86c6-28196af7c72f,5.302,2
81535c8c-27d9-452c-a72a-61fc9f755b01,5.116,42
8160ad59-4654-46b1-b229-8d5f2a9a45f9,6.699,26
81623427-b2f0-49f0-ab5e-57d470560981,4.892,11
81695a18-feb6-4133-b505-4c8990fbea18,5.385,3
816bf275-fc7d-4756-8845-0359663809e4,5.25,2
8172788a-eec8-4064-90ee-a01dd09e2729,5.642,13
8187d00f-7c10-4947-a218-1641c659356c,5.55,2
81bccb33-9a92-4bb1-a3ea-86a439eea84e,4.596,1
81e17ce3-29fe-47ca-886e-01a2f2f78f9a,5.231,1
822cf2bd-f198-4d00-977c-673e3c7f01bd,5.6,2
825a7705-2296-4b6d-9a7c-e0669988d6c6,5.409,1
825bbdac-2df3-4167-b8cf-4d252ecb2cf9,4.295,1
8286d612-dd01-491f-8229-457170029b56,5.147,6
833f8086-ee1e-4c9b-a3c5-446f3c7290a8,4.92,2
834a140a-bc69-4130-b24a-3e7e6e9f4780,4.338,1
834eff83-1248-481e-ba2e-2f12846a1bf3,4.71,1
8362b7b1-792b-4730-870e-495eea6d91f2,4.77,2
83a74a31-1edf-4469-b1db-a0cc44834ad3,5.006,3
8457eabc-75f8-4a1a-bf0f-781141745cd4,4.98,1
84a2e8e4-b4fd-4625-8011-244c37e62b72,4.81,7
84bc805f-1c7a-4151-8c50-f3236805edea,6.04,1
857c4707-29ff-4af1-a643-542d90e3f64a,4.226,4
857cfd09-e91b-4282-9b4d-862264295094,5.462,5
85a456db-344a-41bf-9c22-6e2e9c09ba98,5.426,4
85d2c31b-02af-4fc4-ae00-0c32ffef30ee,4.95,2
85fd72c5-d264-4ad5-8f75-070e1a657508,4.77,2
861e8e3a-0e9b-40a7-98b7-4f759b6d00f6,4.46,1
862828c0-8303-4544-8f15-71778448858b,4.911,1
86e1b9d3-15ea-4b76-b488-d3135e78aa7c,5.75,15
86ed685e-f72d-45fa-a1ca-1a1787eb820e,4.817,3
870a85a3-15db-4d1b-9f2f-ad2b3ba688fc,5.0,2
8722e766-5899-4c75-bab6-7791157fa3ad,5.433,1
87541b06-c5b5-40a6-8210-e1b1051ff90a,5.365,3
87594030-0014-4b97-a542-5cffbd39e323,4.22,6
87d60b6f-6f2e-4610-ab89-487e8acc097e,5.022,38
8834a79d-a6ef-48ca-82dc-900db2a441a0,5.35,6
88638eb7-8dc0-4c0a-bb9e-64480aeffd0c,4.861,5
88fb0858-b9c3-4620-9408-0dda0eb241ef,5.467,19
89647b43-f3f5-49e6-896f-614f0175a3f5,5.52,26
896648e7-fd52-45c0-91d0-620de7a50aa3,5.25,1
8983be9d-1de3-4ae2-a6ed-1584a478bc33,5.418,1
89843e44-48fd-4a3f-b8c0-5f5aa6ae5741,7.014,40
8991011d-c11d-4049-a5ec-4cdf1421c607,4.972,2
89935816-1180-4832-9ac2-2bd38cea311f,5.281,2
89d0497d-bd25-485e-a32c-872afa95b3d5,4.985,8
8a5114c9-3403-4bc6-b779-4c1aca7ec2bb,4.72,2
8a614993-d082-4ab8-af12-348c954ff276,5.28,3
8a71d348-6401-4068-bedd-f4ed30460d2f,5.51,19
8a8a499b-0c48-4dc2-a56a-6301b2d2c324,5.282,2
8aac4bf9-2442-48f4-83c1-589b0a00b071,5.028,5
8b0839b0-215c-472f-8d6a-767fc2389d5e,5.22,2
8b7405b5-f3bc-4e32-bfbc-cc2e14f7454c,5.61,16
8b96b5a9-1ed8-4bb8-956f-c46e8de9ab24,5.171,4
8ba3726b-061b-4f87-b0c5-5d148632f610,5.253,1
8bb19de8-1ea0-4e69-82ed-80616fc415a2,4.468,1
8bfb2660-cdda-43fb-81cb-5ff420c9f86e,5.374,6
8c028a1f-b148-4b28-887c-f78f2126a60e,4.994,2
8c270c2c-0e3c-4e1f-a96e-28dd5ebcb8b2,4.59,1
8c59e843-2d09-488e-ab8a-3218a9a8ec53,4.77,2
8d01e666-4546-4a07-8e01-898269fe10a3,4.661,3
8d4ab63d-f14c-4013-a97a-3789015b9bd8,4.941,5
8dd7bb87-1082-4114-809e-888ac57df014,5.023,7
8df7caa9-af2f-4381-833a-f56776546f88,5.765,5
8e2f9629-19d0-409d-81dc-b64fe2f3d3ff,5.184,50
8ec34103-b8b4-4b51-9e31-2d79b110a618,4.969,2
8ece463d-140b-47fa-a002-2e08b9d0140e,5.06,8
8ef05c0d-a40e-494f-b27e-77c36449e9ae,4.92,5
8f521dcc-1cb5-4c8d-933c-af6b267bd395,5.383,33
90222477-cbd9-4c46-9a40-2fe09ff43427,4.56,1
9025d606-dbed-4a6b-a0ea-3a59520681c8,4.295,2
9034d36a-1b11-4c9d-ad75-5c665d87b8c5,5.54,6
9042aed4-6e55-4b8d-9872-a86c19674c2d,5.25,3
9068b689-e580-4d2f-ac56-8c57d54a7c11,5.32,5
906cfb51-866b-461e-8794-bdad7c46cb22,5.042,2
90eb056a-ed07-4d98-9710-e0268e3e5801,4.54,1
90ee0493-d16e-44c0-abf6-c0a5afae261f,5.77,4
910ddcee-8ffa-4ee9-9bdc-507fb3f394dd,4.575,2
9124e6bd-6a6e-4026-9256-90277ca91c1c,5.08,2
913020b9-deef-499a-b12c-323b0fcb07eb,4.75,1
9149113f-4ec3-4a41-924b-4c42d33754a5,6.165,2
91541d7a-5c6f-4b01-bb89-ed5479f676d6,5.22,5
91846d4e-67fb-4891-87a6-bed8362b8e2c,4.86,12
9190c1cd-8cb3-459e-932f-f2e41e4ae613,4.36,1
91c84f14-5709-4981-b97d-24bdd39a5a31,4.836,3
91e2bafc-26ea-434a-bac2-1a9d8f3478af,4.784,1
92071022-38fb-48da-bc30-102116fbbfaa,4.598,2
925c1306-6b3b-4510-8482-f34168a0842a,6.486,33
9261ba95-53e1-4e77-8b98-84f0559c62f1,5.211,3
927331f7-44a4-440e-9ff9-98ed1d5c1468,4.99,1
92b20d3a-70c5-453e-8b2d-38c1c552b693,5.37,10
92f4fb1f-bd02-4404-ad22-2472bb89a96f,5.14,3
933ddf79-a188-4256-8aad-87970c201db7,4.231,4
93a85a33-42b0-46a1-a64c-268ec9098b2c,4.91,5
93cee9ac-dd76-48c9-bca8-0a80f53da688,3.929,1
941ee654-0687-490d-b570-8e779ceff2ac,5.377,5
947400ca-b6da-4592-88db-76b79fc6e813,4.979,2
94b1585a-19be-4842-b8a1-e17d9ee917b4,5.62,2
94cfb7cf-9142-4b9e-b6ec-1646e4711f29,4.63,4
94d555fb-0678-4544-b959-ac56c3e04579,4.889,6
94d781b5-fed8-4151-bfeb-e7475b1a2c8b,4.75,1
95015a41-423e-4439-94ee-84e275c45787,5.582,2
9532d3f8-9418-4b59-af95-3cc5e7c2a066,5.3,7
964141f0-2f93-4294-a303-c41735341b46,5.03,7
9647bc45-f17b-43c8-9658-32448d4d95b9,5.433,1
9684fa0b-ddad-4427-962f-ed7a309a21d4,5.021,8
969c7eb3-8b20-4740-8a8b-463e4f0117ae,4.02,1
96b58008-66ab-46cc-a4b4-354e02763f19,5.68,4
9785a0b2-00c7-491a-a821-3590d9fce54f,4.71,1
97d93c57-cb4d-4e7e-be65-7a5af67c124c,4.717,2
9811648f-5a32-41d5-a26f-0b2988aace0b,4.998,1
9885290a-b002-41ab-b27c-eeacbc197822,5.287,2
988e88e7-a3e0-4d04-8d2a-a26802cbbe8e,5.15,5
999eacf5-4e29-441b-9a12-d53c7e4795d1,4.45,2
99a2c15e-b177-4c99-9eb4-f5d4e518e6f9,4.684,2
99b25b49-2a51-412d-9fbf-e1b6804acce0,6.217,24
99cc5492-75ab-40b7-9aa0-c4f1e3d15be3,4.832,1
9a126f65-f674-450a-a0ca-cea089f6ddb3,4.78,2
9a449e9c-69aa-4a48-8f28-217766ab25f7,5.5,12
9a881186-dec4-4da5-8b75-e9ab50b78115,5.272,3
9aab6e05-9b40-46b1-b520-c8d34bec1624,4.632,3
9ae9ddf2-68f6-4050-884c-5f616b18f6eb,4.37,2
9b5db00a-b0b7-46a5-815d-56878e28326c,5.264,1
9b90fac4-19e9-4e99-a239-4caf8d3f8a48,4.67,1
9b97206b-783a-4fab-85e9-45a6240325a5,5.759,45
9bb232f6-5ff0-46d2-8496-ca1dacc89ca6,4.726,9
9bce3fcf-8e63-4ed7-b4a5-00e0063a618f,5.465,2
9bd1437e-fd56-479a-bf55-1ecdd2e07682,4.99,2
9c5d6416-b8d1-4a12-becc-964afdf2f01c,4.769,3
9c622e48-bbb8-4488-833f-83fb851efa5a,5.722,2
9c9c45e5-6fb8-4f4f-a85e-16cebb11972d,4.611,2
9ce32de7-16c9-4786-a7b0-8c1c2c623d69,6.208,19
9d6e19ca-a1f6-4fc6-83d0-00c5eeb36203,4.96,3
9d7b2972-477c-4cea-977d-f65f86dccac5,5.65,22
9db29a7a-1fce-4394-a1f0-a5fbd2bc2e7b,5.44,46
9e2a5ee1-cdc9-4635-a15a-540ee99192b7,5.613,4
9e8ad96a-17a3-48bf-9363-7b35cc96b2b8,5.04,21
9eff9049-c45c-42ee-9a49-e9a797cc2116,5.678,41
9f072568-bae7-4285-ad48-f6703c6f49cc,4.17,1
9f91672c-bfc9-4f04-83c7-1a256531ac4c,4.68,1
9fa6a300-42c2-4a96-b7c0-9afbe1342e59,5.288,8
a000a067-1bf1-442f-a961-e6c97cb50006,5.695,55
a018902f-114c-4519-997c-4fdf52d4a0e1,4.385,36
a037d693-badc-473c-9f81-4043cd3f5ae7,4.905,1
a0581131-7d36-4424-b7f1-a5a4eaaed30f,4.84,9
a0582749-fb23-42cc-98ed-1915464c4814,5.55,15
a067b12b-b26b-4a30-aed8-0f707c52beaa,6.09,16
a06a48d6-83d1-4761-9150-7df2270863ee,5.069,4
a0b5241c-2444-4eda-b950-c95d02bc3458,4.7,1
a0e70ce4-165d-4790-8a3d-8a9a54880be1,4.61,2
a1158a98-f19d-4be0-b79b-15bf63afe499,5.14,4
a1164b6f-c354-4f0f-a427-396a2455dd2f,4.5,2
a226291c-c48b-408b-a846-f45400d313a9,5.192,26
a2ff8c9b-1b33-4b83-9bbc-31aaf6704206,4.97,6
a30241d8-d9dc-41ec-a2d1-47ee0ba599a1,5.12,2
a33fae19-76c1-4ec3-9845-2b2b471baa70,5.482,6
a3d53581-f494-4abd-9dd2-9fd1d83d8f00,4.81,1
a3ed7970-35d2-485c-8285-187c298a2d83,5.186,33
a4206588-8cb0-44cb-a526-5de7fabaf8c6,5.468,14
a430f179-9c69-4f83-89bb-ad7d63c0423f,5.14,7
a463a0ce-b566-4aa5-b364-31d4f949fcf5,3.48,3
a498be96-114c-4857-9d60-4ff2a3e89434,6.18,4
a4ae7ae8-87b6-4649-a11b-20a0ca2aef50,5.15,4
a4f827f0-0493-42bb-9f99-f3b4e0c27bd8,4.81,1
a51b59c5-1a13-4472-821a-eb9866e72adf,5.399,11
a63bfef8-a400-4137-bc95-0bd11ecf64db,4.859,1
a65a8877-2c30-4964-8b0c-52e92ecfab5c,4.896,1
a67aea6b-f0f7-4954-a262-8f641a389861,4.95,3
a6a6dbc3-d022-414c-a149-542368879e60,4.789,5
a6bfd5f7-0774-4991-8c94-a732802eb152,4.694,1
a6f57d71-bf90-48fc-b05b-abe66980a132,5.55,27
a6f8a60c-ae91-4d26-a882-74a72643e5c9,4.81,5
a70be599-8b9f-405d-9e10-f501b0046e74,5.32,6
a72d06d6-40ae-4f46-9a46-c60e2fecd58d,4.794,2
a756ee87-c12d-4264-bc6d-0e2c56fba4ff,4.84,11
a75ea524-6c16-40c4-9811-86408504c429,4.99,5
a7e358b0-517e-4972-89ff-d95f0797e1c7,5.857,11
a8136eb2-4b62-4951-8fd2-6c69004b34f5,4.897,2
a8256366-d2f9-4787-bf8c-d8e76c55fa86,2.5,3
a87b7fe9-f316-4ea7-b054-2e813c786750,4.761,2
a8bd9132-5167-4d6e-afb3-f80cd54cc138,4.679,1
a91e2b68-7357-4518-baf9-f59b0b4c2477,6.803,16
a95df9a8-772c-4dbf-8c28-e200b7308584,5.801,21
a97181e0-7832-404d-ac34-fb8346ea2b98,5.282,7
a973d880-71ca-48d1-b127-a7e23afd5a19,5.013,14
a9782e86-e5ae-46d3-9194-ac89fdaed622,6.121,2
a9a168ae-7822-4d31-b07b-fba40480c1fc,6.127,30
a9cafd74-bf45-4f9c-924f-c1b261e4e5b0,5.125,2
a9d10b37-6c9a-4f21-8945-a3fc3e10dfea,5.25,1
aa45af3b-41b0-4e03-9a17-4ca16a108df3,5.41,29
aab3460c-94df-4fc7-98ef-b441282b85a9,4.358,2
aabcf6ba-177f-4f35-ade3-0ea5de2f193f,5.458,6
aad127cb-f0a0-4b72-95bf-0a64105d41c3,5.139,5
aaf8a3b5-6daa-4536-99d7-c0259db547d1,4.521,3
ab0e7256-6f4e-43de-b85d-6bfab0bbc41d,5.227,2
ab191e61-9fad-463b-aab5-b8db45fecf9b,5.146,1
ab473dbc-8449-427a-968d-5f59bd1f65fd,5.85,2
ab4e123b-f089-497a-ac5d-5b5065a1fcf9,5.096,1
ab53383d-abb2-4bcf-adea-398e6c6dd36a,4.885,1
ab6386c6-c7e3-422f-9134-e20e92725ee5,5.128,12
ab9bc20e-b332-49a7-b09f-65567a588ccc,5.2,1
ababc250-f834-4e1b-a3e5-f7152faf0888,5.06,15
abb357d5-1d51-4d73-9cc2-21c0602f5113,4.33,3
ac20d4e7-1371-4b70-9047-d6eb3af4fddc,4.569,1
ac8ceab0-87e0-4d34-8f30-ca2b5c01bbad,5.599,8
acf4ae69-cc7f-4a30-a613-c8ca0b80e11c,5.237,4
ad45f02d-1352-4922-8228-76179833d104,5.2,1
ad637985-0ff4-4c1b-93a6-6aa0d8992a39,5.9,9
ad6e69ff-7913-4b21-86dd-9489f749be01,4.882,34
ad7d4a11-65c3-431c-8645-1ce77bab7cec,4.26,1
ada0bbbd-af78-44e2-a7e2-9c87b116be8b,5.659,6
addcdedb-1f04-4079-be09-4797a4937cc9,6.12,4
ae06a675-5997-41b0-a199-6da1bb0b49a1,5.476,3
ae7e2026-d6bd-46c5-9557-6ed5ae748ef9,4.9,5
aec5d8be-9ce0-4cc5-98a4-140fad555fe0,6.237,13
af472932-bdca-4a6f-96f5-c8474817512e,5.15,9
af94be9e-b2f9-413a-aa9c-450cf6021c10,5.271,14
afd1c909-da89-445a-b099-e5c43bbb52d2,2.9,2
b025eccb-868e-4ce6-a4db-c1082a288b59,5.39,33
b032c581-0cfa-4263-ae43-b094d2946af3,4.571,1
b03ff4de-9b8f-46a8-a530-d8f19e9d6ec9,6.016,41
b046a7b0-2e97-403a-b28a-210cca13d0cc,5.562,4
b08631ba-76d5-4262-8d27-5b2350646c00,4.83,3
b0e3a616-e7e3-4dbf-aef2-90197442f159,4.99,1
b0f3ebeb-9266-4c1d-a9c9-4df7be38e048,5.069,2
b108b86b-439e-4239-98fe-78c7fe827c05,4.59,3
b1254256-f3ac-46db-b28c-4dd0c6955ea0,4.86,4
b179dfb4-dcf9-4da2-94d2-4ed21ef015b0,5.24,4
b18e05f9-eb10-4b57-94b8-a66497868e05,4.842,2
b191bf5b-58d6-4232-ba55-1defadd14f79,5.369,9
b1ab7d76-a859-4136-8405-3ed7c9be287a,5.273,36
b21045c0-d203-4a33-a885-6bcc2c403786,4.684,1
b221978c-a94a-4c37-8c15-c9162683a6db,5.073,1
b250b70a-6e41-48e1-aa6f-4b07d606bfb5,4.78,4
b2c494e6-408c-419b-aeb5-d6e18c48bb88,4.6,3
b3dd67b6-42ba-4109-b974-149162bb7211,5.207,2
b3edcbe7-c081-406a-b28e-3cd34988d4dd,4.9,15
b3f48e8c-c552-4a9c-b200-42de913820ad,5.12,5
b3f6f49d-bc24-44fd-8068-4e5971e9d61a,5.612,8
b40f1add-dfc3-446d-9c65-b1ab7bec6194,5.235,7
b51ea0fb-c243-4427-85f8-b798febb51ff,5.62,57
b524beb1-ae58-4ef5-862a-bd1296161cdd,4.87,1
b53bcd04-51ac-47f4-9a81-c3a97936218d,4.153,1
b54ce769-9594-4708-9d63-7d4628de7daf,4.63,1
b565def5-a5f8-4652-8d36-e782295c9043,5.252,1
b608d28d-6b97-43c2-9fb4-37fa88af3d26,5.25,2
b64c5126-0638-4c53-9ad7-cc90d41c2d85,5.289,2
b65649b1-4e75-4a71-bae6-a0f43b141325,4.66,2
b65efb9d-3466-4500-986d-ed13e9bb25f5,5.03,13
b66624a6-5643-4f2f-a32f-3398e6119085,4.791,7
b68c0204-d9d4-4cba-bf23-46706abd77bf,5.134,51
b6928a70-4384-418f-87d9-76ae2637ea69,5.49,2
b6fce5c1-aa0d-4205-963b-39a3922cdba2,5.2,2
b6fe1237-b049-405c-a641-d57f8170a9a0,5.212,12
b70cca60-0d9b-45e7-9327-ec95e850d1e2,5.48,4
b75145d3-4245-4d72-80a3-622487389ba0,5.057,3
b8339aa2-dc4f-47be-963e-6f6bf373562d,5.24,6
b877d08b-9f1a-4d08-8d72-bbc6d364613b,5.54,4
b89b9a41-402a-4b8f-a876-83fb95bbbfd4,4.94,3
b9bacc1e-29b5-4a92-a9c1-24e08ac72215,6.004,51
b9d4b1b2-e44c-40bd-8260-dc9b6eb3ce18,4.36,1
ba1def1f-afbe-4ae2-8300-dad3fa8146ee,5.35,5
ba491f1c-0112-47a8-a348-4695289e958a,6.028,48
ba70f3a5-4693-4aa8-a8cc-1b5c0544b75a,5.787,5
bb20d284-a077-49bd-8409-a3452e3067f3,5.46,4
bb2d514b-7466-4a32-b636-388a0443affe,5.16,1
bb4de7dc-9f25-4218-a601-318492e0884c,5.72,14
bbaeb06e-88e8-4b02-bda3-0cd887ffb96e,4.19,1
bbf16648-a08b-4864-ad42-80848523bf44,4.941,3
bc009765-62ef-44c9-8e2e-92db2303e3e6,5.473,3
bc0b2e56-fb22-4ab5-8173-07515462c78c,5.55,14
bc7b2475-e580-4734-bc14-814a153bec5d,5.376,20
bcc494bc-5aed-4094-84a0-54da933a7ce5,4.434,1
bce96858-ab10-4ff3-9692-d32eab2a5b3b,4.732,4
bcef4181-bfce-4bbd-b65d-7300bf1a10b8,5.13,1
bd061b42-2f82-4bbe-82be-d8bcfb37f9e1,6.31,45
bd7773b4-7b8e-4da2-96ce-98fe3490ee93,5.51,19
bddd722d-d8c2-4e43-bd3f-3fe0ae18118c,5.01,2
bde1ffe8-4651-40ac-8e1b-24e850ff7586,5.566,5
bdfff14f-d84e-4fe7-a71b-e78e75245caf,5.22,5
be334c3f-ea1d-4761-99fa-fb9776180b3b,4.96,1
be33755f-9262-461b-aedd-e9a7a686a82c,3.5,41
be74032b-1035-4ece-bf4f-773b45da4d58,5.405,15
bf84d952-c6a8-4494-943d-064b223e764f,5.386,42
bf96031e-108d-4a37-810a-d43f63339231,5.46,12
c00d1e76-0116-49f5-b0b4-9b518b9cd628,4.73,5
c00e899c-997e-45f0-bdcb-95facebd7bc3,4.797,2
c012b271-5d26-48b1-8cd5-2cd04d1d204b,5.33,9
c05ac324-997c-4ab3-b085-9af779d87c57,3.58,1
c0e7d21b-6df9-4573-be2e-01e3fcbd4da3,4.84,3
c114e41a-9038-439d-b968-bade4cc02fb6,5.371,8
c18102fc-52d5-4d42-bd1c-303ce00ae085,5.33,4
c1a46ce0-a228-4959-bea7-c365b285551e,5.187,6
c263bd93-bd93-4722-bf88-d24529837529,5.468,10
c2ab75e9-e132-4bcf-9f71-8c38f6183cab,4.601,4
c2c43cab-ff1f-4b7d-be8b-cc23d7d5266a,5.32,1
c2c74ae6-6b11-4a40-80e6-b7b924d2d83f,5.332,26
c3012322-e95e-4e38-a0d8-106f9e236869,5.383,34
c3066b2d-fc90-4774-a571-cde5fc5583d4,5.09,24
c3b08889-9218-45d7-a712-72d78dd9a0bb,5.861,5
c3fd6778-e3cc-473a-84aa-f14742e300e7,5.521,1
c4113020-5ba5-4296-ac84-779346254ac1,5.799,4
c41455cf-8121-409e-aab4-a115573c2abb,4.419,1
c41e0c36-ca79-48b6-8453-15978e5f2655,5.359,4
c4bf85e4-2024-4991-9298-3600b25dde91,4.967,4
c57c5375-73b0-486f-b396-8b5f0db83f77,4.546,2
c58f8822-c9f6-4480-90f7-09ec5b810736,4.618,1
c5a54559-45bd-4816-9db0-9646a9926969,5.496,13
c62c2081-d9ce-4750-93f5-c9163bf46f74,5.695,13
c703437a-4054-4513-9e5b-50de868443f7,4.69,2
c7579768-3bba-418b-90ca-4f0e09e701d1,4.962,3
c79ef5cd-2d17-4fbf-83a9-34d4aaaaebd8,4.944,18
c7a59fca-b819-4984-8a64-e59cab9cbd57,4.451,2
c7c8ac47-3be8-4351-aa7e-a88d3a0c158b,4.037,1
c7e5faaf-722e-43ea-a652-316dde5de973,5.417,1
c8123684-c4ed-4173-aa4e-21f8a12cf609,4.65,1
c83af3e1-56d6-4e2b-b746-447c2892ace5,4.71,6
c84377c6-b0ca-42dd-bc1a-2fd3d3c4ef9f,5.044,24
c844b814-8025-407b-becf-3c96ea4b19a6,5.75,14
c852cfb7-a320-41a2-a9fc-d924b25c0657,4.639,1
c85c50d9-eaa4-4581-b6bb-583a808706bf,6.17,5
c8ab8d9d-588c-4ac9-8801-0645feaa29b8,4.57,1
c8d2e5c7-40bf-4658-b1de-003b0d9058e1,5.38,2
c92c2e79-79c5-474a-bc5b-6ca3931da3b2,5.11,5
c93c6860-8605-48bc-b41d-82cebb778583,3.866,1
c96f7a83-9cc1-4fbe-a610-126ed8e3a202,6.12,2
c971bb40-090b-4e47-be58-905495e38401,5.65,39
c9f03b76-b64d-4176-b338-a6b3a180a23c,5.135,4
c9f766d6-696b-4e34-8e13-919c7286ad85,5.37,1
ca3a3394-b5c4-4c95-9d31-910d4ce5bc9c,5.66,1
caaec1c1-b69c-40a2-96ac-16ee09288df7,4.88,3
cafb14a4-6ed0-48d8-824f-d4c83de28bd1,4.7,1
cb7aa373-094a-46d7-9cba-aab3d7b326fc,4.86,1
cb9ea037-f204-4216-ac56-930a01009166,5.6,28
cbd1cfb1-5a03-4181-bbbd-67689238cf50,5.34,2
cbef2435-a35a-4292-a76d-2d0a457f606f,3.978,2
cc4f2636-781a-470e-948f-4f9df2503f8a,4.53,1
cc8832b9-9a8f-4cbc-8eff-b20e9a7ff09a,6.424,50
cca48c24-6d78-4ff5-977f-33eababb7c7a,5.13,1
cccba1bc-174a-472f-9049-361a9520b1e8,4.995,4
cd1bf109-4907-4208-bca1-4d12f9494a4c,5.539,24
cd71f5e4-529b-43e0-ae28-2c9127711ae2,5.46,2
cd7b97fc-d912-4c59-8ab3-c2d70e79d998,5.72,6
cd9ee524-11da-4099-805f-1f362f2bc468,5.08,12
cdb01e3a-b0e0-449b-a7c5-278127f2cd61,5.22,14
ce10eeaa-0854-4c37-ab63-73f16bed85bc,5.1,2
ce4f0e14-80ea-4ed0-a81c-7341d356d427,5.369,14
ce7e7707-c94e-4d33-b34a-37efe3363774,5.699,21
cecffdc0-29ee-46c0-9832-2dbe04700307,5.897,4
ced79bd0-0267-494a-be87-251d92272d2e,5.484,2
cf21b2b4-0f5b-43c0-b8b1-18b64b376cd2,5.554,5
cf3075f9-4fa3-4325-84dd-fc2787bfa574,5.44,1
cfb42bdb-d0a0-4fc7-b1ea-a77c40aff2d2,5.7,4
cfd359f6-5e22-4d9e-b02f-171fbb8f3759,5.311,6
d0513962-42f2-40e9-904e-b5b615587b98,4.987,16
d092303b-f30e-4da9-8ff6-9ccc7b500e71,4.75,2
d0a30dc1-a7d7-475c-bfc9-d55e0aa8e7e3,5.53,10
d0bac3dd-65e3-4682-9928-7344468332a5,5.378,3
d0c7d486-ae64-447e-929d-7f68bd377d5a,5.121,1
d0f19d1e-2a6e-4eb3-b10c-1311edd599a8,6.365,55
d1030c9e-6c88-496f-a4bf-475c9b5b3685,5.184,1
d1045e15-2ae2-4e2c-b7ba-21a326affe05,5.21,7
d1176b3e-0e5b-4fb6-9c1f-52b83a78e4aa,4.99,1
d1467954-5b55-4724-9cd5-4d8dd54f2fc0,5.003,3
d1846d88-1942-49e0-8c87-a39ac34f6a81,4.99,1
d1ca938d-f130-4aa7-a753-1004bd0661e6,4.612,3
d2c80de9-8517-4b51-a8c3-06f22748f621,5.244,4
d304351f-8ef5-47b5-afc3-6ed09f6db7fe,4.905,1
d3dd5fb9-64ee-42b8-a10f-e6c92df3df2d,4.89,1
d3e486f2-7c25-4bcf-b9dd-81c14f644f60,6.04,10
d3f8e393-978f-4529-96bc-d0c54b5422c2,4.79,1
d42cfe32-b34c-41aa-b76f-10d2fb5a7f35,5.065,4
d45a3391-82f4-45d0-ba66-f1901854a8d0,5.745,36
d4ab8633-56cd-4a23-b2d5-19c9972932fb,5.435,2
d4b4527f-c92a-40d3-8e2a-d2a1af36ba7e,5.71,1
d4fd8e65-83dd-482c-ab21-086948a85e48,4.45,1
d50310a6-9378-4228-823f-7fb54f7bd698,6.255,55
d56b293a-fd22-4140-a77d-a851c12af4f4,4.989,1
d5d2a4dc-fb77-4686-8f63-d75694831b5c,5.678,12
d643346e-6bf8-410f-a7f8-a84e9b07ab53,5.407,13
d65e68da-b258-4f40-96d4-c65963c75528,4.648,1
d69ec633-93c9-4d07-8870-be9f5acd5330,5.29,1
d6efd47e-1b45-47fb-a6e6-124f29020e63,4.45,3
d7cea776-d87f-47b5-b1d8-02aeae1eff4a,4.924,2
d840aa40-c197-45ce-8bf3-a0751268bd0b,5.0,5
d85f8ddb-3931-47dc-ba23-28113e20b633,4.961,9
d8758482-5bad-4896-b3b9-3c9dbc67d9b4,4.464,1
d8d0e587-606b-44a1-8b98-0bd4a518d513,4.554,4
d8d51930-abf9-468b-9e43-55a9c0728d58,5.884,40
d93f56ce-61cc-477d-a26c-17d04e53b2ff,4.757,25
d9606838-65bf-4a4f-bcb5-1cf0d867e705,4.745,2
d9cdd4f0-ef6e-4261-9a36-2e737ad49751,4.83,2
da18d74c-4ea3-4eba-b137-7b43192b8e5a,5.41,3
da841352-6147-45c7-8995-9cc94ff23c7a,5.854,4
dafc4c81-f88d-46cd-ba95-938451cfc7c3,4.793,3
db5eef5c-99dd-49d9-bbfc-65171a366bda,5.883,55
dba7cf49-9f57-43e3-878d-a63ced26a243,5.32,35
dbcb41e9-e983-410b-bc23-d184d034cfc0,6.08,42
dc69fcde-bcda-4441-8b66-a8bafeb12ded,5.8,23
dc7f6ac5-f007-4b8f-b343-95e524dc7d0a,5.993,19
dc7f99c2-458b-4fa9-b670-02dcc5a61d40,5.05,1
dca2c596-286d-4ef9-9ee7-1dfdea78a079,4.259,2
dcb9c21f-33ea-42dd-9049-ee472960c510,5.269,1
dcd029fb-2814-401b-a1cb-0c4269d9954b,5.824,12
dd1fe72e-5c35-47ea-8996-1f6a3c0c5538,5.26,4
dd2f2fe3-5333-4036-9d88-f108bdcee3fc,5.2,6
dd60fc78-d2f1-4c7c-961e-db46f78a23d8,4.38,1
ddce7855-2b2c-4746-8843-985e044e5f4d,4.788,2
ddfee378-c291-4296-a585-0ac8d5dd3ba9,4.97,7
de16fee2-9205-4559-9fe7-48b918184e8a,5.524,4
de698543-42f6-4cd7-877a-1e5bf2f327fa,5.104,2
deb34ab5-bc2e-4fda-894e-600a62ca0fa7,5.344,2
dee643dc-920a-42e7-9596-7052f08cd4e8,2.5,7
df376023-f37c-4348-8c08-ccc1473153b1,5.742,1
df443e1a-4508-4b35-917b-2780cf0ff6c8,5.624,5
df85d9df-414b-41cd-96a4-9ceb737eafb2,3.82,2
df8c0e05-75ea-4ef3-923e-685ff05f23f5,5.14,5
dfc5d7c5-75bf-4fdd-9bce-e02d55d86e93,4.103,1
e0c80aa0-cb42-47cb-a487-02660638bd80,4.772,1
e1588ddc-465b-4303-9659-dab2533f80ca,5.63,10
e18b2cb6-ae9b-4175-8947-697eabf80061,5.792,9
e19074bf-bedf-4f75-bce8-95f7f1efaa69,5.05,2
e21cb6e0-aabb-43b2-a112-c0a0a59081bf,6.3,2
e23954c9-e944-437a-88c5-79654dc33e53,5.522,1
e2466ee7-aaa4-4c6a-a288-63e717054640,5.67,19
e319e2cf-0fce-4c72-9197-f2674c7595b8,5.85,2
e3aad437-ffc5-4273-86a7-5e4c22621750,5.24,2
e41881d8-b1e1-465d-afcf-a58602cd92bd,6.207,2
e45003d7-619a-4b5f-87a6-c8713ce98cda,4.956,3
e468331d-9060-4b41-a570-90c36934a38b,5.571,4
e4aa3932-f0b8-4cc0-aa3b-e926f3f5075a,5.19,8
e4bf2cca-f71a-4ded-89fe-39db811423db,5.485,10
e56859fa-db8e-49d9-a6f8-a609e40e7221,5.53,7
e5ac8238-d08d-4ee4-8440-74cd1046103d,4.341,1
e5f03d3c-56c1-4fe1-9146-5c4f6aecc4af,5.3,3
e6129a52-f99b-4c66-be30-8f96d7635250,5.37,5
e636c13b-b176-44ff-bbc1-19d058c6dc81,5.77,3
e6992f37-7ef2-4a09-a2b5-1b371fa8b9a9,5.34,3
e6d9ddea-b9ac-46d9-8242-a4e2a363b6d6,4.844,3
e75f0b5e-f10a-4b83-989c-d33f9b723ca5,5.049,1
e7a19dbb-b86d-40d1-a303-33cd9405ad53,4.352,1
e7a6bb2a-4d20-4c3a-908a-f83973658fee,5.001,3
e894f721-371c-4287-a692-3de06d9f5aa1,5.33,1
e8e10ea8-2ff2-4155-9169-cc33ff8c6265,5.73,25
e96d9339-cfb6-473d-bcb3-23f2887a3e0f,6.518,21
e978066b-18da-4a06-b190-c48fb704f34f,5.167,3
e9849183-4693-4340-abf5-f4b6f3cb226f,6.29,14
e9b96752-ca0f-479c-a4be-01d0db777051,5.27,1
ea0b7d06-7e9f-4786-a4ed-24da5029559f,5.77,19
ea6de427-cf66-45c3-a52a-7b4959309226,4.878,4
ea883123-d0eb-4df7-8da2-11b779312f61,4.393,2
ead35052-7367-4296-96d4-064f546cc2b9,6.585,50
eb14fc6e-ede1-4999-bec3-e36695e7f94e,5.435,38
eb74c432-c1c4-456e-b010-5e21966abd01,4.83,7
eb88338a-8029-4801-9a7f-e4d48c9b5d83,6.08,8
eb988619-0a45-4ab2-a356-5a5659b44137,4.85,1
ebb2a1e0-7c6c-48a4-b994-e81edd8ddb97,6.21,2
ebb475a1-caf5-4fcd-8427-da7e16129be7,4.27,2
ec4cdfe2-c6f6-4de1-824e-9adcaeb31196,5.764,20
ec94501d-8b59-4236-b77d-7238f8925e48,5.084,17
ecd31a05-120f-4373-b5c1-21136f8f0bf1,5.411,30
ece1da5c-10cc-41a6-bc48-66d82a4ea10c,5.608,4
ed688246-859e-4fcb-a02b-16623403b77c,4.52,4
ed700443-8f8c-4fdd-8560-6b32e64245f9,4.73,3
edca189d-8781-4491-a146-868c85f7cf25,5.18,18
edf429ee-2e5f-4573-b2c5-e0a366cc2a27,4.714,2
ee6fde2e-179a-45e2-baa4-113919995c04,4.89,2
ef3c46ef-52d4-4832-98ea-631f1abcf2f3,5.176,5
ef40c5da-1ba2-403f-929c-38312222b8e0,5.933,1
ef48b1dc-afd3-4788-bed3-246eb81b57e6,5.157,1
ef691416-a6df-4b2f-aff3-267948fc1da6,5.44,1
ef7deb1d-5f94-4563-8d32-cf5555e1a71f,5.397,9
efbd783c-2455-4b45-aba9-aa6e9784e073,4.946,2
efe9989b-5864-48c2-806c-06697024e1da,5.151,44
efedfcd1-7638-4c6e-8225-fea7f8d40031,5.02,6
f03d156f-3d8a-4830-a5d1-ae4372ad5009,5.79,10
f0484f0e-f240-4b6f-9da5-b6dba3fa370e,5.7,2
f0a1b804-bc7f-4fba-9e20-384ea12b4bab,4.56,1
f0b5dd7c-b0bb-42d0-90b9-2027dc8b3ed9,4.194,1
f13c20c3-1fed-4a9e-abec-f3f3bf1f8f91,5.608,8
f13e0c0b-2355-4897-aadf-3ac220a78afa,5.69,23
f1b3940e-d4d5-417b-a094-12f551a3a619,4.71,2
f1c17e16-3c6a-43d6-887a-f307897e3bea,4.469,1
f1cdefd8-4a82-4092-a889-2583c7d18dc9,5.32,3
f1f890e9-0db2-497d-a732-a08a5d5283e8,4.979,1
f1ff4e83-2799-43d6-a286-ff2987595890,4.88,2
f214c924-5bf1-4a84-9305-7bed3248edc7,4.744,1
f2261867-9e72-46af-a5cd-d3d02f221fd1,5.49,5
f22d375d-5aa4-4825-afe7-eee0dcb6f437,4.743,4
f255f5d1-192a-4b5f-98a6-c1bec5cf9a1b,4.73,1
f2a996de-50a0-4d1d-b16f-f6450daa4a1e,5.456,9
f2ea5b33-f909-4aa2-9510-7c4d3a1e6825,4.774,2
f2f22110-2d83-4a94-9e5b-811d3b01898c,5.53,2
f30a7911-5f96-4ea9-8d91-a7429704cadf,4.91,1
f370a1a0-2e1a-463b-a35c-30899131f7d6,5.7,8
f3c174a3-27f6-473d-99bb-867fd0c63e41,5.27,4
f4221935-ebbb-4510-86dc-c981a42f3f0e,4.58,1
f46666b8-a454-42eb-b316-f63ea86eeee2,5.211,7
f483a4bf-83ff-4e34-8629-72eed44e2662,5.092,3
f4bbf7d4-371e-42f7-9979-568f57881a11,5.0,15
f4c43443-fdff-4344-b291-274cfd26361e,6.0,5
f51d6dfa-5101-49d8-aea5-269e481e1918,5.53,13
f5bae71b-3e1d-4a12-acf3-dc195f05b153,4.84,5
f5d524c5-66e7-4ac6-8ab0-c6627dbc2f73,4.63,6
f613fc75-b580-4c2a-87ae-cfe024504205,4.52,9
f62a6108-c91d-40e4-a920-f00e76ed6ceb,5.185,1
f684d481-25b9-4def-8af3-b7b2a8e507ce,5.509,6
f69750f3-c0ec-43f1-8dd8-95fa60ce9dc3,4.7,1
f6b6d636-c79b-4d1c-8c11-ad21881f2da8,4.602,1
f6e249dc-5bb9-483a-a99f-df364df93341,4.84,32
f76f4ac5-e3cc-4fe6-a4bc-a968b8b991b1,4.993,8
f78254c2-5dbe-4ccd-85d2-bf5538cb179c,5.308,4
f843b220-41cb-4203-831b-6aac32b8f02a,5.82,13
f845f99b-f1f0-4f50-bf57-c7541b5ddc49,4.06,1
f86cff72-5f9c-40b1-9f28-f28aafae245f,5.568,14
f8b6b217-f9f8-4fd3-a71d-ae4dfcbb9c89,5.043,8
f8dadb3a-8b90-481c-8d9a-b51ee127a4ff,5.6,4
f91b88a1-7d1e-41ad-9782-200959faf6bd,5.23,6
f932a82f-0702-44ac-9a1f-09bb5670b25c,4.824,4
f9ae639d-11c5-4336-8b09-71d0fb6f9d9b,5.166,7
f9b3749b-c34a-4c99-9cd0-437c26684412,4.384,2
f9e59e8b-b986-4dc9-8c67-a67052a98708,5.59,1
fa7cb18f-9d87-4d49-bb43-5291b7201bd3,5.03,5
fa8d5d28-d8f5-4996-8c35-0f4ca3c35bae,6.26,7
faeb4240-d633-4d44-9549-f05ba2577ccc,5.391,7
fb7f462a-8fdd-492f-829d-778736a7935d,4.83,1
fb9360bc-8a5e-4a54-a460-5a4d4541ac81,5.165,5
fc05556e-3e38-4a38-99c2-f855174a7c28,6.606,58
fcbcd6ef-9b87-4068-8fd2-04f0ab9a7efc,4.99,1
fd1796f3-f61b-437c-adeb-c26ec9df287c,4.41,3
fd565e56-6223-4ef0-882e-02346e7e0573,5.49,9
fdac2a31-cbb1-41bf-aec7-88db9ce139a1,5.895,4
fdbc0750-8ded-4bfe-9657-4b84779dcee6,4.524,3
fdcf0567-0817-4a26-a427-31daa7b297e0,5.363,13
fec65f7e-f2c8-482f-ab5b-541cf53b1064,5.713,30
ff38654d-daae-4bad-a1a7-690e4e5706eb,6.448,44
ff97a8a3-f431-4313-9922-397231cf3407,4.26,6
ffdde38c-61fc-4079-8973-c5cf67a01fd0,5.35,7
