player_id,full_name,gender,games,value_mean,value_sd,w_mixed,w_mens,w_womens
99b25b49-2a51-412d-9fbf-e1b6804acce0,Camden Chaffin,M,31,0.45,1.031,-0.034,0.036,nan
62955f38-bdf5-46af-9622-13c7afe90619,Jonathan Truong,M,21,-0.244,1.161,-0.056,0.052,nan
7edb882c-6d17-4129-8208-710e3c82364c,Federico Staksrud,M,37,1.998,0.988,0.026,0.012,nan
3a43c56f-b9d8-4e72-ae8a-58fd69291946,Jack Sock,M,27,-0.201,0.974,0.004,0.004,nan
a226291c-c48b-408b-a846-f45400d313a9,Alexa Schull,F,16,0.379,1.204,-0.042,nan,0.047
f76f4ac5-e3cc-4fe6-a4bc-a968b8b991b1,Alex Walker,F,35,-0.391,0.888,-0.064,nan,0.044
87d60b6f-6f2e-4610-ab89-487e8acc097e,Mya Bui,F,44,3.158,0.885,0.035,nan,0.029
65bcab7c-9c93-4dc8-a847-a34da426b933,Martina Frantova,F,3,-1.574,1.583,-0.001,nan,-0.028
3e6b668a-8d26-4424-9420-3ceb18486b65,Daria Walczak,F,27,-0.441,1.058,-0.056,nan,0.039
fec65f7e-f2c8-482f-ab5b-541cf53b1064,Tyra Hurricane Black,F,20,2.663,1.241,0.034,nan,0.024
ead35052-7367-4296-96d4-064f546cc2b9,CJ Klinger,M,18,1.593,1.24,0.022,-0.007,nan
3d9c8684-953f-4008-b355-b6104ee56a5b,Connor Mogle,M,14,-0.847,1.238,-0.002,-0.001,nan
051f5c82-82ce-4ab8-b4f8-36976638a89b,Sahra Dennehy,F,46,1.434,0.867,-0.022,nan,0.041
a51b59c5-1a13-4472-821a-eb9866e72adf,Joseph Wild,M,30,-0.309,1.031,0.021,-0.016,nan
ec4cdfe2-c6f6-4de1-824e-9adcaeb31196,Judit Castillo,F,21,3.089,1.144,0.039,nan,0.025
581183e8-3d9e-459e-b69f-7337d8b6f3d2,Andrei Daescu,M,20,2.137,1.192,0.038,0.005,nan
52726ab1-2ac9-46c0-be90-6b0e7a2d56eb,Pablo Tellez,M,36,0.595,0.955,0.041,-0.029,nan
1d701c30-6b5d-485f-ae97-60f3b0c50896,Zoey Weil,F,49,1.039,0.859,0.017,nan,0.01
eb14fc6e-ede1-4999-bec3-e36695e7f94e,Milan Rane,F,14,0.571,1.235,-0.014,nan,0.029
33292af3-984d-4752-8d18-b3a5c147e9fe,Armaan Bhatia,M,15,-0.358,1.234,-0.003,-0.004,nan
81535c8c-27d9-452c-a72a-61fc9f755b01,Will Mackinnon,M,58,0.894,0.87,0.053,-0.026,nan
306da673-de7e-44f5-bc16-0738b44bd089,Christopher Crouch,M,21,-0.119,1.105,0.008,-0.008,nan
1728d016-1f02-4789-be73-63d12d5a5b42,Parris Todd,F,18,2.772,1.261,0.027,nan,0.032
9eff9049-c45c-42ee-9a49-e9a797cc2116,Cailyn Campbell,F,29,-0.445,1.049,-0.023,nan,0.021
ad6e69ff-7913-4b21-86dd-9489f749be01,Paula Rives,F,12,-0.995,1.215,-0.027,nan,-0.003
8f521dcc-1cb5-4c8d-933c-af6b267bd395,Meghan Dizon,F,27,1.695,1.086,0.019,nan,0.017
8e2f9629-19d0-409d-81dc-b64fe2f3d3ff,Jessie Irvine,F,28,1.955,1.065,0.036,nan,0.008
b1ab7d76-a859-4136-8405-3ed7c9be287a,Mari Humberg,F,38,1.281,1.023,0.017,nan,0.022
646f7432-e6ad-4ccf-95ee-a0e5d9514d28,Alix Truong,F,21,0.571,1.269,-0.001,nan,0.01
2c4de762-88d6-47c3-8b2b-af562c5d1f93,Danni-Elle Townsend,F,35,1.785,1.105,0.031,nan,0.009
295e343a-31a0-4e1d-a286-d62592291435,Jay Devilliers,M,26,1.353,1.175,0.028,-0.004,nan
ba491f1c-0112-47a8-a348-4695289e958a,Augustus Ge,M,40,2.779,1.053,0.03,0.031,nan
9b97206b-783a-4fab-85e9-45a6240325a5,Catherine Parenteau,F,28,2.041,1.066,0.02,nan,0.011
6cae3a50-eee6-45ea-8b28-85ef9c50e3c4,Jade Kawamoto,F,28,2.237,1.06,0.021,nan,0.034
efe9989b-5864-48c2-806c-06697024e1da,Allyce Jones,F,12,-1.423,1.252,-0.014,nan,-0.008
676b1cbc-766c-4616-bf39-1787ffd8c72a,Etta Tuionetoa,F,20,1.609,1.095,0.031,nan,0.017
25104e43-16f9-4ce3-9085-70243d8b350a,Ella Yeh,F,34,-0.586,1.005,0.026,nan,-0.036
a95df9a8-772c-4dbf-8c28-e200b7308584,Kiora Kunimoto,F,55,3.129,0.934,0.045,nan,0.021
bd061b42-2f82-4bbe-82be-d8bcfb37f9e1,JW Johnson,M,38,3.067,1.152,0.048,0.014,nan
2856d69d-887b-4e89-a5c9-975f581f84a0,Len Yang,M,11,0.596,1.295,0.001,0.01,nan
7886d6aa-2310-4ae8-9874-f0fc9c3e534f,James Delgado,M,81,1.356,0.75,-0.033,0.066,nan
b03ff4de-9b8f-46a8-a530-d8f19e9d6ec9,Max Freeman,M,25,1.449,1.098,0.004,0.027,nan
cc8832b9-9a8f-4cbc-8eff-b20e9a7ff09a,Jaume Martinez Vich,M,27,0.329,1.127,0.012,-0.005,nan
06dc9b8a-5c01-49cf-bb4d-70d7b5f85acf,Brooke Buckner,F,20,3.057,1.27,0.069,nan,nan
518626d4-2600-4134-8c6a-0ae9315f9625,Cason Campbell,M,7,-0.692,1.475,-0.028,0.004,nan
4af4d4d1-9f87-4dc7-95f2-b10751d44c15,Tama Shimabukuro,M,20,-0.498,1.121,0.01,-0.022,nan
ce4f0e14-80ea-4ed0-a81c-7341d356d427,Yuta Funemizu,M,8,0.978,1.404,nan,0.024,nan
4057f30d-d42a-4189-a158-11576fb5f52a,Blaine Hovenier,M,5,-0.139,1.42,-0.007,0.006,nan
6f862c1d-1317-4fe7-bdcd-64caa0dbb088,Ben Johns,M,28,2.945,1.103,0.013,0.054,nan
ff38654d-daae-4bad-a1a7-690e4e5706eb,Connor Garnett,M,15,1.851,1.138,0.019,0.019,nan
461f063e-a587-4638-bad9-421ff33d91d7,Genie Erokhina,F,27,0.957,1.111,-0.002,nan,0.011
719e2d3b-d10d-402d-a195-41f072214679,Isabella Dunlap,F,88,2.054,0.728,0.053,nan,-0.01
cd7b97fc-d912-4c59-8ab3-c2d70e79d998,Lina Padegimaite,F,15,0.936,1.274,-0.036,nan,0.043
d93f56ce-61cc-477d-a26c-17d04e53b2ff,Anna Lenhart,F,26,-1.921,1.017,-0.014,nan,-0.028
d1ca938d-f130-4aa7-a753-1004bd0661e6,Caroline Maguire,F,18,-0.94,1.14,0.007,nan,-0.023
3cab1673-2522-4dd5-ba07-2a1b88749d86,Tristan Dussault,M,25,1.641,1.21,0.002,0.031,nan
8bfb2660-cdda-43fb-81cb-5ff420c9f86e,Jae Centonze,M,30,2.133,1.116,-0.025,0.066,nan
27e7807c-9923-42e6-a14a-689c76bc84eb,Kevin N,M,2,-0.656,1.853,nan,-0.008,nan
8006e9b6-84e4-44be-aa91-cae697b98890,Micah Lopez,M,2,-0.692,1.721,nan,-0.014,nan
55b78314-2f02-4a0c-83c2-b7cbfd8b4329,Madalina Grigoriu,F,47,1.699,0.965,0.056,nan,-0.026
a70be599-8b9f-405d-9e10-f501b0046e74,Shannon Pretorius,F,19,0.835,1.242,0.01,nan,0.008
c79ef5cd-2d17-4fbf-83a9-34d4aaaaebd8,Masa Grgan,F,28,0.844,1.048,0.013,nan,0.012
88638eb7-8dc0-4c0a-bb9e-64480aeffd0c,Keri Lu,F,6,-0.079,1.522,-0.012,nan,-0.001
7867cc51-11d1-471f-a8bb-9d8370b6a698,Nicholas Wade,M,27,1.677,1.121,0.011,0.027,nan
10397234-6551-4a06-8bc6-aa50d6915731,Liam Duffin,M,16,-0.418,1.218,-0.014,-0.003,nan
81129f3a-e29a-45c6-b77d-7deb0c05106c,Luke Kusmider,M,7,1.379,1.561,nan,0.034,nan
bb20d284-a077-49bd-8409-a3452e3067f3,Kevin Caulfield,M,7,1.378,1.578,nan,0.026,nan
5925398b-b2a9-4e8f-ae46-5c2b59b1b818,Nicole Conard,F,41,-1.065,0.88,-0.015,nan,0.006
be74032b-1035-4ece-bf4f-773b45da4d58,Mehvish Safdar,F,25,-0.759,1.074,-0.037,nan,0.014
261e4370-c013-4670-ad0e-4895056f7248,Nancy Suiugan,F,4,-1.465,1.622,nan,nan,-0.039
b097dd8f-ea66-4a3a-80c0-abb960e1ee33,Marygrace Rudd,F,4,-1.514,1.637,nan,nan,-0.029
0d23964f-d43f-4006-b1e0-13001393216c,Ross Whittaker,M,31,0.907,1.148,0.013,0.007,nan
86e1b9d3-15ea-4b76-b488-d3135e78aa7c,Wade Heerboth,M,27,2.18,1.115,0.004,0.048,nan
9c9c45e5-6fb8-4f4f-a85e-16cebb11972d,Andi Godwin,F,12,-0.165,1.315,0.003,nan,-0.016
0f8523aa-0279-4dec-8697-0261e6a1f97a,Madelyn Porter,F,8,-1.127,1.447,-0.006,nan,-0.025
38fdc174-96d6-459f-a27c-df35eb9f945c,Ashley Griffith,F,31,1.048,1.158,0.019,nan,0.005
22839b0d-41bf-4830-8f1e-0da170ebc723,Haley Ferguson,F,21,-1.537,1.08,-0.018,nan,-0.016
53b056f9-095a-40fa-881d-142629905f8a,Luana Stanciu,F,26,-1.371,1.141,-0.004,nan,-0.01
19a1f7fe-1d16-418a-be95-785266ff586e,Yolena Carlon,F,21,0.041,1.05,0.02,nan,-0.01
9db29a7a-1fce-4394-a1f0-a5fbd2bc2e7b,Jake Anderson,M,39,0.426,0.994,0.032,-0.032,nan
3b7dc75e-0c73-4576-872a-a32e27106d67,Cole Whitaker,M,5,-0.566,1.501,nan,-0.01,nan
386a713a-ce1e-4dbf-9810-f2e681a5f434,Ethan Westdorp,M,2,-0.279,1.693,nan,-0.012,nan
7ca9d38b-90c4-4871-9d61-744ee6070791,Neil Westdorp,M,2,-0.269,1.721,nan,-0.003,nan
fa8d5d28-d8f5-4996-8c35-0f4ca3c35bae,Anderson Scarpa,M,39,-0.534,0.931,-0.034,0.023,nan
06ba18e0-687b-4aa3-822d-1c86981f576b,Rafa Hewett,M,47,0.862,0.851,0.03,-0.011,nan
e4aa3932-f0b8-4cc0-aa3b-e926f3f5075a,Colby Hill,M,8,0.75,1.417,0.031,-0.012,nan
0142557a-6231-455b-8eee-daf5f67fc1ff,James Seagraves,M,6,-0.94,1.549,-0.015,-0.011,nan
03db4060-fcb3-41f7-83d5-7ee732dd8841,Jade Rau,F,20,-0.081,1.167,0.018,nan,-0.01
b025eccb-868e-4ce6-a4db-c1082a288b59,Maddy Rasmusen,F,45,1.232,0.936,-0.006,nan,0.028
d02f0502-9093-475f-a9f6-772cf0e3721f,Mikaela Smith,F,10,-0.749,1.384,-0.006,nan,-0.018
2cb697da-8f48-4208-95ff-7e419fbc0013,Rachael Fitzgerald,F,8,-0.138,1.393,0.002,nan,0.003
8286d612-dd01-491f-8229-457170029b56,Karen Lu,F,12,0.53,1.309,-0.007,nan,0.014
c1a46ce0-a228-4959-bea7-c365b285551e,Brittany Yang,F,6,-0.471,1.53,-0.018,nan,-0.012
f51d6dfa-5101-49d8-aea5-269e481e1918,Helen To,F,12,-0.881,1.227,0.038,nan,-0.052
1f281337-8943-4c9b-8ee0-82b3c10cbeb1,Ashley Lu,F,19,-0.563,1.231,-0.014,nan,-0.009
92b20d3a-70c5-453e-8b2d-38c1c552b693,Edward Kim,M,21,-0.061,1.164,0.025,-0.03,nan
bb4de7dc-9f25-4218-a601-318492e0884c,Usama Khalid,M,15,-1.261,1.246,-0.025,-0.005,nan
684de940-3788-41f6-9d4b-b843da242dae,Wesley Hanson,M,20,1.54,1.273,0.024,0.008,nan
b70cca60-0d9b-45e7-9327-ec95e850d1e2,William Hart,M,13,0.142,1.39,nan,-0.002,nan
9034d36a-1b11-4c9d-ad75-5c665d87b8c5,Pierina Imparato,F,6,-0.454,1.554,-0.005,nan,0.004
6aa0a796-9759-40f5-9c8f-bf4461d032fb,Helena Jansen,F,20,1.102,1.203,0.024,nan,-0.01
94cfb7cf-9142-4b9e-b6ec-1646e4711f29,Mya Barron,F,4,-1.156,1.663,-0.012,nan,-0.027
53e6e33c-5cb8-4579-9e8d-8b1857a85f72,Meggan William,F,2,-0.988,1.682,nan,nan,-0.025
7b85c35f-6a90-4c61-af0b-565658feeb3c,Freddie Powell,M,17,1.351,1.232,-0.014,0.046,nan
42b8527d-b84e-4f50-8e0b-5937664981e3,Sanil Jagtiani,M,13,1.448,1.335,-0.001,0.031,nan
1374dfe9-4573-4ab6-991d-16bed0a6d25c,Edward Perez,M,40,-0.868,1.017,0.01,-0.004,nan
14f68da3-a855-4656-a618-81b5d8ff6bec,Jarryd Woog,M,39,1.446,1.039,0.014,0.006,nan
5a5237bd-64cd-433c-99ba-34badaa2820c,Braylon Ohrel,M,25,0.464,1.056,-0.018,0.031,nan
f684d481-25b9-4def-8af3-b7b2a8e507ce,Francis Chi,M,33,1.197,1.018,-0.002,0.014,nan
fc684593-8841-4dd1-b77c-5154b2f25bca,Hailee Haymore,F,8,-1.331,1.44,-0.011,nan,-0.019
2f501a7d-c1f6-48ca-9e0f-8335475e7599,Eliana Ling,F,4,-0.878,1.524,-0.014,nan,-0.021
ea0b7d06-7e9f-4786-a4ed-24da5029559f,Dale Kim,M,36,1.548,1.148,-0.006,0.035,nan
9d7b2972-477c-4cea-977d-f65f86dccac5,Parth Mody,M,21,0.812,1.206,-0.027,0.045,nan
e468331d-9060-4b41-a570-90c36934a38b,Alvaro Regalado,M,11,1.471,1.514,0.002,0.036,nan
15e0c195-7c57-48f3-8f90-ae4152e0d797,Preston Engel,M,9,1.548,1.515,nan,0.033,nan
28084fc7-8653-4ff0-bc3b-1bf582d03a75,Jay Evans,M,8,-1.493,1.46,-0.008,-0.027,nan
6eb8ea1c-31ca-4c18-ba0c-ab8a75cdc24f,William Hsieh,M,10,-2.597,1.479,nan,-0.056,nan
c18102fc-52d5-4d42-bd1c-303ce00ae085,Scott McRee,M,9,-1.244,1.421,-0.023,-0.006,nan
94d555fb-0678-4544-b959-ac56c3e04579,Lova Metor,M,14,0.199,1.264,0.005,-0.002,nan
bd8e1ad4-5402-4c55-a95b-1d39c1de2344,Spencer Liang,F,29,-0.185,1.035,0.012,nan,-0.016
d1045e15-2ae2-4e2c-b7ba-21a326affe05,Alexa Quintanilla,F,28,2.302,1.071,0.032,nan,0.008
7b0ada81-4724-4b79-865e-e394e9358de4,Caraline Cox,F,5,-0.359,1.587,-0.024,nan,-0.004
b65efb9d-3466-4500-986d-ed13e9bb25f5,Elise Fortino,F,9,-0.557,1.409,-0.018,nan,-0.002
42f60d5d-b964-45d5-9bf4-5e7947300edd,Matvey Radionov,M,8,-0.201,1.427,0.0,-0.016,nan
4553e8f7-d51d-41cd-bc23-752742441bff,Garrison Eaby,M,29,1.989,1.091,0.04,0.005,nan
f91b88a1-7d1e-41ad-9782-200959faf6bd,Olivia McMillan,F,35,0.767,1.009,0.04,nan,-0.014
76419f3a-712c-4241-8940-6f9bda847ba7,Lauren Stratman,F,33,1.059,1.048,0.033,nan,0.003
75a6cfe5-6fd4-4622-a0ae-9b98dac1636a,Lucia Changkuon,F,2,-0.249,1.734,nan,nan,-0.007
456ccd39-e6fb-4c58-a7ae-dd059b022365,Natalie Araya,F,4,-0.719,1.629,-0.01,nan,-0.0
6ddc6413-ec78-4979-8a07-3e00630a9cb2,Blake Goodman,M,32,0.895,1.094,nan,0.018,nan
edca189d-8781-4491-a146-868c85f7cf25,Blake Suard,M,9,-0.491,1.417,-0.007,-0.006,nan
69ad3a91-2e28-476e-8a4f-26b7598f0c7a,Jack Maline,M,2,-0.82,1.693,nan,-0.018,nan
c703437a-4054-4513-9e5b-50de868443f7,Brian Johnson,M,4,-1.606,1.66,nan,-0.032,nan
d3e486f2-7c25-4bcf-b9dd-81c14f644f60,Etienne Blaszkewycz,M,22,2.492,1.097,0.039,0.017,nan
2bfe44bb-d558-411f-abeb-c8522dd42ce9,Julian Arnold,M,34,0.425,0.984,-0.009,0.024,nan
33fcb3fe-f32a-4b52-9f31-4d2225c9b126,Jemere Plummer,M,7,-0.713,1.51,-0.005,-0.013,nan
912adc0f-c751-4fa2-adeb-b08d588e1b24,Eli Curls,M,4,-1.06,1.626,-0.006,-0.013,nan
f13c20c3-1fed-4a9e-abec-f3f3bf1f8f91,Anne-Sophie Courteau,F,58,1.563,0.847,0.054,nan,-0.02
dd2f2fe3-5333-4036-9d88-f108bdcee3fc,Giovanna Morelli,F,42,0.513,0.924,0.056,nan,-0.035
643bf8f9-ef14-425a-856f-91884496f685,Michael Pento,M,2,-1.182,1.824,nan,-0.029,nan
68eb7e06-b923-4f20-a923-c1f54a94a357,Ashton Patterson,M,2,-1.155,1.649,nan,-0.016,nan
0bc24306-92b4-44e1-8b21-0aaf0c9ee4f7,Jasraj Sethi,M,8,-0.218,1.569,nan,-0.006,nan
d85f8ddb-3931-47dc-ba23-28113e20b633,Theo Yun,M,8,-0.177,1.625,nan,-0.001,nan
6b432472-f73b-4f2b-b65d-5848657d117b,Amber Policare,F,18,2.007,1.214,0.005,nan,0.029
70c18684-f615-4d05-9aa9-5cbdbd53ab9f,Carlota Trevino,F,65,3.822,0.838,0.048,nan,0.033
a067b12b-b26b-4a30-aed8-0f707c52beaa,Mark Dancuart,M,14,1.771,1.241,0.035,-0.001,nan
c84377c6-b0ca-42dd-bc1a-2fd3d3c4ef9f,Ryan Torresin,M,28,0.778,1.048,0.038,-0.013,nan
9ae9ddf2-68f6-4050-884c-5f616b18f6eb,Riley Durkin,M,2,-1.022,1.632,nan,-0.024,nan
0893ceab-7d1f-4e04-8cd8-95c8a8e40155,Jesse Berkowitz,M,2,-1.049,1.739,nan,-0.022,nan
7cf93ef3-86b7-4bb4-937b-5b5dc4c72c32,Valerie R Simon,F,21,-0.389,1.229,-0.02,nan,0.009
efedfcd1-7638-4c6e-8225-fea7f8d40031,Victoria Simon,F,18,-0.468,1.271,-0.027,nan,0.022
eb74c432-c1c4-456e-b010-5e21966abd01,Fatyha Berjane,F,4,-1.027,1.616,-0.005,nan,-0.011
933ddf79-a188-4256-8aad-87970c201db7,Rachida Berjane,F,2,-0.664,1.703,nan,nan,-0.013
09830d3e-0c01-443d-902f-827baab49e9d,Joshua McKinley,M,4,-0.987,1.57,nan,-0.011,nan
9bd1437e-fd56-479a-bf55-1ecdd2e07682,Bradon Ly,M,2,-0.191,1.605,nan,-0.0,nan
4573f223-7bfb-4c38-a216-8cd8f4060e0c,Tanner Suard,M,2,-0.759,1.604,nan,-0.019,nan
7ea6e46a-c319-4768-9fb3-a286dd5f69ce,TJ Rudden,M,6,-1.767,1.563,-0.007,-0.037,nan
71992955-8b6f-470b-a991-796cfa56a826,Liz Truluck,F,51,1.796,0.866,-0.001,nan,0.027
bf84d952-c6a8-4494-943d-064b223e764f,Estee Widdershoven,F,43,0.814,0.891,0.017,nan,-0.005
5c5c1775-a31b-4f49-b822-42afe860fd24,Stephen Bass,M,7,0.575,1.566,nan,0.017,nan
74afd19c-8f82-4ca2-9345-e4d693111033,Marshall Brown,M,17,-0.644,1.267,-0.039,0.021,nan
56f0b269-240a-42cb-b404-0b0bf747ad98,Dylan Lewis,M,13,-0.66,1.345,-0.009,0.001,nan
79ee2d66-5ba3-47cc-bc43-f489a09d2d5a,George Rangelov,M,29,0.378,1.21,0.029,-0.009,nan
0517f4a6-2648-470e-a9ff-8cf78eee3421,Connor McCartney,M,17,-0.281,1.329,-0.031,0.028,nan
a8256366-d2f9-4787-bf8c-d8e76c55fa86,Mouaad Alhouni,M,9,-0.72,1.415,nan,-0.017,nan
c22f26ba-c999-4743-8fa1-03028ba40514,Francesca Randazzo,F,2,-0.794,1.752,nan,nan,-0.011
96b883db-e99e-467a-b77e-607f1cf1b8b4,Elyssa Wisner,F,2,-0.854,1.723,nan,nan,-0.018
c1a96204-7cdd-4a98-a917-9b66d4f9bbe9,Samuel Dickson,M,9,0.252,1.46,nan,0.009,nan
8a614993-d082-4ab8-af12-348c954ff276,Emanuel Dickson,M,17,1.075,1.438,0.011,0.01,nan
e0c80aa0-cb42-47cb-a487-02660638bd80,Garrett Ivey,M,7,0.538,1.559,nan,0.009,nan
c7e5faaf-722e-43ea-a652-316dde5de973,Landon Ivey,M,7,0.453,1.515,nan,0.013,nan
aa45af3b-41b0-4e03-9a17-4ca16a108df3,Vincent Rettke,M,37,0.209,0.976,0.006,0.003,nan
fe8824f9-a572-45aa-b55a-40476dfd59dd,Michael Hollings,M,7,-1.061,1.533,-0.021,-0.004,nan
9aab6e05-9b40-46b1-b520-c8d34bec1624,Kalen Harbaugh,M,3,-0.407,1.627,nan,-0.017,nan
3f35c92f-854a-4e9f-ac63-d51833f4cc94,Django Chassang,M,3,-0.445,1.595,nan,-0.01,nan
b3f6f49d-bc24-44fd-8068-4e5971e9d61a,Daniel Miron,M,32,0.502,1.048,nan,0.011,nan
d0a30dc1-a7d7-475c-bfc9-d55e0aa8e7e3,Ethan Bakalinsky,M,32,1.228,1.015,-0.011,0.037,nan
9fa6a300-42c2-4a96-b7c0-9afbe1342e59,Adair Garcia,M,13,-1.063,1.377,-0.001,-0.016,nan
47c3107f-c90a-473a-b1a8-900fcf13e984,MJ Greiner,M,8,-0.774,1.541,-0.019,0.006,nan
deb34ab5-bc2e-4fda-894e-600a62ca0fa7,Michael Shaw,M,23,0.804,1.34,-0.003,0.022,nan
7a300520-8298-4458-8968-db478e23e9be,Tobias Moreno,M,17,0.968,1.469,nan,0.021,nan
8ab984e9-62dc-438c-8151-6f6ed353bee6,Casey Markulike,M,2,-0.68,1.703,nan,-0.017,nan
79b8c85f-caaa-44ae-b5f1-8a1063daeafb,Luis Rojas,M,2,-0.728,1.735,nan,-0.011,nan
dafc4c81-f88d-46cd-ba95-938451cfc7c3,Matthew Pokorny,M,4,-1.34,1.718,nan,-0.026,nan
3bb15eba-5e68-4c58-b866-a80945be280d,Evan Ankrom,M,4,-1.305,1.625,nan,-0.027,nan
df443e1a-4508-4b35-917b-2780cf0ff6c8,Eddy Kim,M,8,0.056,1.447,nan,0.008,nan
e2466ee7-aaa4-4c6a-a288-63e717054640,Bret Berryman,M,12,-0.043,1.356,nan,0.009,nan
cdb01e3a-b0e0-449b-a7c5-278127f2cd61,Mary McGowan,F,23,-0.27,1.161,-0.062,nan,0.055
0f2bcb8e-7a61-420c-ac30-b9626b8049a6,Caitlin Klaassen,F,12,-0.163,1.32,-0.005,nan,0.012
336f3c17-4fbf-4d27-a66e-e2631f1729c8,Sofia Manzanares,F,5,-0.512,1.584,-0.009,nan,-0.01
9b8928b2-2ff4-4ae4-95dc-d1fb8e6922d9,Sable Yrjanson,F,4,-0.655,1.568,-0.009,nan,-0.004
086c9ee0-0aa3-4d2e-bc64-22a683f44d73,Ahmad El-Zarif,M,29,1.686,1.209,0.019,0.021,nan
95015a41-423e-4439-94ee-84e275c45787,Stephen Preissler,M,24,0.1,1.244,-0.026,0.022,nan
af94be9e-b2f9-413a-aa9c-450cf6021c10,Michael Vallejo,M,4,-0.703,1.571,-0.009,0.004,nan
5d445822-1b4a-4db2-aafc-c12cbeadf0a8,Samuel Wells,M,4,-0.778,1.645,nan,-0.015,nan
a756ee87-c12d-4264-bc6d-0e2c56fba4ff,Dan Nguyen,M,8,-1.653,1.4,-0.02,-0.014,nan
04ab231b-f2ab-456a-a79a-1728f29e42fa,Eliel Herminas,M,10,-0.493,1.403,0.021,-0.018,nan
e6129a52-f99b-4c66-be30-8f96d7635250,Andrew Angulo,M,12,-0.354,1.308,0.002,-0.019,nan
6f8c91a7-73ff-426d-b7ee-2f3ab52ecb1f,Antonio Medina,M,10,-0.873,1.359,-0.014,-0.003,nan
c54e02d1-2d89-4c03-8918-0cf76f7068e4,Evan T,M,7,-1.064,1.603,nan,-0.026,nan
e32bc591-7691-47a7-84d6-ce2077167296,Joshua Cornett,M,7,-0.418,1.498,0.002,-0.012,nan
b250b70a-6e41-48e1-aa6f-4b07d606bfb5,Patara Tezduyar,F,7,0.257,1.477,0.023,nan,-0.018
81623427-b2f0-49f0-ab5e-57d470560981,Courtenay Leonard,F,15,-1.155,1.242,-0.013,nan,-0.007
2c64704a-d33f-43a1-813a-442895e0c8d8,Michael Connors,M,3,-0.374,1.705,nan,0.002,nan
b0f3ebeb-9266-4c1d-a9c9-4df7be38e048,Preston Ducrest,M,5,-1.109,1.639,-0.008,0.003,nan
23a8af5a-fed3-445d-99aa-1a5f69a05ff6,Brie Aldridge,F,13,-0.488,1.41,0.009,nan,-0.021
fcb0ece6-e39c-45e4-86d0-77f868175f3e,Zoe Reavis,F,2,-0.669,1.778,nan,nan,-0.008
a4ae7ae8-87b6-4649-a11b-20a0ca2aef50,Logan Thompson,M,8,-1.454,1.497,-0.015,-0.015,nan
18bdfa84-e194-4c4b-9241-6ba51ce3d2bb,Tristan Cooley,M,4,-0.636,1.574,nan,-0.006,nan
d9606838-65bf-4a4f-bcb5-1cf0d867e705,Jacob Lee,M,2,-0.63,1.693,nan,-0.017,nan
e75f0b5e-f10a-4b83-989c-d33f9b723ca5,Tyler Kane,M,4,-1.273,1.633,-0.018,-0.017,nan
72df1f6b-5319-4cf2-9d2a-284b6f6b6be4,Connor Gibbs,M,6,0.066,1.508,nan,0.001,nan
2dde5c37-c3ba-4c5b-b948-c94dd024dcff,Lawson D,M,2,-0.025,1.694,nan,-0.005,nan
6518ca38-f4c7-4fd8-84e1-38a7904132c2,Sharienne Ricardo,F,8,-0.447,1.463,-0.003,nan,-0.005
2f28b85f-2645-4f75-8571-67335413387b,Morgan Downing,F,16,-0.864,1.31,0.009,nan,-0.03
1676f986-1e57-4e92-9ed4-5e10656c5164,Jonas Daehler,M,5,-0.377,1.703,-0.01,0.0,nan
d1cae50a-fc6e-4fcd-a968-e26048c36c67,Xavier Richard,M,10,1.465,1.337,0.03,-0.005,nan
ab8102f3-92df-43e7-9fba-04e95b581fda,Dustin Parks,M,3,0.117,1.65,nan,0.007,nan
68d03cc0-643e-40fe-8db2-43e08d36e21b,Josh Oakman,M,5,-0.392,1.596,-0.01,0.001,nan
f13e0c0b-2355-4897-aadf-3ac220a78afa,Ryan Camras,M,53,1.507,0.886,-0.008,0.041,nan
220e3821-0cac-4fce-a722-a079a5359262,Casey Garretson,M,25,0.493,1.111,-0.01,0.033,nan
3d67b6d0-063e-466c-a475-7679d0764354,Austin Bricker,M,16,-0.299,1.177,0.021,-0.029,nan
53eadec7-a6b1-4ce3-9825-d76affdc3f4f,Juan Varon,M,58,1.257,0.837,0.106,-0.08,nan
763b4d27-8140-47cd-86f5-982706cd4ebb,Michael Loyd,M,59,1.189,0.861,0.007,0.017,nan
608756f6-bfc7-41b5-9cfd-5e69eacfe513,Victoria Dimuzio,F,8,-0.301,1.345,-0.03,nan,0.009
c4f17333-3ce8-4d94-9ff3-389bc1f8c0dd,Dallas Fahr,,4,0.235,1.627,0.006,nan,nan
b1a0b8eb-78f8-4278-bda0-5d9397c6a7d5,Liza Klyachkin,F,2,-1.395,1.71,-0.029,nan,nan
dcf2ff1c-c9e8-4d61-b5f7-a6e8df0dfa5d,Jacob Bradshaw,,2,-1.316,1.763,-0.031,nan,nan
ca3c21b0-a715-40fd-bf00-c81e22d7da11,Daniel De la Rosa,M,6,0.293,1.491,0.009,nan,nan
2c44f17e-ec2e-409f-ac80-8e7d171a037a,Jessica Brock,,2,-0.734,1.691,-0.008,nan,nan
e79871a0-ea8d-4470-9be6-68bcaa97aacd,Ethan Aycock,,2,-0.686,1.725,-0.017,nan,nan
a0581131-7d36-4424-b7f1-a5a4eaaed30f,Cc Eleven Sacca,F,21,0.491,1.142,0.025,nan,-0.014
4939ccf3-b9d0-42c6-8254-7c220a8028aa,Beatriz Lopez,F,2,-0.096,1.611,-0.004,nan,nan
d8d51930-abf9-468b-9e43-55a9c0728d58,Anouar Braham,M,73,2.791,0.748,0.107,-0.044,nan
327d9a97-a00f-4b28-b8dd-c91b6f8296ef,Jenna Vlach,,2,-0.342,1.663,-0.006,nan,nan
13407362-97b9-4bcf-ae7a-75c3576bb99a,Abbie Monski,,2,-0.012,1.56,-0.003,nan,nan
49584147-f7e8-48c5-a789-8bc479a9251e,Emma Cook,F,8,-1.245,1.515,-0.01,nan,-0.022
7d860749-a84e-47fc-9883-e92ca40f5777,Kolton Youngblood,M,3,-0.251,1.716,-0.007,nan,nan
482a2a18-5d10-4958-98a4-25da4fddc9a7,Lina Romero Alarcon,F,2,-0.092,1.687,-0.003,nan,nan
5d724580-6f68-4953-b9ac-64845d7e4930,Rubelle Yoo,,2,-0.491,1.661,-0.02,nan,nan
6cea98b2-6f2a-4759-9e98-5f878e2e3bf4,Thomas Provost,M,4,-1.009,1.594,-0.007,-0.015,nan
5714d0c4-4431-4afa-9e95-11817e9d27d9,Teresa Romero,,4,-0.259,1.581,-0.015,nan,nan
fab2d6de-43bd-49c6-903d-d07886cb0d7e,Katelyn Hilliard,F,3,0.337,1.694,0.006,nan,nan
f46666b8-a454-42eb-b316-f63ea86eeee2,Brendan Gallagher,M,7,0.636,1.471,0.013,-0.007,nan
491edcb0-c087-475d-a48b-279d14e27f3a,Alexa Brent,F,2,-0.823,1.722,-0.018,nan,nan
4d673453-a554-41b9-ad7c-c588058af347,Tammy Kim,F,2,-0.671,1.64,-0.009,nan,nan
0c1bb94d-3af2-42f4-b938-d712c707ace4,Callie Smith,F,22,-0.175,1.077,-0.001,nan,-0.005
925c1306-6b3b-4510-8482-f34168a0842a,Roscoe Bellamy,M,30,1.684,1.125,0.013,0.027,nan
be33755f-9262-461b-aedd-e9a7a686a82c,Jackie Kawamoto,F,32,0.147,1.009,-0.001,nan,0.005
a91e2b68-7357-4518-baf9-f59b0b4c2477,Christopher Haworth,M,14,2.433,1.201,0.031,0.005,nan
88fb0858-b9c3-4620-9408-0dda0eb241ef,Tyler Loong,M,28,0.474,0.956,0.037,-0.022,nan
ab6386c6-c7e3-422f-9134-e20e92725ee5,Emma Nelson,F,10,-1.598,1.282,-0.042,nan,0.008
30eb9a2b-1570-473f-8cf1-0f7c9d21b303,Zane Navratil,M,16,0.121,1.221,-0.035,0.03,nan
79a11da1-6aeb-4719-9b1e-9918e0163cec,Christian Alshon,M,33,3.878,1.075,0.044,0.039,nan
29e8121d-6f86-4192-b7af-ab05b77b89fe,Ting Chieh Wei,F,27,0.131,1.09,-0.022,nan,0.035
34270d82-e968-407d-a918-8aa57f0123a6,Elsie Hendershot,F,18,1.381,1.227,0.01,nan,0.02
9ce32de7-16c9-4786-a7b0-8c1c2c623d69,Rafael Lenhard,M,36,0.058,0.943,0.03,-0.026,nan
b68c0204-d9d4-4cba-bf23-46706abd77bf,Clayton Powell,M,27,-1.432,1.069,-0.056,0.038,nan
25a6f570-d617-427a-9fc4-3bf6115a9a84,Hannah Blatt,F,20,-1.167,1.074,-0.004,nan,-0.015
50908953-a944-4a34-898b-16af312bc814,Rachel Rohrabacher,F,20,2.508,1.236,0.044,nan,0.023
e96d9339-cfb6-473d-bcb3-23f2887a3e0f,John Lucian Goins,M,46,2.29,0.929,-0.019,0.072,nan
1de884f8-7bf7-4b49-9de8-3f1fd74cabd6,Dylan Frazier,M,22,0.205,1.036,-0.05,0.043,nan
05b194b3-db88-4f77-a26f-5ef5cfbf6146,Riley Newman,M,29,1.067,1.053,-0.019,0.036,nan
7319013d-d511-4aa5-a356-4aa2cccf94f5,Lea Jansen,F,18,-0.06,1.283,0.031,nan,-0.033
66a6c35b-33a2-4a23-b5db-fa53c96d643a,Kaitlyn Christian,F,17,1.146,1.227,0.062,nan,-0.036
20684550-cb89-4ea2-9e2f-0f44eb920b45,Chao Yi Wang,F,25,-0.223,1.1,-0.038,nan,0.032
50c2125b-406c-41e7-aad6-5432c7cd8e1c,AJ Koller,M,17,0.671,1.207,0.001,0.011,nan
a000a067-1bf1-442f-a961-e6c97cb50006,Nicolas Acevedo,M,18,1.22,1.21,0.034,-0.001,nan
52690a0c-ed4a-4e0b-bf69-4ef416cf7d55,Eric Oncins,M,18,2.249,1.24,0.061,0.002,nan
2299675b-4f10-401b-b4e2-c82a811977a4,Stefan Auvergne,M,3,0.202,1.499,-0.006,0.006,nan
4025f403-d676-42ee-97a1-61d9b38c211b,Allison Phillips,F,15,-1.236,1.222,-0.018,nan,0.001
71c8bad4-9344-41c3-b0bc-86675b6f38d9,Evie Kenna,F,11,1.119,1.448,nan,nan,0.022
4a3eea39-b916-4d68-a3e2-5569c379168d,Marina Sicic,F,11,1.147,1.573,nan,nan,0.017
bbc6ac7f-84d8-4d67-973f-17d3ad4a2de7,Antonella Sonda,F,5,-0.605,1.564,nan,nan,-0.007
7f18d4ff-3e7d-49ef-a389-eb79009fc38f,Veronica Baldi,F,5,-0.605,1.687,nan,nan,-0.02
dc549667-632d-4c0c-af89-6f9da8af1e88,Viktoria Kanichova,F,4,0.672,1.601,nan,nan,0.006
44dbbb24-c788-45c4-93b6-992773dda356,Anna Marija Bukina,F,4,0.035,1.646,nan,nan,0.001
caa4ef34-59dd-457b-9bae-c5812c3871c6,Kristiin Mets,F,4,0.052,1.712,nan,nan,0.003
ba4f83fd-f7b2-4e4d-acda-3b38a8fdb18e,James Ling,M,6,0.537,1.506,nan,0.011,nan
5c4a8848-8e77-4893-9c90-9aa188561e1d,Boris Paque,M,6,0.539,1.579,nan,0.013,nan
5ebeb666-30f1-49ea-9a6c-3acaafc78622,Alex Rosa,M,2,-0.647,1.694,nan,-0.018,nan
cc5b5eb2-af6c-45c1-a4e7-9420e23a35d2,Raymond Lawton,M,2,-0.665,1.671,nan,-0.015,nan
80934f96-44d2-477b-b909-17b9cb6d6a9a,Marcela Donatoni,F,8,1.022,1.555,nan,nan,0.027
8ec136c5-ceeb-405b-9a37-69cbf074ad0f,Sabrina Mendez Dominguez,F,5,0.955,1.664,nan,nan,0.031
11555f6f-dc98-411b-8d30-b8bcf7985feb,María Fernández Costantino,F,5,0.974,1.636,nan,nan,0.021
d6adc70a-8e20-4c7d-93f1-026f368c6210,Louis Laville,M,12,1.842,1.522,nan,0.041,nan
05bf7513-7f0a-4f6b-bc11-5d4b14314d91,Tom Protzek,M,15,2.141,1.501,0.003,0.042,nan
0d323b5f-5e88-4925-aa72-0b35edc7f6df,Mateusz Matysik,M,10,1.221,1.446,-0.009,0.025,nan
096cc881-b50a-4961-b164-94d6f850f022,Bálint Bakó,M,7,1.453,1.58,nan,0.035,nan
f0f698f8-d9c3-4e47-8d76-65fb8f9ca2a1,Matteo Eren Enea,M,2,-1.198,1.664,nan,-0.027,nan
279c1930-6e9d-4a7d-acbb-f9568501da37,Alessandro Enea,M,2,-1.165,1.673,nan,-0.023,nan
626853e5-c9a6-40df-9a45-24381fc6ba69,Rosen Naydenov,M,10,1.197,1.493,nan,0.025,nan
61e23289-16de-4649-bac7-ae5419006e00,Pep Canyadell Fabregas,M,13,0.953,1.466,-0.002,0.016,nan
82d4ae51-0d3d-40cd-be75-4235f5453d56,Jesus Garcia Garre,M,5,0.953,1.587,nan,0.029,nan
52be8e53-d403-4a7b-b2d4-c003a1878a26,Hector Sanchez Vidal,M,5,0.949,1.645,nan,0.012,nan
2af6516c-48ed-4e4b-b7c9-67090f92b4a6,Theo Platel,M,15,2.046,1.485,nan,0.044,nan
0c3263ce-a370-475e-8cd7-32414ea409dd,Ben Cawston,M,18,2.18,1.404,0.001,0.046,nan
dfecbd23-681d-4c11-9b68-1fa65cae4fd2,Fruzsina Szeli,F,2,-0.893,1.715,nan,nan,-0.012
da680cbc-76f9-4f0a-9e61-26bd57dee1d3,Rupf Anna,F,2,-0.918,1.718,nan,nan,-0.015
7e4b6499-bbd2-41af-8b54-a17fc89c3449,Marina Alcaide,F,5,0.541,1.608,nan,nan,0.008
3c65a58b-2bc7-4dfc-91cb-bddd3209bc53,Giovanna Mandon,F,5,0.535,1.647,nan,nan,0.008
8a5114c9-3403-4bc6-b779-4c1aca7ec2bb,Dora Kurdi,F,5,-0.762,1.557,nan,nan,-0.009
c3066b2d-fc90-4774-a571-cde5fc5583d4,Chloe Diskin,F,15,-0.47,1.245,0.014,nan,-0.032
2197e919-eade-4f03-b331-4f537ecab9e6,Francesca Rumi,F,6,0.825,1.596,nan,nan,0.017
78dbd513-76f2-45d7-bced-a3260a5fcd48,Klara Thell-Lenntorp,F,9,0.581,1.498,0.0,nan,0.015
60f33eb9-abaf-4adb-815c-2ed8e68d9e36,Claudia Caymel Romero,F,13,1.38,1.483,-0.003,nan,0.027
6d4437fc-cbe8-459a-b872-ffd836454379,Katie Morris,F,13,1.878,1.399,0.003,nan,0.026
85f275ba-2e34-4ba5-8e40-3469047c0eb4,Marcello Bettinelli,M,4,0.084,1.641,nan,-0.003,nan
6bd2d6e4-c8f0-4903-a4b0-4fa9db53419d,Piercarlo Usai,M,4,0.193,1.661,nan,0.006,nan
1a2978c1-7ae2-4173-aedd-39dd37e7deb7,Umberto Vivaldi,M,2,-1.191,1.616,nan,-0.028,nan
19c705db-43b5-47ec-9a74-dbf5ef8e0524,Demetrio De Vito,M,2,-1.189,1.671,nan,-0.027,nan
78d2a2b8-1cf6-42d4-947e-6314a455a6b9,Cyril Peltier,M,7,1.214,1.647,nan,0.031,nan
e3737496-75c5-4241-b3c7-ab3deaaf468f,Mikołaj Biedermann,M,7,1.218,1.598,nan,0.022,nan
12824ad4-eead-4683-8098-560ac879a20d,Pedro Antonio Díaz Adrover,M,2,-0.053,1.745,nan,0.003,nan
1a1a39ba-bb6f-42b9-8f38-4caab2625f2c,David Palkovský,M,2,-0.044,1.744,nan,0.004,nan
b0ab1856-6585-433c-ba7d-5084712d0593,Anna-Lena Straub,F,2,-1.08,1.759,nan,nan,-0.03
936d4ad7-fdef-4793-a783-8f8aba4849b0,Stephanie Vennemann-Kohls,F,2,-1.088,1.746,nan,nan,-0.02
b1ee7296-6cd2-404b-8451-0d795ea34b7a,Vittoria De Pasquale,F,4,-0.104,1.718,nan,nan,0.004
26cc764a-afbb-48b7-90c7-21a78d19a1c3,Kristina Jensen,F,4,-0.097,1.688,nan,nan,-0.009
192613f1-44a9-4ad2-b8da-0a89a02fed8b,Alexandra Zapletalová,F,2,-0.055,1.621,nan,nan,0.005
5a1eed7b-a27a-492f-b91e-890be8cddf3c,Gabriela Leova,F,2,-0.086,1.689,nan,nan,-0.001
6386787a-2e39-4589-b3d1-d663b83b1252,Francesco Gallo,M,2,-0.705,1.766,nan,-0.009,nan
f20f1487-9cfd-45e6-9cb5-e945ed5d3a9d,Lorenzo Lanza,M,2,-0.58,1.611,nan,-0.007,nan
5da74274-1db1-4ab6-8e96-172e05c80ddb,Mireia Rh,F,5,0.126,1.687,nan,nan,0.003
a6123179-2181-4314-ab81-9f31749cb8b5,Karina Zustakova,F,5,0.159,1.71,nan,nan,-0.002
42d9a582-944d-454a-bd3c-2742a71008d8,Alessia Rossetti,F,3,-0.05,1.685,nan,nan,0.003
398f98c6-387c-4361-9d97-99cdbb13f73b,Valentina Sudati,F,3,-0.122,1.813,nan,nan,-0.004
d42cfe32-b34c-41aa-b76f-10d2fb5a7f35,Karolina Owczarek,F,5,-0.503,1.654,0.006,nan,-0.008
787d8221-789c-4720-9a3a-b7569342b942,Caroline Nothnagel,F,2,-0.775,1.74,nan,nan,-0.016
93abf167-22b3-4f07-865d-20abaaf1c26b,Stefan Grubmueller,M,4,0.247,1.635,nan,-0.004,nan
de616602-24e3-40fd-9e05-b3b3fc30e3ae,Davide Vendrame,M,4,0.252,1.746,nan,0.006,nan
00aa691a-b0fc-4d1d-8107-13c0916de5af,Robinn Sander,M,2,-0.702,1.705,nan,-0.011,nan
78dc8ab7-bf74-43f5-83e3-28bd9ee4ab56,Gustaf Geterud II,M,2,-0.722,1.796,nan,-0.022,nan
3145d0ac-4c1d-4897-9c4e-0907e1a65478,Kenneth Suarez,M,2,-1.327,1.7,nan,-0.016,nan
2ee9ccf5-8306-42e3-abd9-a376c223830b,Krisztian Kaszoni,M,2,-1.318,1.701,nan,-0.027,nan
6c7a2a53-e724-4832-a1a3-7112c4463099,Matteo Cugliari,M,4,0.333,1.585,nan,0.002,nan
f3bc870f-21c0-4698-a3c6-be2960e9b0f9,Bastian Grau,M,4,0.27,1.741,nan,0.011,nan
72fe2549-29c9-4ad2-b1e0-1c772e6b5452,Andrea Bosi,M,5,0.494,1.636,nan,0.01,nan
7e90c73f-d98f-450d-9357-7ca8cfd5737f,Alberto Seccia,M,5,0.573,1.558,nan,0.006,nan
5f0f10c2-bcb7-4e9e-9ee2-0fcb86810977,Karlo Krstanovic,M,2,-0.569,1.744,nan,-0.01,nan
d95d74f2-0788-4eb0-95eb-8bb65c8f907f,Marko Lovrinovic,M,2,-0.594,1.702,nan,-0.01,nan
a4bbd818-0a8a-446a-a240-53575d1dfa7e,Henrikas Traskin,M,4,0.012,1.693,nan,0.001,nan
aa267911-7a93-4a2f-8a03-31124cb927a4,Felix Grunert,M,4,0.079,1.63,nan,0.006,nan
d2c1ac51-11aa-4c50-8246-6df7ae5d35c0,Rosalba Cucci,F,2,-1.446,1.773,nan,nan,-0.033
962ac4f2-5ecd-4b87-a11b-2059e6ed184f,Diana Toia,F,2,-1.484,1.776,nan,nan,-0.025
cc0aae52-a627-4912-92d6-570d1f68fbb9,Paola Tampieri,F,4,-0.114,1.595,nan,nan,0.003
03e323f3-e5f2-4a4c-9f9c-7b7e6fa69803,Natascia Sciolti,F,4,-0.107,1.589,nan,nan,-0.001
d2ec9311-509a-4e17-90a4-10ced8293a08,Alex Serrano Ruano,M,2,0.282,1.752,nan,0.01,nan
fc152404-55a6-4161-b72e-9812142e98cf,David Illescas Cases,M,2,0.358,1.656,nan,0.005,nan
26698393-0add-4cdf-bbb3-203b233ebdba,Armando Ferreira,M,7,0.386,1.652,nan,-0.001,nan
e30b26db-2e50-4ba0-b076-b62f20f0af2e,Kym Sze,M,7,0.377,1.629,nan,0.009,nan
55fbb2c5-bcbf-4953-9b7f-4d9a2781fa14,Luca Romanelli,M,2,-0.874,1.691,nan,-0.021,nan
2d072cb6-71e3-4bfc-bee4-9d23d1c31e7d,Filippo Rossetti,M,2,-0.873,1.67,nan,-0.016,nan
dc59708f-1fe6-4dff-b006-17e088f66bf5,Luka Krstanovic,M,2,-1.732,1.734,nan,-0.038,nan
554e94c5-b6ef-46af-bf2c-c8533ac8fd7e,Hrvoje Radić,M,2,-1.657,1.639,nan,-0.032,nan
e2bec0fc-c561-49ac-bb49-738cb16b7d2d,Sara Chumillas,F,3,-0.401,1.602,nan,nan,-0.011
01f8bc01-6aa9-45e3-95f2-ba4250adca73,Raquel Amaro,F,3,-0.451,1.71,nan,nan,-0.007
9d6f7f04-e088-42ef-bdac-5b77a3fd6299,Gabriele Silvestri,M,2,-0.761,1.669,nan,-0.018,nan
f2a24a6e-feb4-4be5-b3d2-6ba6bb261ce6,Wojciech (voyteck) Kmiecik,M,2,-0.765,1.647,nan,-0.015,nan
521caf06-59f2-4056-a1e7-7f341d50338b,María Pintor Rodríguez,F,2,-0.621,1.718,nan,nan,-0.017
e6ab4740-c5a4-47a7-93eb-92d33092186c,Clara Contis,F,2,-0.527,1.728,nan,nan,-0.008
70ff8e94-97ba-4bf9-82a5-df6ef8b93deb,Eugenio Fara,M,2,-0.62,1.775,nan,-0.009,nan
023337c8-0868-4b6d-bb62-e9effad73e56,Gabriele Camasta,M,2,-0.618,1.657,nan,-0.017,nan
9d740bbc-0b4e-496a-9158-f7d4d92f7648,Jonah Edelson,M,2,-1.268,1.691,nan,-0.022,nan
93ccc589-6333-48eb-8f92-db34ef873e51,Alexsander Benica,M,2,-1.241,1.668,nan,-0.026,nan
5a8d862d-5d28-45c6-9e5d-683f031174e1,Riku Owari,M,2,-0.487,1.713,nan,-0.008,nan
dda5191c-e3b6-45a5-9a68-294052c0766e,Zen Yoshida,M,2,-0.514,1.655,nan,-0.003,nan
2e0c0227-6e3e-43d5-8037-7f8bd0f9b935,Gabriel Joseph,M,4,-0.972,1.59,-0.007,-0.004,nan
129b2771-34b5-4b7f-9c23-e020a6aa3e6a,Anna Leigh Waters,F,25,3.872,1.186,0.033,nan,0.045
b51ea0fb-c243-4427-85f8-b798febb51ff,Jorja Johnson,F,25,4.345,1.177,0.042,nan,0.051
a018902f-114c-4519-997c-4fdf52d4a0e1,Abbigal Hatton,F,19,-1.229,1.132,-0.052,nan,0.037
b9bacc1e-29b5-4a92-a9c1-24e08ac72215,Sofia Sewing,F,21,1.457,1.233,0.039,nan,-0.005
cd1bf109-4907-4208-bca1-4d12f9494a4c,Casey Diamond,M,20,1.484,1.213,0.047,-0.005,nan
c96f7a83-9cc1-4fbe-a610-126ed8e3a202,Gregory Dow,M,20,-2.217,1.174,-0.047,-0.001,nan
574957ae-e8d5-486e-aabc-a1cc6a392f8d,Jalina Ingram,F,43,1.067,0.922,-0.014,nan,0.04
348255bf-f94e-47cb-ab5d-95969c2bd7b9,Aiko Yoshitomi,F,6,-0.658,1.359,0.009,nan,-0.017
f86cff72-5f9c-40b1-9f28-f28aafae245f,Wyatt Stone,M,15,0.057,1.214,-0.004,0.005,nan
89843e44-48fd-4a3f-b8c0-5f5aa6ae5741,Dekel Bar,M,22,1.536,1.146,0.048,-0.011,nan
dbcb41e9-e983-410b-bc23-d184d034cfc0,Tyson McGuffin,M,7,-1.747,1.463,-0.017,-0.028,nan
d45a3391-82f4-45d0-ba66-f1901854a8d0,Darrian Young,M,7,-0.585,1.406,-0.0,-0.011,nan
f879086b-e0e5-4772-b0a6-4055c265da69,Tina Pisnik,F,22,1.818,1.191,0.041,nan,-0.005
a3ed7970-35d2-485c-8285-187c298a2d83,Lacy Schneemann,F,12,1.213,1.248,0.017,nan,0.0
469988c9-b401-4c68-9e07-e1b1b104b791,Yates Johnson,M,20,0.5,1.118,0.038,-0.027,nan
d50310a6-9378-4228-823f-7fb54f7bd698,Gabriel Tardio,M,24,1.851,1.178,0.015,0.018,nan
fc05556e-3e38-4a38-99c2-f855174a7c28,Hayden Patriquin,M,26,2.946,1.199,0.033,0.026,nan
1bb8b2c1-ca6f-45ac-afdd-fab7e77d69d4,Noe Khlif,M,14,1.533,1.253,0.046,-0.022,nan
d0f19d1e-2a6e-4eb3-b10c-1311edd599a8,Will Howells,M,13,1.147,1.293,0.016,0.011,nan
3af01041-5679-400a-87b8-12c01db8cec4,Kate Fahey,F,24,3.393,1.198,0.02,nan,0.048
db5eef5c-99dd-49d9-bbfc-65171a366bda,Anna Bright,F,26,4.098,1.202,0.037,nan,0.043
a9a168ae-7822-4d31-b07b-fba40480c1fc,Brandon French,M,37,-0.225,1.004,-0.028,0.031,nan
c971bb40-090b-4e47-be58-905495e38401,Miles Hoover,M,40,1.264,0.977,0.021,0.006,nan
a0582749-fb23-42cc-98ed-1915464c4814,Luke Wasson,M,18,-1.234,1.154,-0.027,-0.01,nan
96fa4141-9648-475f-ab95-fb6796c2f489,Sam Weinbach,M,9,1.081,1.491,0.006,0.015,nan
1bab49f1-6891-4d3e-8f77-42aa4fc1d18e,Mohaned Alhouni,M,61,1.955,0.839,-0.008,0.038,nan
89647b43-f3f5-49e6-896f-614f0175a3f5,Jackson Ayotte,M,32,0.04,1.014,0.008,0.006,nan
1607a4f2-2592-4745-ba49-21bbeb199151,Sydney Sonday,F,11,1.301,1.361,0.021,nan,0.004
f6e249dc-5bb9-483a-a99f-df364df93341,Kelly Goodnow,F,53,2.266,0.864,-0.003,nan,0.055
1c9a1752-42f3-446c-8527-cdc549cc941c,Circa Luna S,F,14,1.548,1.336,0.044,nan,-0.012
cbd6f28a-2de2-41b1-9173-755315150282,Mila Messinger,F,5,-0.55,1.608,nan,nan,-0.009
80c7b31d-c0f9-47ed-ad11-c8a9cf369925,Kaitlin Tran,F,6,0.686,1.531,-0.009,nan,0.017
3f29827b-5f36-4726-a16c-bf4f038705c5,Alexandra Strange,F,2,-1.016,1.748,nan,nan,-0.019
4cbfc815-dc55-4d6d-b844-f28b3aeb40d6,Cassandra Fryberger,F,2,-0.962,1.73,nan,nan,-0.031
ce7e7707-c94e-4d33-b34a-37efe3363774,Eli Steiner,M,54,0.697,0.861,0.023,-0.001,nan
3270dc72-53b7-4d35-aa4c-7f8b7b6bf905,Matthew Barlow,M,35,1.379,0.99,0.021,0.021,nan
399fe2bc-d7f3-4e31-a194-0ac3dcbf0894,Kamyla Held,F,5,-1.543,1.626,-0.014,nan,-0.033
f613fc75-b580-4c2a-87ae-cfe024504205,Melissa Beré,F,8,-1.706,1.449,0.003,nan,-0.038
ac2bf5d1-3377-488f-be6e-014c89cb6cd1,Hannah Pardus,F,4,-0.693,1.611,nan,nan,-0.011
4401d1f8-7fc6-4f08-8942-449c356678f6,Mylin Lemke,F,9,-0.511,1.475,0.002,nan,-0.017
1e538b1f-66e9-4166-ac60-3aef311ee0b5,Jada Bui,F,16,0.839,1.322,0.008,nan,0.004
f90019dd-1155-4fb0-96af-1ad5ef85184b,Volly Johnson,F,4,-0.633,1.636,-0.001,nan,-0.017
dc69fcde-bcda-4441-8b66-a8bafeb12ded,Joel Poland,M,65,1.106,0.905,0.033,-0.005,nan
146dd2f7-7f5d-495d-b2f1-96d433742fec,Eduardo Santini Ayon,M,42,0.851,1.021,0.025,-0.008,nan
3aad1ef4-ac79-442b-880f-283a5af18fbb,Austin Romaguera,M,4,0.655,1.64,nan,0.016,nan
2bcbe380-9376-404a-8bb4-c89ab7a8edde,Cole Wilcox,M,4,0.612,1.675,nan,0.01,nan
3ce4aa7c-c96f-4a78-ab5c-051eb53a5fc3,Grayson Brandon,M,4,-1.834,1.71,nan,-0.038,nan
e4bf2cca-f71a-4ded-89fe-39db811423db,Jace Howard,M,8,-0.369,1.556,0.022,-0.034,nan
37a2a373-8d3e-4177-bf1b-e6c9eaa52f5e,Natalia Simson,F,10,-0.715,1.453,-0.002,nan,-0.016
ac6e5c34-ef0b-42a3-8379-e8447413c6af,Constanza Gorches,F,9,0.661,1.415,0.02,nan,-0.004
43a35ec2-3d7a-4c6f-b412-cac02d237a46,Vritti Sethi,F,9,-0.294,1.374,0.007,nan,-0.005
9e8ad96a-17a3-48bf-9363-7b35cc96b2b8,Averee Beck,F,8,-0.913,1.404,-0.009,nan,0.0
cf21b2b4-0f5b-43c0-b8b1-18b64b376cd2,Lucas Pereyra,M,10,-0.355,1.463,0.001,-0.003,nan
8834a79d-a6ef-48ca-82dc-900db2a441a0,Jayce Landheer,M,5,-0.318,1.576,nan,-0.003,nan
ad27fa70-ef8e-493c-8871-caf9afce0801,Dave Weinbach,M,6,-0.182,1.571,nan,-0.001,nan
b3917e17-d8cd-401f-82b5-ea6856a83e88,David George,M,6,-0.142,1.604,nan,-0.002,nan
a6f57d71-bf90-48fc-b05b-abe66980a132,Mike Radermacher,M,43,0.669,1.03,-0.054,0.062,nan
90b27004-f6bd-4a12-9cfa-acde87301310,Joel Cassens,M,14,0.67,1.406,0.014,-0.006,nan
dcd029fb-2814-401b-a1cb-0c4269d9954b,Allie Reichert,F,25,2.062,1.128,0.014,nan,0.043
2030bb81-feec-428a-85d9-c8188445ed00,Ariana Ajani,F,12,1.853,1.347,0.01,nan,0.019
8ef05c0d-a40e-494f-b27e-77c36449e9ae,Chantal Mabie,F,15,0.308,1.241,-0.001,nan,0.008
f4bbf7d4-371e-42f7-9979-568f57881a11,Adelie Osher,F,28,-0.012,1.077,-0.057,nan,0.06
bd7773b4-7b8e-4da2-96ce-98fe3490ee93,Lindsey Newman,F,62,2.194,0.872,0.081,nan,-0.036
49d53a66-df0a-4419-892e-0fe6c788391e,Wendy Weston,F,11,-0.72,1.4,-0.002,nan,-0.023
4a2236e5-8dbb-4986-b523-6ea384b51c4b,Grace Nguyen,F,5,-1.16,1.606,-0.02,nan,-0.003
6a87bc44-5190-44db-8a2f-467de4de48c6,Christa Gecheva,F,48,1.67,0.884,-0.002,nan,0.033
bde1ffe8-4651-40ac-8e1b-24e850ff7586,Tommy Labat,M,10,0.33,1.378,-0.017,0.036,nan
2cdfbe76-f54d-411f-8bf4-b2e2ba1fd439,Nisal Liyanage,M,14,0.776,1.367,-0.0,0.024,nan
d50c8578-6b06-453d-99fa-7a910cc5e39e,Jordan Tacheny,M,7,-0.101,1.521,0.007,-0.006,nan
110bc104-eec8-451a-bdd3-c78e9d6cad2a,Jamie Hafner Jr.,M,2,-0.341,1.693,nan,-0.011,nan
85fd72c5-d264-4ad5-8f75-070e1a657508,Maya Wilson,F,9,-0.135,1.506,0.004,nan,0.006
2a490031-a7b4-4833-8d61-b9970960d2dc,Monika Wynne,F,6,-0.576,1.585,-0.018,nan,-0.01
b3f48e8c-c552-4a9c-b200-42de913820ad,Brenden Everhart,M,7,-1.546,1.54,nan,-0.032,nan
5fc11785-edc1-4fca-a4eb-d71cc0d36483,Patrik Kevin Tsati-Onla,M,5,-0.22,1.594,nan,-0.008,nan
84bc805f-1c7a-4151-8c50-f3236805edea,Aanik Lohani,M,13,-0.972,1.337,-0.006,-0.009,nan
666db10a-f8de-4310-a988-cb0005f38a30,Edgaras Zilys,M,19,1.051,1.316,0.006,0.026,nan
7afc02f4-1e87-45c2-a101-0d48ecc05f8d,Martin Stanchev,M,26,1.53,1.147,0.003,0.022,nan
6f40bd0c-a3d4-4be6-bf79-a40d8e21fd83,Christopher Anderson,M,4,-0.79,1.661,-0.004,-0.02,nan
571d4503-e073-4580-a555-be3c7f93c59c,Chuck Taylor,M,22,-2.291,1.149,-0.033,-0.02,nan
3864ce4f-1fda-45cd-9bfd-4a6cb6ba069b,Will Lieberman,M,9,-0.616,1.489,0.003,-0.008,nan
3138ce06-22c5-459d-8e83-30ffd8856b35,Luke W,M,2,-0.486,1.704,nan,-0.013,nan
fdcf0567-0817-4a26-a427-31daa7b297e0,Karson Feyereisen,M,2,-0.468,1.696,nan,-0.01,nan
0b75af4a-8c68-4ff7-a2f1-09bda71b5bed,Andre Mercado,M,42,1.173,1.019,-0.045,0.069,nan
26898786-4fd1-4dd9-bc18-a5c515a6b0ef,Maverick Messinger,M,27,-0.339,1.091,-0.02,-0.003,nan
a973d880-71ca-48d1-b127-a7e23afd5a19,Matthew Mead,M,9,-2.058,1.402,-0.028,-0.009,nan
0ac11983-04a4-49b8-80b6-afbc7453465e,George Bulger,M,5,-1.451,1.556,nan,-0.025,nan
4a1d43d1-bc2a-42ab-b2e4-fd2c2ec339cd,Ben Baravik,M,4,-0.475,1.494,-0.019,0.014,nan
856ad395-70ff-4234-92f8-3218f8b0ae2b,George Wolf,M,8,-0.612,1.462,nan,-0.008,nan
6ceeb129-a28c-410e-a3da-6afb338a331d,Dylan Unkert,M,4,0.322,1.618,nan,0.009,nan
ad7bf9e2-f1db-415b-ae1f-776f0fdca16a,Cayden Sprowl,M,2,-0.763,1.789,nan,-0.014,nan
5ee2742d-1d00-47fa-bca0-bf8d6116bff8,Brandon Contratto,M,5,-1.325,1.645,-0.007,-0.022,nan
76cb507c-754e-4a0f-af03-f679a0ca4e3d,Aditya Ratnala,M,2,-0.476,1.652,nan,-0.006,nan
06bf1d7a-349c-4252-8ee0-05cb65a4a6a0,Alexis Hayden,F,4,-0.717,1.484,-0.015,nan,-0.001
80217cca-df99-4019-a90f-385622ca057a,Zach Gonnering,M,35,0.925,1.025,0.004,0.009,nan
fabf1dc9-7dd1-4b52-aa96-0df269e2a008,Lorie Caelwaerts,F,2,-0.778,1.727,nan,nan,-0.02
56a8d61e-17db-404a-bed9-bcc11bf9156d,Julie Azzolina,F,2,-0.772,1.631,nan,nan,-0.016
e10e03b1-d46f-4a8e-9c5c-1a418e511328,Khalijawan Barber,M,4,-1.072,1.612,-0.017,-0.002,nan
135206c1-6886-4bef-9b26-20adf7dcda45,Christian Tanner,M,2,-0.467,1.713,nan,-0.006,nan
607ff7e3-ba06-47f2-8bdc-0f66a4a6614f,V. Mary Rivas,F,11,-0.71,1.369,-0.029,nan,0.008
b89b9a41-402a-4b8f-a876-83fb95bbbfd4,Nina Rhoades,F,6,0.528,1.506,-0.013,nan,0.021
034ef432-2de0-4893-b242-34baee3c73a6,Jillian Niemann,F,8,-2.124,1.44,-0.028,nan,-0.012
4c84febc-d921-4f70-92c5-21d1c7127b24,Samantha Morgan,F,8,-1.941,1.409,-0.026,nan,-0.005
2dbd6cd3-5ab7-4b4d-ab89-4be8a202b5b7,Tanner Petrick,M,2,-0.97,1.657,nan,-0.022,nan
4338e03c-c4e9-4c41-a9dc-e48e3c5f734e,Jason Horychuk,M,2,-0.972,1.726,nan,-0.017,nan
15fdedc7-102a-44aa-a4fb-76c8350d1a4c,Ryder Brown,M,9,0.389,1.378,0.003,0.004,nan
dee643dc-920a-42e7-9596-7052f08cd4e8,Jamie Voelker,F,6,0.296,1.528,0.007,nan,nan
fc306d88-9978-4ca0-9ed1-c91eeb1f0de1,Hailey Munz,,5,0.249,1.624,0.004,nan,nan
7b6b98b0-27ab-4a48-96b4-12ad4732a014,Benjamin Huynh,,2,0.05,1.778,0.002,nan,nan
2b56b414-7c42-4609-8b2c-285506bef036,Jayda Maldonado,F,7,0.897,1.478,0.014,nan,nan
ababc250-f834-4e1b-a3e5-f7152faf0888,Kendall Warren,F,9,-0.619,1.371,-0.009,nan,-0.003
617f573b-5a95-4a35-b5ee-44ee16b610a9,Jia Yi Tan,,2,-0.831,1.768,-0.016,nan,nan
316a0784-5829-4fad-89a1-438e5aac2504,Jazz Hearn IV,F,4,-0.335,1.595,-0.01,nan,nan
68d3b279-8b2d-4055-8eb3-b28448c1f7d2,Katie Neils,F,2,-0.891,1.708,-0.015,nan,nan
d1d9ab01-d487-4dca-829b-99711c77f3b5,Linda Loch,,2,-0.246,1.666,-0.007,nan,nan
6794d224-7da3-43d9-8300-e24e731f5dea,Samantha Parker,F,2,-0.325,1.75,-0.011,nan,0.004
07ba5aa2-4581-4f2e-a62a-ec802353725c,Irina Tereschenko,F,2,0.301,1.808,0.01,nan,-0.011
7d1a5320-aaee-46b1-a912-da2edd195248,Rika Fujiwara,F,2,-0.123,1.666,0.021,nan,-0.018
435e466e-22c7-4917-8cb4-ff45bbccde19,Tamaryn Emmrich,F,12,-0.223,1.297,0.01,nan,-0.011
22220f93-1344-40a4-b468-4db3e29410bb,Michael Massih,M,9,0.739,1.537,0.024,0.001,nan
2adf9a96-2b76-47e2-a9d1-739b146aaf24,Ryan Morris,M,6,-1.568,1.584,-0.022,-0.004,nan
8f937eab-4d95-403b-9876-50cf9dfb1e43,Kyle Anderson,M,2,-0.332,1.765,nan,-0.008,nan
b3b5c321-caa3-4051-8716-cc07f6def722,Liam Lamb,M,5,-1.062,1.576,-0.023,-0.004,nan
5a48d9fe-f61f-436f-9451-cd3b0bbda6d8,Nicholas Maleganeas,M,10,-0.33,1.471,-0.043,0.012,nan
a770fd12-8c42-4b11-a19a-7a962828391b,Jason Taylor,M,10,-0.055,1.438,-0.017,0.013,nan
f45799d3-6a8f-49eb-ba66-18144efc5348,Matt Carter,M,2,-0.568,1.697,nan,-0.01,nan
dbc38a61-733a-405f-a923-ff1861ce8e91,Luther Ferris,M,4,-0.669,1.612,-0.004,-0.017,nan
1961070f-7d4a-4677-9a66-d208d917c04d,Katerina Valos,F,8,0.347,1.495,0.009,nan,0.009
e84cb199-ef59-4c91-b7be-31ce28420fd4,Emily Martin,F,6,-0.373,1.526,-0.015,nan,0.013
57353b41-cf47-451a-b808-137cfea0fe37,Olivia Isbey,F,2,-0.291,1.742,nan,nan,-0.008
16ff0938-2d6a-4c02-b131-fd0770385d34,Deborah Rossi,F,2,-0.277,1.656,nan,nan,-0.012
0f82379d-f256-469b-b5d2-26e86409f1a3,Andy Van der Vyver,M,8,0.47,1.542,0.009,-0.016,nan
972dbd63-f899-4c7c-baae-57e79123a899,Daiki Tanabe,M,8,-0.028,1.471,-0.002,0.002,nan
d11cbf0c-b928-46a7-ba53-70933e80eb97,Benjamin Beard,M,2,-0.381,1.812,nan,-0.005,nan
2887ee14-28a3-488c-9610-fdcb720b4ade,Aaron Johnson,M,4,-0.716,1.614,-0.007,-0.002,nan
d212fa85-d1ac-464b-9574-8439425e061d,Lachy Donnelly,M,13,0.311,1.393,-0.02,0.02,nan
876789c4-669c-4d49-808f-6b45e6a75f44,Kepueli Fitikefu Jr,M,2,-0.622,1.72,nan,-0.01,nan
ab60b0bc-d1b3-4968-9dc5-f57dc5c7561c,Pahulu Fitikefu,M,2,-0.603,1.691,nan,-0.02,nan
d0d6d65c-6a52-4676-8c71-281d29a8db01,Harrison Brown,M,16,2.115,1.32,0.022,0.015,nan
66cb85be-fe8b-402d-a4f7-4a8e6a7c3ad7,Lucas Pascoe,M,17,0.082,1.282,-0.012,0.013,nan
f286f301-1f33-4500-b611-9b6f59d3b9fc,Ben Spotswood,M,2,-0.83,1.811,nan,-0.017,nan
b3cb33e2-a0ae-47b7-9a9d-9d48d69b7f94,Denver Bannerman,M,2,-0.819,1.701,nan,-0.019,nan
9e2a5ee1-cdc9-4635-a15a-540ee99192b7,Mitchell Hargreaves,M,19,2.188,1.292,0.012,0.022,nan
acf4ae69-cc7f-4a30-a613-c8ca0b80e11c,Zachary Grabovic,M,19,0.324,1.261,-0.022,0.025,nan
9c3985a0-bb57-436a-bb29-1d6b59928b3c,Phi Lam,M,2,-0.773,1.692,nan,-0.02,nan
1def5379-b6cb-45d2-a57c-342047ad2b99,Harry Tan,M,2,-0.736,1.716,nan,-0.005,nan
e17b879f-03b0-4f20-a9fe-5df7e102a2b8,Joshua Carpenter,M,4,-1.618,1.598,nan,-0.029,nan
62865128-f55c-4c57-a35e-30834e4439b8,Bassem Kheireddin,M,9,0.154,1.523,-0.007,0.011,nan
8085a986-b03a-4c96-9d50-a42d3cba3934,Jacob Bolkowy,M,18,0.529,1.242,-0.006,0.014,nan
ec94501d-8b59-4236-b77d-7238f8925e48,Marcela Aguila Ampon,F,12,0.225,1.27,0.014,nan,0.003
25139050-f977-4456-9545-7d63b72fa380,David Litvinov,M,19,1.395,1.245,-0.006,0.039,nan
47cdc6f5-3e06-4249-adde-f588681bb483,Maria Klokotzky,F,19,-0.713,1.238,0.023,nan,-0.042
8e7a29ce-455d-4987-a967-246f45757a7c,Naomi Tran,F,12,0.605,1.413,-0.009,nan,0.035
d0513962-42f2-40e9-904e-b5b615587b98,Janaye Sakkas,F,5,-1.131,1.563,-0.036,nan,0.019
034a3000-2e5e-42b5-9b6a-1a821b967ebd,Gregory Zukeran,M,7,-0.558,1.499,-0.015,-0.004,nan
dc166307-b88c-4519-a3d2-60c6d4495152,Conner Koga,M,7,-0.668,1.513,-0.012,-0.004,nan
1216c43e-17fa-4918-88d3-4f8b9d663dd0,Daniel Price,M,3,-0.524,1.711,nan,-0.003,nan
7b555586-4e4c-4fc0-9f47-c7d40ddf38c1,Brad Eckart,M,3,-0.569,1.752,nan,0.001,nan
5a2bcefc-c495-4a2d-b3cc-03b6cdecd84f,Xiao Yi Wang-Beckvall,F,21,3.481,1.222,0.037,nan,0.028
1212cb97-01fb-4783-af53-2b03ef4f8367,Asako Pastrana,F,8,0.254,1.409,0.019,nan,-0.012
a617eeb6-a9f1-4878-bf74-d714575cdd25,Kerrie Tobita,F,6,-0.775,1.554,-0.022,nan,0.001
69633ccf-87be-4975-a578-53d6e166c91b,Wil Shaffer,M,7,-1.045,1.483,nan,-0.035,nan
079cece3-01b2-4dd1-9e95-957b83b14cd7,Victor Rodrigo,M,5,-0.297,1.64,nan,-0.01,nan
f9ae639d-11c5-4336-8b09-71d0fb6f9d9b,Sienna Hitzeman,F,8,0.424,1.47,-0.013,nan,0.025
03b91579-1bd5-4f20-a9c1-e400cbd21255,Antoaneta Toskova,F,6,0.136,1.467,-0.014,nan,0.019
4f91b214-a32b-4bce-ba22-0ec6b7021444,Deanna Pham,F,4,-1.018,1.668,-0.002,nan,-0.016
fdbc0750-8ded-4bfe-9657-4b84779dcee6,Tiffany Wang,F,4,-1.478,1.578,-0.007,nan,-0.021
2b263831-6c1c-4189-8e0f-b7c6459cf415,Cassie Postma,F,9,-0.278,1.422,0.018,nan,-0.011
545fab2b-970e-4881-a6be-c6ffee69293e,Lingzhe X,F,14,-0.603,1.293,0.014,nan,-0.022
c0a41673-9853-41a0-a5f0-3081b27289a6,Heather Schallenberger,F,6,-0.877,1.557,-0.034,nan,0.009
661cf320-6ca7-48d5-8b88-752d4bc6ea68,Alexandra Valenstein,F,6,0.578,1.46,-0.001,nan,0.018
a1164b6f-c354-4f0f-a427-396a2455dd2f,Jocelyn Bedoya,F,5,-1.527,1.522,-0.008,nan,-0.008
df493c7f-4227-4ee1-a359-f1d626480117,Francesca Fakidis,F,6,-0.695,1.542,-0.001,nan,-0.015
615970c3-c0d4-4920-ad0b-4895dca2ca60,Eddie Kang,M,5,-0.426,1.653,nan,-0.01,nan
ee687b5a-db21-4181-b14c-001b7f53a4ce,Vikram Kumar,M,5,-0.465,1.557,nan,-0.016,nan
7e80fb5c-2c60-465c-9a02-57beaeb9d21f,Kelly Marks,M,3,-0.498,1.677,nan,-0.013,nan
573bf5af-8fea-4089-a651-bccc2ee89fb2,Kevin Rushton,M,8,-0.262,1.472,0.005,-0.022,nan
dc7f6ac5-f007-4b8f-b343-95e524dc7d0a,Luc Pham,M,22,0.778,1.143,0.027,-0.011,nan
81695a18-feb6-4133-b505-4c8990fbea18,Ant Tran,M,6,0.106,1.538,nan,0.002,nan
1936f665-e630-462a-bd89-0dcfcf7c9e6b,Indigo Dagnall,M,20,1.035,1.216,-0.011,0.02,nan
543f0cd6-0e25-4319-8539-0a051ead76ca,Markal Luckett-Smith,M,2,-0.708,1.646,nan,-0.021,nan
51e9dc35-e543-4222-ad12-69697397a975,Beau Covell,M,4,-1.792,1.646,-0.018,-0.015,nan
ad637985-0ff4-4c1b-93a6-6aa0d8992a39,Garrett Whitehead,M,12,1.537,1.565,nan,0.036,nan
8a71d348-6401-4068-bedd-f4ed30460d2f,Andrew Caldarella,M,12,1.552,1.553,nan,0.038,nan
279e884e-f905-44cd-b820-6c873b68debc,Frida Mudsam,F,14,0.566,1.299,0.025,nan,-0.007
1a84e636-31cd-4225-bd51-860dcdfd58ba,Eileen Tran,F,8,-1.769,1.416,-0.022,nan,-0.013
609957ef-fdf8-4171-bd10-f48df4519bb0,Dylan Goldman,M,9,1.286,1.45,nan,0.032,nan
ad13ca35-c83d-4c06-8555-7b4f20b416bc,Noah Zwiren,M,7,0.738,1.447,0.02,-0.01,nan
138db844-6667-4e51-b2ed-9af2782b63b1,James Yu,M,2,-0.296,1.623,nan,-0.016,nan
0a84556e-30f6-4500-8c95-a9ccbc51c7b1,Leah J,F,7,-0.851,1.571,0.004,nan,-0.02
75606179-6e19-4f25-bb8d-f66dfa19287c,Naomi De Hart,F,8,-0.213,1.526,0.018,nan,-0.014
dba7cf49-9f57-43e3-878d-a63ced26a243,Jaeda Minniefield,F,47,0.031,0.917,-0.007,nan,0.003
2c1692a6-0fa2-47b0-9d2b-e12b5c054ef4,Janet Liu,F,11,1.007,1.394,-0.011,nan,0.036
d127de14-ca1d-47f3-a561-f6f8ccd53b7b,Nate Evensen,M,2,-1.082,1.687,nan,-0.017,nan
754006ea-b6bf-48e2-9ddf-f69cf6e814c5,Colby Holcomb,M,2,-1.107,1.748,nan,-0.023,nan
21ed6c0a-6f07-4e74-afae-9e2218085daf,Levi Daniel,M,11,-2.674,1.425,-0.052,-0.002,nan
1b74883b-79db-4c0f-aad3-c4011286f053,Justin Guiltinan,M,11,0.808,1.398,0.013,0.001,nan
481d9fef-ed7a-4fc9-9d19-a4f9b5a57d56,Ella Cosma,F,23,0.126,1.2,-0.001,nan,0.015
3d81052b-beb5-43a8-9941-a5595a0be3c8,Brianna Kemp,F,7,0.306,1.483,-0.018,nan,0.019
04158680-ebb3-4554-96a1-500cc6d00882,Chloe Igleski,F,15,0.486,1.245,0.024,nan,-0.021
af472932-bdca-4a6f-96f5-c8474817512e,Stephanie Vogt,F,6,0.232,1.47,-0.005,nan,0.006
bdfff14f-d84e-4fe7-a71b-e78e75245caf,Isabella Hoang,F,6,-0.026,1.565,-0.018,nan,0.012
f370a1a0-2e1a-463b-a35c-30899131f7d6,Troy Akin,M,4,-1.318,1.531,0.003,-0.03,nan
0d40af37-5b44-4f00-a2c8-03ea5e34960c,Ram Kotnana,M,14,0.996,1.404,nan,0.013,nan
c92c2e79-79c5-474a-bc5b-6ca3931da3b2,Jack Hared,M,11,0.292,1.515,nan,0.008,nan
cb9ea037-f204-4216-ac56-930a01009166,Matt Burkhardt,M,45,1.035,1.036,-0.036,0.051,nan
e9e53f91-f77c-4e75-9acd-88839f79a070,Jessica Lyng,F,2,-0.304,1.69,nan,nan,-0.006
2177a8cd-bc2d-4dfd-a6ed-e80eb7bf1cc6,Luke Williams,M,9,-0.251,1.365,0.012,-0.02,nan
dce4187f-efbf-4ef3-aeb6-f9a5f09b7d0b,William Gardner,M,4,-1.539,1.619,-0.023,-0.01,nan
3dc35d50-5e53-428c-bb82-7155cd885901,Jensen Kim,M,4,-0.788,1.539,-0.009,-0.004,nan
27f9450b-b81f-47b4-a331-ad9482366614,Brensten Chan,M,4,-1.139,1.68,-0.012,-0.008,nan
0ccab93d-398c-40a8-821f-07a2ded79dde,Zoeya Khan,F,16,0.443,1.286,-0.017,nan,0.024
0368a6a3-c439-4fee-a89e-01028e9739f8,Cai Haught,F,9,1.028,1.469,0.02,nan,-0.002
3406fcc8-3252-43a5-9c83-771a84fcbcf3,Leah Black,F,8,-0.193,1.43,-0.006,nan,-0.001
5d73e0b9-a7f9-4521-961b-8d79742ee23f,Albert Wan,M,6,0.327,1.596,-0.002,0.002,nan
41c769d6-a3de-4db0-b7b7-cec7c5dee51c,Ishan Balakrishnan,M,4,0.405,1.682,nan,0.01,nan
36e21b56-6a8e-4d1c-8aea-063a49f6ef51,Jennifer Grady,F,4,-0.855,1.604,-0.021,nan,0.004
f036500c-90c2-4738-be0a-d1c3eb0f72cb,Shayla Molnar,F,4,-0.495,1.621,-0.014,nan,-0.006
397b3fba-650e-465c-ae98-03422712e358,Riley Hanks,F,4,-1.495,1.594,-0.023,nan,-0.002
a6ca73aa-4952-44d0-b6e8-ad1c385b4b7c,Joy Leising,F,2,-0.313,1.767,nan,nan,-0.005
53cffd68-8c08-4ad7-88fd-a72ee20d716e,Marisa Ruiz,F,18,0.92,1.107,0.008,nan,0.002
da0e78e4-800c-4f37-af18-529b3c4ed969,Sarah Kaufman,F,5,-0.893,1.686,-0.023,nan,-0.002
8a990576-fa1d-4878-8b39-62e5475de915,Alison Bruggeman,F,5,-0.246,1.557,-0.012,nan,0.004
6301309a-ee41-441f-8382-00d54cb077a5,Gavin Fowler,M,4,-0.722,1.623,nan,-0.013,nan
c5a54559-45bd-4816-9db0-9646a9926969,Jaxon Madsen,M,7,-0.083,1.503,0.018,-0.017,nan
47690bb2-18cf-4172-889a-1f9cc5bb6d9d,Amir Tabatabaeian,M,4,-0.499,1.594,-0.021,-0.007,nan
1ad19b48-ae39-44aa-b2a0-5a40a6b71420,Daniel Byun,M,4,-0.499,1.594,-0.014,-0.001,nan
5f10ff12-03e8-4384-90a7-a15682ee7edd,Hayden Rand,M,2,-0.653,1.71,nan,-0.008,nan
d88009f8-bd29-4770-80a0-754ed7e2bc96,Tommy Shin,M,2,-0.333,1.718,nan,-0.008,nan
6cc11792-8511-4066-ad3c-a2916337c01e,Geancarlo Nieto,M,2,-0.32,1.741,nan,-0.01,nan
f5d524c5-66e7-4ac6-8ab0-c6627dbc2f73,Christie Mead,F,4,-0.844,1.583,-0.008,nan,-0.017
e8ebad41-8be5-4660-ace3-c6c713ae2e85,Darlene Mulkins,F,4,-1.765,1.593,-0.023,nan,-0.009
e0f67fdc-7c78-4aa6-829b-f978d481b07f,Elissa L,F,2,-0.032,1.689,nan,nan,-0.003
4de68830-5966-4b09-abbd-91bed22df13d,Cade Edwards,M,18,0.418,1.164,0.011,-0.006,nan
a7e358b0-517e-4972-89ff-d95f0797e1c7,Jase Edwards,M,9,-0.037,1.464,-0.015,-0.0,nan
1caa5a84-225b-4ad4-8446-ea743c375e76,Hunter Merritt,M,3,-0.227,1.696,nan,-0.013,nan
b40f1add-dfc3-446d-9c65-b1ab7bec6194,Victor Camilo Iii,M,2,-0.554,1.644,nan,-0.012,nan
779aa5a2-584b-41ec-be22-f81ba0c4e5c0,Alejandro Trevino,M,2,-0.542,1.634,nan,-0.015,nan
22989ac3-e778-487a-ba32-a30243acd294,Christine Trifunovic,F,7,-2.18,1.526,-0.012,nan,-0.033
35f81e87-382e-41cc-9bab-687116861954,Jace Morris,M,27,-0.124,1.087,-0.022,0.022,nan
e4f3d6c4-b30d-4732-aee5-acf2c2b41d94,Eugene Mak,M,7,-0.691,1.356,-0.014,-0.007,nan
5106c31c-ea6c-49ba-81ca-b622b1d7afd1,Mackonner Dy,M,9,-0.269,1.4,-0.009,-0.002,nan
1156b152-0789-48a6-87f3-69f1222de061,Clayton Truex,M,5,-0.137,1.586,nan,0.004,nan
bea341c3-9f09-423a-b1b7-af53dbe457c7,Joseluis Herrera,M,9,-0.018,1.406,0.007,-0.006,nan
d5d0251e-ebbb-4205-8091-d5f9fe73dd68,Johnny Miglino,M,3,0.122,1.68,nan,0.004,nan
593f9def-4275-44ea-8841-cb38805348bf,Takato Watanabe,M,3,0.129,1.664,nan,0.006,nan
06e87b30-1f70-46e6-a6a8-17a4086d609a,Kailas Shekar,M,20,1.016,1.168,-0.002,0.031,nan
f843b220-41cb-4203-831b-6aac32b8f02a,Riley Inn,M,16,0.38,1.225,-0.026,0.039,nan
9780929c-0e6a-455f-ac3d-7f30e86ad2f8,Will Wimbish,M,8,-0.182,1.503,-0.003,0.005,nan
b877d08b-9f1a-4d08-8d72-bbc6d364613b,Don Alto,M,4,-0.782,1.496,-0.013,-0.002,nan
34049405-b415-4f3a-aade-5be0111ac7db,Bruno Faletto,M,28,1.961,1.066,0.019,0.023,nan
9a449e9c-69aa-4a48-8f28-217766ab25f7,Armaan Jiwa Mawji,M,18,-0.042,1.224,0.006,0.006,nan
516c3589-ede9-41cd-ad50-8f58d172f873,Daniel Colon,M,2,-1.066,1.621,nan,-0.014,nan
ee022b81-a663-497d-9924-a6f23cc7407e,Andy Lum,M,6,-1.172,1.486,0.005,-0.024,nan
496b08fd-f2f8-462c-b552-cbc16e19d12d,Dylan Flippin,M,3,0.392,1.623,nan,0.009,nan
b18e05f9-eb10-4b57-94b8-a66497868e05,Oliver Hu,M,3,0.389,1.675,nan,0.004,nan
8187d00f-7c10-4947-a218-1641c659356c,Sam Angelo,M,5,0.602,1.654,nan,0.017,nan
bc7b2475-e580-4734-bc14-814a153bec5d,Pesa Teoni,M,16,0.345,1.247,0.01,-0.0,nan
5a415086-1723-4d38-a285-777aa98b9d3c,Junho Son,M,2,-1.097,1.656,nan,-0.02,nan
cb7aa373-094a-46d7-9cba-aab3d7b326fc,Raymond Velarde,M,4,-2.077,1.498,-0.02,-0.023,nan
c85c50d9-eaa4-4581-b6bb-583a808706bf,Kyle Koszuta,M,57,2.495,0.971,0.002,0.054,nan
4fdcaa8b-8ebf-4cba-b759-d7c8e9d55ec0,Elliott Schupp,M,49,3.613,1.064,0.04,0.036,nan
b8339aa2-dc4f-47be-963e-6f6bf373562d,Devon Sikora,M,10,-0.154,1.421,0.014,-0.014,nan
5d0c8ae7-4402-4327-b395-d1b705518644,Damon Little,M,5,-0.569,1.585,-0.009,-0.002,nan
5520bc45-676e-45a7-bf34-7d91529fdd63,Billy Buchhauser,M,6,-0.517,1.522,-0.014,-0.006,nan
798294b4-02e6-4c16-b3f6-9337758ae915,Kendall Kikkawa,M,4,-0.256,1.623,nan,-0.005,nan
ecd31a05-120f-4373-b5c1-21136f8f0bf1,Braden Jacobson,M,38,1.983,1.068,-0.007,0.053,nan
d0c7d486-ae64-447e-929d-7f68bd377d5a,Lorin Schlecht,M,2,-0.845,1.737,nan,-0.023,nan
11540b4d-de0b-4fd4-a6d9-8bfe927b82f9,Rajul Chikkalingaiah,M,3,0.079,1.708,nan,0.0,nan
20acbb29-2cac-495b-ae27-8c28e5aff517,Logan Luc,M,7,0.253,1.565,0.004,-0.001,nan
34b954a0-c8b2-460f-8222-2de3c287f277,James Krause,M,4,-0.633,1.619,-0.024,0.012,nan
ec45a1c8-c145-472a-9f9f-2886c075ee20,Zach Hatzenbeler,M,2,0.446,1.744,nan,0.01,nan
42aa422c-e795-47d7-b8c6-369e2e74c111,Tuny Betancourt,M,6,-0.467,1.449,-0.001,-0.019,nan
d33abc79-fb21-487a-a225-addbd8995835,Jackson Wurzer,M,2,-0.739,1.72,nan,-0.021,nan
0592f471-b28c-43c2-b9de-7be41bf740ba,Maddie Elsey,F,6,-0.438,1.588,0.008,nan,-0.015
ed75d45f-6113-4292-bc2c-21ef91dc117b,Jessica Christie,,3,-0.731,1.593,-0.007,nan,nan
116eb772-477c-4f58-a37a-a3878913d8ee,Belinda Crane,F,7,-0.357,1.541,0.015,nan,-0.035
d196fd35-a56a-4533-8687-542a22730546,Selina Turulja,F,11,-0.925,1.422,-0.003,nan,-0.01
c5c19236-2414-46ea-8b80-4a266c1a35c5,Aaron Blitz,M,4,-1.046,1.661,-0.015,-0.016,nan
b8167e12-0591-4cb4-a950-ecb6da83e1e0,Andie Dikosavljevic,F,17,1.716,1.308,0.044,nan,-0.009
97b1256e-712c-472d-a037-965e0dd559e8,Somer Dalla-Bona,F,16,1.909,1.387,-0.024,nan,0.064
bc3a722a-6e13-4799-9036-e3d4beee6240,Bernadette Massih,F,9,-1.449,1.493,-0.022,nan,-0.01
8195f88c-9147-4c08-a57b-2799c88a7d9c,Chelsea Olditch,F,6,-0.775,1.56,0.009,nan,-0.025
87aab5b2-a93e-4cec-89c9-0d0cc3802318,Kaitlynn Hart,F,15,0.644,1.376,0.028,nan,-0.016
fc9e5496-9afd-4473-8713-303669096a99,Tayah Cross,F,10,0.763,1.463,0.027,nan,-0.006
478a19c3-a2a8-4f42-afc6-f408797f1665,Crystal Mildwaters,F,7,-1.605,1.45,-0.026,nan,-0.006
c7e7d8da-4a42-4e91-8a2d-1481c81026c0,Stefan Djordjic,M,2,-0.412,1.675,nan,-0.009,nan
8a93e5e5-4e3c-442c-b23d-9dd2e797f499,Aria Henare,F,8,-0.735,1.436,-0.015,nan,0.009
6cbf25ef-655b-4883-91dc-cba9256545a7,Sarah Burr,F,9,0.867,1.383,0.008,nan,-0.003
cda7df21-9bc5-4986-b080-122b97324ae9,Liam Jesperson,M,2,-0.238,1.656,nan,-0.008,nan
645fef2e-5e60-4264-bbd4-dd99378b4a7d,Josh Barber,M,2,-0.312,1.664,nan,-0.008,nan
a46ac653-974b-40ef-a697-1be0a35bb563,Indiana Heather-Pereira,F,2,-0.116,1.768,-0.006,nan,nan
f9fdeafa-6ae6-4691-8172-f8838e7e54a8,Grace Sorbello,F,2,-1.326,1.693,-0.026,nan,nan
cc425be4-46ac-4369-ad56-20c06cfb3875,Rebecca Labbett,F,3,-0.431,1.717,nan,nan,-0.008
e67888a7-efc2-41c6-9383-c913ac741a04,Katie Weibler,F,3,-0.402,1.705,nan,nan,0.004
75d018f2-dbb5-4e39-b08b-f0f40fd0cc30,Conor Robertshawe,M,5,1.159,1.579,0.027,nan,nan
4a699157-f4b5-4a69-8187-6a7f899de72d,Junie C,,5,0.288,1.628,0.015,nan,nan
c2a385b7-fccf-4c36-acff-e8e65f275cb5,Sari Kwee,,2,-0.627,1.68,-0.013,nan,nan
c83af3e1-56d6-4e2b-b746-447c2892ace5,Angela Morisette,F,2,-0.273,1.667,-0.004,nan,nan
01080fe3-e056-427a-84b3-fffa70e9c56a,Chotika Wannachinda,F,4,0.172,1.59,0.006,nan,nan
995f0eeb-090c-4805-ab56-4af240b4c697,Roanne Velarde,,2,-0.897,1.799,-0.016,nan,nan
e95924bc-879c-4afa-b241-725ba85d3e04,Jacob Dubas,,4,0.172,1.595,0.001,nan,nan
f609f7f1-5651-4b26-a6f3-d75c6a3d1542,Ben Bishop,M,4,-1.752,1.621,-0.015,-0.02,nan
5e3098b9-3b06-421e-ac2f-d81ee461dbc3,Kristen Nichols,,2,-0.873,1.699,-0.02,nan,nan
c31e65ba-7190-4460-a5c8-de68303d5e83,Vishal Masand,M,5,0.828,1.657,0.019,nan,nan
4ae4cd93-45df-4856-a64d-43273e45c54f,Millie Smythe,F,2,-0.427,1.668,-0.002,nan,nan
614e164a-4197-44eb-855c-586cf79fbfc9,Ivan Jakovljevic,M,28,1.773,1.09,0.039,-0.001,nan
8722e766-5899-4c75-bab6-7791157fa3ad,Connor Weeks,M,4,-0.285,1.62,nan,-0.009,nan
8b7405b5-f3bc-4e32-bfbc-cc2e14f7454c,Jose Martinez,M,4,0.365,1.657,nan,0.015,nan
33e8c243-d1a8-4821-89cf-e15bf003e6f4,Ryan Skufca,M,4,0.421,1.607,nan,0.01,nan
387229f4-66aa-45a2-97d3-7d762fc749f7,Rahil Kassam,M,4,-1.768,1.566,-0.015,-0.018,nan
1f31a646-de88-4e22-8c24-835f3e94f759,Julian Haig,M,4,-1.958,1.552,-0.025,-0.017,nan
e8e10ea8-2ff2-4155-9169-cc33ff8c6265,Rio Newcombe,M,7,1.7,1.49,nan,0.032,nan
e9849183-4693-4340-abf5-f4b6f3cb226f,Martin Emmrich,M,13,0.368,1.294,0.02,-0.011,nan
850116be-7d0f-4325-ab06-1f37dd3d1c7e,Steve Deakin,M,2,-0.079,1.712,nan,-0.005,nan
101d71dc-f3de-4de0-a699-429c0667811f,Altaf Merchant,M,2,-0.174,1.777,nan,0.002,nan
16694c47-ba63-4169-837a-4d66120c1c6b,Jeremy Comazzetto,M,2,-0.552,1.686,nan,-0.012,nan
0bef44f8-afb0-429a-968a-f19deadb7e60,Christopher Ross,M,2,-0.641,1.823,nan,-0.02,nan
5f367bee-cf3e-4aad-a6e6-72cca04d97e2,Angie Walker,F,22,1.697,1.175,0.003,nan,0.018
f84214b0-709b-492c-9520-151301467892,Ava Weeks,F,7,-0.714,1.573,-0.028,nan,0.013
2d89b4af-c9b4-4b85-aeca-c651e9c10929,Jaleesa Johnston,F,5,0.26,1.746,nan,nan,0.011
cc2d6f87-3abc-4882-b75b-4eaacadea1b1,Jesse Elliott,M,6,-0.29,1.614,-0.011,0.002,nan
d643346e-6bf8-410f-a7f8-a84e9b07ab53,Michael McCaffrey,M,8,0.668,1.451,0.012,0.01,nan
96c517f9-9448-441f-8b8b-ba1e432454f6,Arisha Ladhani,F,4,-0.995,1.554,-0.011,nan,-0.014
6a0af14e-1ad0-4a24-bc9b-2c1a53b05d72,Lena Spence,F,9,-0.395,1.425,-0.017,nan,0.01
f22b356e-49a4-49d3-9054-ebf1ad9f1348,Tommy McLeod,M,2,-0.652,1.723,nan,-0.016,nan
063af537-3442-4e91-81b7-4ae4b11482c5,Jordann Vigna,F,4,-1.495,1.587,-0.009,nan,-0.026
b8132b5e-1e3e-4b61-aad0-d0dc4463c86a,Sophia Racine,F,6,-0.707,1.454,0.011,nan,-0.027
1e216feb-426b-400d-b79e-3db55899141e,Savanna Ticknor,F,5,-0.334,1.546,0.008,nan,-0.028
4a7604e0-0f45-4057-8da0-bbfd0a58df83,Cami Blake,F,4,-1.256,1.525,-0.009,nan,-0.017
d74782d3-060c-4f03-ab7f-75e1a1d1a2b8,Iny Yu,,2,-1.055,1.653,-0.029,nan,nan
d0e78a70-d909-4cc9-bf27-c24c3bb8afa8,Michelle Lui,,2,-0.59,1.765,-0.013,nan,nan
0b115fad-9fb8-414f-afea-8626fbb18bc1,Maricel Rose Cape,,2,-0.359,1.744,-0.01,nan,nan
3c067fd9-5723-4cee-a120-e53449b7f34c,Mike Martin,,2,-0.358,1.696,-0.01,nan,nan
3d89e8dc-b00e-43c3-add1-54b95767311b,Blake Culbert,,2,-0.793,1.792,-0.022,nan,nan
fbc8560c-cc14-4422-a494-5535c899a9c4,Sierra Burns,,2,-0.776,1.586,-0.015,nan,nan
68674133-31df-4aa5-bc03-b7d4af1fb2fe,Munroe Durie Pedersen,,2,-0.446,1.719,-0.012,nan,nan
40476ed0-657e-4633-9e58-1b999113905c,Yee Nham,,2,-1.219,1.729,-0.027,nan,nan
e8249159-5daf-4a7e-832e-990247a1f742,Ammol Ramchandani,M,5,0.376,1.587,nan,0.017,nan
529cd049-8ceb-4d66-83ed-cb30e631dc12,Stavya Bhasin,M,5,0.39,1.669,nan,0.01,nan
08208add-da5e-4a73-adb0-f1a86bf28153,Alex Guy,M,4,-0.46,1.55,nan,-0.008,nan
1d51becb-4ea0-4878-9660-e3fd2dfaa0ea,Ewa Radzikowska,F,21,0.808,1.212,0.011,nan,0.011
12c765d0-8384-41d3-a498-de63fd7c37da,Naomi Nguyen,F,31,2.055,1.094,-0.005,nan,0.049
5046c75e-a79b-4902-8d4a-d92bd3c58e9b,Aryaan Bhatia,M,8,0.422,1.488,nan,0.01,nan
c012b271-5d26-48b1-8cd5-2cd04d1d204b,Matt Ngo,M,6,0.214,1.568,-0.008,0.015,nan
c62c2081-d9ce-4750-93f5-c9163bf46f74,Yaamunan Venkatesan,M,6,-0.938,1.542,nan,-0.027,nan
6afbabed-1c1e-4f3d-b8fc-bd0e36fa5e97,Frances Altick,F,4,-0.341,1.589,0.0,nan,-0.003
ae298393-4c55-402f-85be-0745205cd490,Jay Buxton,M,3,0.414,1.692,nan,0.012,nan
b1254256-f3ac-46db-b28c-4dd0c6955ea0,Eileen Wang,F,4,-1.87,1.6,-0.02,nan,-0.023
18ee08e4-2965-4966-a1a4-257d66f0bdfa,Jessica Haywood,F,9,1.082,1.383,0.021,nan,0.0
8e3360b6-cd42-4b0f-a3b4-6a3d7b88c012,Dayana Fahey,F,3,-0.255,1.723,nan,nan,-0.007
11c00851-4e47-48ab-9d34-19c4d2fe5716,Lincoln M,M,4,0.276,1.542,nan,0.005,nan
56bfd96c-d7a3-4a67-bad6-b53d2830f324,Joshua Elliott,M,2,-1.425,1.681,nan,-0.025,nan
4dd03e93-2a3d-4171-b8e2-0e9f8125afbc,Sumit Sharma,M,2,-0.744,1.741,nan,-0.013,nan
473a6654-9d69-47df-8873-2a437768538f,Aditya Suresh,M,2,-0.725,1.74,nan,-0.008,nan
3f9e33e7-96a8-4db9-8452-4b12f79e6ba5,Sebastian S,M,2,-0.477,1.709,nan,-0.004,nan
e6b658b6-0ab8-4c09-a3f6-b8ca25abee34,Ryland M,M,4,-0.509,1.463,nan,-0.004,nan
ba01e69c-49d8-43de-9df5-4c0b93345447,Alexa Smith,F,7,-1.12,1.484,-0.011,nan,-0.005
b7378a50-31c2-4459-8755-e2409c951f9a,Kate S,F,2,-0.594,1.716,nan,nan,-0.008
6ba52e03-cb80-4598-b244-a5eb1b3ab0cd,Krishna Rao,M,2,-1.033,1.811,nan,-0.015,nan
e75b39ac-5fa3-48d5-9326-abdd4c0073db,Bryce Johnson,M,2,-0.98,1.719,nan,-0.017,nan
c9f03b76-b64d-4176-b338-a6b3a180a23c,Jessica Warren,F,4,0.614,1.592,nan,nan,0.016
875ed596-6185-4af8-9e03-fee0cb065d3d,Christian Franke,M,7,-0.985,1.468,-0.007,-0.02,nan
bbce4a5a-69b2-41a2-839c-31c714be6fa7,Claudia Birthisel,F,2,-0.231,1.768,nan,nan,-0.002
d406eedd-62c6-4670-9b94-d0dcd003aaea,Kiki Onyeagocha,F,2,-0.231,1.681,nan,nan,-0.004
c3012322-e95e-4e38-a0d8-106f9e236869,Keilly Ulery,F,13,-2.819,1.38,-0.026,nan,-0.026
070be5dd-2dcf-44b6-b2e7-37d9fbd29aa2,Adalynn Lund,F,8,1.308,1.518,0.022,nan,0.011
2feffeaa-aca5-4c5d-aad6-62eb0d38a6be,Abigail Okelley,F,5,-0.175,1.592,-0.009,nan,0.006
feb0fc40-878a-443c-ab00-932e3764cd1a,Aubin Duchier,M,2,-0.69,1.682,nan,-0.018,nan
0d7764b9-3d03-4a04-a432-54982c8c1b5a,Frank Welsher Iii,M,6,0.69,1.495,0.019,0.007,nan
b51baaba-590a-432d-b5c5-211462b5a0f7,Carlo Ares,M,4,-0.696,1.613,0.001,-0.014,nan
f5380a8b-9be5-4d48-af98-2d3dbd992fee,Blake Hardesty,M,4,-1.304,1.56,-0.017,-0.012,nan
aec5d8be-9ce0-4cc5-98a4-140fad555fe0,Donald Young,M,20,0.846,1.248,0.011,0.006,nan
14c4c96f-0a49-4d07-b16d-f6cb782491f4,Kentaro Hamaguchi,M,12,0.957,1.404,nan,0.013,nan
20045230-82bb-4962-99fe-cf78c28f8641,Joshua Giannelli,M,23,1.315,1.13,0.003,0.024,nan
d0bac3dd-65e3-4682-9928-7344468332a5,David Creswell,M,2,-0.3,1.637,nan,-0.001,nan
f10bf5d1-7eae-4cfa-8b8b-b38dc29fb713,Derek Ferrer,M,2,-0.298,1.699,nan,0.001,nan
4ebf78a8-2d54-451d-a45f-42544f6a60f1,Kayla Nesbitt,F,4,-0.568,1.63,0.01,nan,-0.033
92f4fb1f-bd02-4404-ad22-2472bb89a96f,Aidan Gorneau,M,2,-0.742,1.691,nan,-0.018,nan
ab0e7256-6f4e-43de-b85d-6bfab0bbc41d,Brayden Nguyen,M,2,-0.79,1.69,nan,-0.015,nan
a82abd2b-68f2-4b4c-ba37-8b919661eccc,Jason Ma,M,2,-0.833,1.709,nan,-0.022,nan
71eeee53-c28b-460d-b1fc-9bf31cb5867e,John L,M,2,-0.913,1.727,nan,-0.017,nan
e2bd4b17-cd97-4c30-9ec4-ff1e0988779c,Hunter Bassett,M,5,0.425,1.717,nan,0.007,nan
540aeb8a-c729-4c14-bef9-4688944e9057,Alan Toleu,M,2,-0.307,1.813,nan,-0.001,nan
2acb2c6e-288a-4f0c-a294-4e54b878eee1,Andrew Phanmanee,M,2,-0.349,1.734,nan,-0.006,nan
85d2c31b-02af-4fc4-ae00-0c32ffef30ee,Justin Moore,M,3,0.058,1.674,nan,0.01,nan
5362def0-0134-4247-8428-d6a5c32ad504,Jack Wasserman,M,3,0.116,1.648,nan,0.004,nan
14d66377-02d3-4ddf-bcdc-a0cb611cb66a,Mateo Mejia,M,2,-0.705,1.744,nan,-0.012,nan
c08312a9-2bf1-48db-8e54-a4c0de91cf82,Hanson H,M,2,-0.74,1.651,nan,-0.012,nan
d226188a-c140-4369-9c61-6bf56ab3f931,Kristen Van Dernoot,F,4,-1.846,1.545,-0.007,nan,-0.021
2a0171dc-c866-4170-9021-78d3c53c7318,Andrew Loftin,M,7,0.837,1.457,0.001,0.018,nan
0a287886-b880-4c46-8c66-ea4d198a7eba,Pablo Copetti,M,5,-1.067,1.648,nan,-0.021,nan
f932a82f-0702-44ac-9a1f-09bb5670b25c,Christian Lund,M,7,-0.093,1.458,0.025,-0.029,nan
d36e9231-a965-46ae-9a8a-7ce05416805c,Joshua Reason,M,2,-0.716,1.674,nan,-0.009,nan
bb209921-6ef7-4176-839e-56a94c2bc03b,Tim McMahon,M,2,-0.698,1.734,nan,-0.01,nan
bdfd1e77-05f0-4fc1-8da6-15e847990ba1,Tennessee P,M,2,-0.882,1.622,nan,-0.014,nan
d3f8e393-978f-4529-96bc-d0c54b5422c2,James Wolf,M,4,-0.169,1.545,0.02,-0.023,nan
3969d4ad-c532-4c49-83f3-57b4d43e57c0,Z Malvern,M,2,-1.002,1.797,nan,-0.018,nan
fa7cb18f-9d87-4d49-bb43-5291b7201bd3,Jessica Ho,F,2,-0.598,1.789,-0.01,nan,nan
2e526f9d-33db-4f57-9c47-d55d98668584,Weston Spence,,2,-0.583,1.692,-0.013,nan,nan
54b45fcd-72f8-4cfd-9a37-3c3a0989f56c,Alexander Valencia,M,2,-0.111,1.663,-0.001,nan,nan
a542c7e8-5602-480d-9fd2-b870091858e5,Chloe Zigliara,F,2,-0.139,1.68,-0.011,nan,nan
ae06a675-5997-41b0-a199-6da1bb0b49a1,Giorgia Vitale,F,4,-0.955,1.601,-0.026,nan,nan
c00d1e76-0116-49f5-b0b4-9b518b9cd628,MJ Marrero,,8,0.006,1.582,0.001,nan,nan
bf96031e-108d-4a37-810a-d43f63339231,Audrey Banada,F,12,-0.994,1.424,-0.008,nan,-0.024
dc1013ec-dada-4f3c-8a1a-6435e5ac74e3,Alyssa C,,2,-0.988,1.768,-0.013,nan,nan
b90591db-36ac-44a5-9c00-9d90e27b1500,Leo Castillo Jr.,,2,-0.955,1.734,-0.016,nan,nan
84a2e8e4-b4fd-4625-8011-244c37e62b72,Jessica Mason,F,2,-1.346,1.691,-0.036,nan,nan
f03d156f-3d8a-4830-a5d1-ae4372ad5009,Wesley Burrows,M,6,-0.614,1.48,0.008,-0.019,nan
4e39b9bd-436d-495d-99d7-c2818bbea4ab,Camila Zilveti,F,8,-0.584,1.376,0.015,nan,-0.025
8620b5f6-d9d5-4cb9-9a28-ed21da77511e,Lauren Cole,F,9,-0.396,1.413,0.0,nan,-0.014
a65a8877-2c30-4964-8b0c-52e92ecfab5c,Sophie Abrams,F,10,2.916,1.445,-0.021,nan,0.082
6e0c0d57-704c-4148-9229-1c623b611919,Perry Wang,M,4,1.752,1.584,nan,0.026,nan
6b446a3b-76f2-4d55-8c84-94ea8bdde2ac,Andrew Wang,M,4,1.697,1.612,nan,0.035,nan
fd565e56-6223-4ef0-882e-02346e7e0573,Brooke Caruso,F,6,1.217,1.614,0.027,nan,nan
f58cea82-5927-40f6-9fa9-d9f9e4e3f7c1,Patience Okpe,,2,-0.789,1.689,-0.01,nan,nan
0fd983de-06ed-48c9-aa69-9d573e84708b,Saurav Santhosh Nair,M,5,-0.862,1.604,-0.021,0.005,nan
777bb595-b49b-413d-a28a-72355a613f10,Jayson Harris,M,3,0.199,1.63,0.005,nan,nan
a9782e86-e5ae-46d3-9194-ac89fdaed622,Alexander Crum,M,7,-0.438,1.463,0.002,-0.013,nan
f8b6b217-f9f8-4fd3-a71d-ae4dfcbb9c89,Ava Ignatowich,F,5,0.364,1.596,0.002,nan,nan
358376d4-f156-492c-b4c6-0bd3f5a69f86,Justin Dages,M,2,-1.16,1.7,nan,-0.023,nan
16deb566-c508-4f05-84d9-a01fb527a005,Michael I,M,2,-1.132,1.734,nan,-0.022,nan
3fc70f61-f10c-4539-9b5a-82911efc966a,Ava Cavataio,F,8,1.414,1.394,0.009,nan,0.018
910196c3-1d57-456f-b407-bc550a2edec6,Ryan Gilbert,M,4,-0.876,1.564,-0.019,-0.008,nan
d69ec633-93c9-4d07-8870-be9f5acd5330,Rachel Rettger,F,6,-1.191,1.518,-0.021,nan,-0.004
38b1bfb1-576b-4a3e-ab6b-e8bc46031c1d,Eric Roddy,M,6,-0.153,1.54,-0.036,0.018,nan
5883c77e-d6e0-4848-9473-866396578248,Audrey Adele Brown,F,7,0.137,1.515,0.0,nan,0.01
2a1c197a-eede-4639-9fbf-1133d648f7c7,Demetric Marrero Jr,M,5,-0.033,1.551,-0.017,0.015,nan
819a323b-bed3-4287-984d-ea784ed471b1,Eric Gilbert,M,2,0.009,1.726,nan,-0.001,nan
8f150eb8-c932-4f37-8085-ab70d666497e,Jasper Ou,M,3,-0.091,1.654,nan,-0.006,nan
26b13d9f-ccab-497c-8e3a-68299be5ea70,Daniel Phillips,M,2,-0.917,1.67,-0.023,nan,nan
4e73b5b4-d734-4258-91cf-b678d08200a9,Maria Ford,F,2,-1.202,1.781,-0.027,nan,nan
0c5b84bb-4c04-4906-86bc-deb533ff4eec,Zane Ford,M,5,-0.561,1.638,-0.028,0.006,nan
7464628e-931a-44c9-b0df-749a7cb32eaa,Adam Harvey,M,5,0.942,1.479,0.008,0.015,nan
ebb2a1e0-7c6c-48a4-b994-e81edd8ddb97,Patrick Smith,M,2,-1.056,1.728,-0.023,nan,nan
602ac701-c27e-408d-9e4e-1f7c02578def,Tam Trinh,M,3,0.36,1.75,nan,-0.003,nan
b35ed876-bcdc-4024-9746-fe1bcb3957f5,John Cincola,M,3,0.321,1.807,nan,0.003,nan
6f149538-c6f6-4ad5-9e60-2afc100f97c1,Spartak Rahachou,M,2,-0.708,1.671,nan,-0.011,nan
f0484f0e-f240-4b6f-9da5-b6dba3fa370e,Kenta Miyoshi,M,4,-0.036,1.68,-0.01,0.01,nan
55ed7e0a-ff2d-4ac2-aad6-b6772ef4f448,Layne Sleeth,F,2,0.395,1.64,0.005,nan,nan
1e5d81dc-961d-455a-b80f-d6c30c518cde,Caden Nemoff,M,2,0.465,1.699,nan,0.025,nan
698c5236-e88f-411c-b44f-e54f16b2d6b5,George Wall,M,2,0.015,1.677,nan,-0.004,nan
43df1205-e834-4427-9f1a-4e173bf93296,Grayson Goldin,M,3,0.539,1.762,nan,0.014,nan
8160ad59-4654-46b1-b229-8d5f2a9a45f9,Hunter Johnson,M,4,0.575,1.569,-0.005,0.006,nan
cfb42bdb-d0a0-4fc7-b1ea-a77c40aff2d2,Mota Alhouni,M,2,-0.772,1.661,nan,-0.012,nan
