p1_name,p2_name,context,games,chemistry_mean,chemistry_sd,p_positive,percentile
Jonathan Truong,Camden Chaffin,mens,12,0.057,0.436,0.535,87.7
Jack Sock,Federico Staksrud,mens,6,0.039,0.397,0.533,79.7
Camden Chaffin,Alexa Schull,mixed,8,-0.089,0.43,0.422,2.4
Jack Sock,Alex Walker,mixed,6,-0.08,0.427,0.442,3.5
Martina Frantova,Mya Bui,womens,1,-0.082,0.428,0.434,3.3
Daria Walczak,Alexa Schull,womens,8,0.083,0.432,0.579,94.1
CJ Klinger,Tyra Hurricane Black,mixed,9,0.059,0.374,0.55,88.2
Connor Mogle,Mya Bui,mixed,3,-0.026,0.406,0.489,31.4
Daria Walczak,Jonathan Truong,mixed,7,-0.133,0.46,0.396,0.3
Sahra Dennehy,Joseph Wild,mixed,5,-0.069,0.392,0.441,4.9
Andrei Daescu,Judit Castillo,mixed,2,0.024,0.402,0.527,72.8
Pablo Tellez,Joseph Wild,mens,6,-0.109,0.431,0.411,0.6
Andrei Daescu,CJ Klinger,mens,9,0.011,0.405,0.512,62.9
Zoey Weil,Pablo Tellez,mixed,12,0.077,0.426,0.549,92.5
Federico Staksrud,Milan Rane,mixed,6,-0.041,0.44,0.456,18.4
Armaan Bhatia,Will Mackinnon,mens,7,-0.018,0.397,0.5,38.9
Christopher Crouch,Connor Mogle,mens,5,-0.003,0.42,0.494,52.4
Sahra Dennehy,Zoey Weil,womens,16,-0.023,0.432,0.486,34.0
Parris Todd,Tyra Hurricane Black,womens,9,0.061,0.419,0.537,89.1
Milan Rane,Alex Walker,womens,6,0.05,0.39,0.539,84.6
Will Mackinnon,Cailyn Campbell,mixed,13,-0.057,0.383,0.462,9.0
Christopher Crouch,Paula Rives,mixed,5,-0.047,0.403,0.469,14.6
Armaan Bhatia,Meghan Dizon,mixed,5,0.025,0.416,0.516,73.1
Connor Mogle,Martina Frantova,mixed,2,0.015,0.436,0.502,66.1
Parris Todd,Andrei Daescu,mixed,9,0.079,0.432,0.576,92.9
Meghan Dizon,Cailyn Campbell,womens,13,0.059,0.397,0.544,88.1
Mya Bui,Paula Rives,womens,4,-0.006,0.396,0.494,49.0
Jessie Irvine,Mari Humberg,womens,13,0.013,0.416,0.504,64.8
Danni-Elle Townsend,Alix Truong,womens,18,0.03,0.397,0.53,76.3
Jay Devilliers,Jessie Irvine,mixed,13,0.067,0.385,0.559,90.0
Danni-Elle Townsend,Augustus Ge,mixed,17,0.074,0.419,0.549,92.1
Jade Kawamoto,Catherine Parenteau,womens,13,0.035,0.395,0.521,78.4
Etta Tuionetoa,Allyce Jones,womens,5,-0.047,0.397,0.454,14.7
Ella Yeh,Kiora Kunimoto,womens,5,-0.155,0.462,0.387,0.1
Augustus Ge,JW Johnson,mens,18,0.033,0.422,0.54,77.6
Len Yang,James Delgado,mens,1,-0.004,0.403,0.516,51.1
Catherine Parenteau,Max Freeman,mixed,4,0.041,0.406,0.544,80.9
Mari Humberg,Jaume Martinez Vich,mixed,12,0.043,0.408,0.534,81.3
Brooke Buckner,JW Johnson,mixed,18,0.127,0.44,0.588,99.2
Christopher Crouch,Cason Campbell,mens,2,-0.026,0.429,0.471,31.6
Tama Shimabukuro,Yuta Funemizu,mens,4,-0.032,0.394,0.466,26.3
Len Yang,Blaine Hovenier,mens,4,0.004,0.42,0.501,57.5
Tama Shimabukuro,Etta Tuionetoa,mixed,5,0.028,0.421,0.522,75.0
Ella Yeh,James Delgado,mixed,1,-0.036,0.428,0.478,23.1
James Delgado,Kiora Kunimoto,mixed,4,-0.001,0.421,0.504,53.9
Ben Johns,Max Freeman,mens,13,0.129,0.422,0.624,99.3
Jay Devilliers,Jaume Martinez Vich,mens,13,-0.012,0.389,0.476,44.2
Allyce Jones,Connor Garnett,mixed,4,-0.036,0.444,0.476,22.8
Jade Kawamoto,Ben Johns,mixed,13,-0.002,0.405,0.506,53.1
Blaine Hovenier,Genie Erokhina,mixed,1,-0.012,0.375,0.499,43.9
Isabella Dunlap,Lina Padegimaite,womens,11,0.135,0.438,0.614,99.4
Caroline Maguire,Anna Lenhart,womens,8,-0.042,0.364,0.478,17.7
Tristan Dussault,Jae Centonze,mens,14,0.136,0.446,0.616,99.5
Kevin N,Micah Lopez,mens,2,-0.04,0.425,0.469,19.4
Madalina Grigoriu,Shannon Pretorius,womens,14,0.023,0.414,0.501,71.5
Keri Lu,Masa Grgan,womens,3,0.016,0.422,0.508,66.9
Liam Duffin,Nicholas Wade,mens,4,0.024,0.378,0.514,72.5
Luke Kusmider,Kevin Caulfield,mens,7,0.074,0.42,0.549,91.8
Nicole Conard,Mehvish Safdar,womens,4,0.04,0.4,0.531,79.9
Nancy Suiugan,Marygrace Rudd,womens,4,-0.089,0.407,0.436,2.1
Ross Whittaker,Wade Heerboth,mens,13,0.039,0.391,0.539,79.6
Madelyn Porter,Andi Godwin,womens,4,-0.03,0.423,0.479,28.6
Haley Ferguson,Ashley Griffith,womens,6,0.024,0.427,0.513,73.0
Yolena Carlon,Luana Stanciu,womens,6,-0.033,0.41,0.481,26.0
Cole Whitaker,Jake Anderson,mens,5,-0.027,0.42,0.481,30.4
Ethan Westdorp,Neil Westdorp,mens,2,-0.015,0.42,0.494,41.6
Rafa Hewett,Anderson Scarpa,mens,7,0.022,0.384,0.523,71.4
James Seagraves,Colby Hill,mens,4,-0.032,0.397,0.475,26.8
Jade Rau,Maddy Rasmusen,womens,7,0.078,0.408,0.571,92.8
Rachael Fitzgerald,Mikaela Smith,womens,2,0.002,0.44,0.503,56.5
Karen Lu,Brittany Yang,womens,4,0.013,0.405,0.516,65.0
Ashley Lu,Helen To,womens,2,-0.043,0.437,0.459,17.0
Edward Kim,Usama Khalid,mens,2,-0.088,0.41,0.424,2.5
Wesley Hanson,William Hart,mens,11,0.018,0.401,0.51,67.7
Helena Jansen,Pierina Imparato,womens,4,-0.002,0.389,0.495,52.5
Meggan William,Mya Barron,womens,2,-0.046,0.438,0.461,15.4
Sanil Jagtiani,Freddie Powell,mens,7,0.097,0.421,0.566,96.4
Edward Perez,Jarryd Woog,mens,15,0.023,0.397,0.519,72.2
Braylon Ohrel,Francis Chi,mens,8,0.052,0.395,0.541,85.3
Eliana Ling,Hailee Haymore,womens,2,-0.033,0.46,0.469,25.9
Parth Mody,Dale Kim,mens,17,0.093,0.441,0.576,95.7
Preston Engel,Alvaro Regalado,mens,9,0.066,0.446,0.548,89.9
Jay Evans,William Hsieh,mens,6,-0.059,0.398,0.438,8.1
Lova Metor,Scott McRee,mens,4,-0.024,0.399,0.481,33.3
Spencer Liang,Alexa Quintanilla,womens,6,-0.009,0.386,0.479,46.3
Caraline Cox,Elise Fortino,womens,3,0.011,0.415,0.499,62.2
Matvey Radionov,Garrison Eaby,mens,5,-0.034,0.409,0.464,25.3
Lauren Stratman,Olivia McMillan,womens,7,-0.033,0.395,0.478,26.2
Natalie Araya,Lucia Changkuon,womens,2,-0.005,0.413,0.496,49.6
Blake Goodman,Blake Suard,mens,5,0.009,0.398,0.489,60.7
Jack Maline,Brian Johnson,mens,2,-0.034,0.431,0.484,24.8
Julian Arnold,Etienne Blaszkewycz,mens,11,0.013,0.392,0.523,64.3
Jemere Plummer,Eli Curls,mens,2,-0.03,0.42,0.48,28.0
Giovanna Morelli,Anne-Sophie Courteau,womens,7,-0.026,0.399,0.484,31.3
Michael Pento,Ashton Patterson,mens,2,-0.054,0.444,0.459,9.5
Jasraj Sethi,Theo Yun,mens,8,-0.007,0.407,0.501,48.0
Amber Policare,Carlota Trevino,womens,12,0.091,0.437,0.566,95.2
Mark Dancuart,Ryan Torresin,mens,5,-0.003,0.368,0.501,52.0
Jesse Berkowitz,Riley Durkin,mens,2,-0.075,0.418,0.443,4.0
Valerie R Simon,Victoria Simon,womens,10,0.041,0.418,0.532,80.4
Rachida Berjane,Fatyha Berjane,womens,2,-0.024,0.401,0.49,32.5
Joshua McKinley,Bradon Ly,mens,2,-0.002,0.41,0.501,53.2
Tanner Suard,TJ Rudden,mens,2,-0.038,0.4,0.475,20.9
Liz Truluck,Estee Widdershoven,womens,12,0.094,0.384,0.586,95.8
Stephen Bass,Marshall Brown,mens,7,0.024,0.438,0.507,72.4
Dylan Lewis,George Rangelov,mens,6,-0.041,0.4,0.465,18.3
Connor McCartney,Mouaad Alhouni,mens,6,-0.071,0.409,0.448,4.6
Elyssa Wisner,Francesca Randazzo,womens,2,-0.043,0.434,0.481,17.3
Emanuel Dickson,Samuel Dickson,mens,9,0.008,0.427,0.515,60.3
Landon Ivey,Garrett Ivey,mens,7,0.017,0.42,0.522,67.5
Vincent Rettke,Michael Hollings,mens,5,-0.004,0.397,0.495,51.6
Django Chassang,Kalen Harbaugh,mens,3,-0.028,0.395,0.476,30.0
Daniel Miron,Ethan Bakalinsky,mens,7,0.029,0.397,0.534,75.7
MJ Greiner,Adair Garcia,mens,5,0.001,0.44,0.499,55.6
Tobias Moreno,Michael Shaw,mens,17,0.061,0.415,0.534,88.9
Luis Rojas,Casey Markulike,mens,2,-0.033,0.425,0.471,25.6
Evan Ankrom,Matthew Pokorny,mens,4,-0.064,0.419,0.464,6.1
Eddy Kim,Bret Berryman,mens,4,-0.018,0.395,0.484,38.8
Caitlin Klaassen,Mary McGowan,womens,5,0.003,0.417,0.495,56.6
Sofia Manzanares,Sable Yrjanson,womens,2,-0.01,0.399,0.492,45.3
Ahmad El-Zarif,Stephen Preissler,mens,20,0.073,0.418,0.546,91.6
Samuel Wells,Michael Vallejo,mens,2,0.007,0.396,0.504,59.4
Eliel Herminas,Dan Nguyen,mens,6,-0.043,0.426,0.469,17.2
Antonio Medina,Andrew Angulo,mens,4,-0.023,0.41,0.48,34.2
Evan T,Joshua Cornett,mens,5,-0.036,0.427,0.474,23.2
Courtenay Leonard,Patara Tezduyar,womens,2,-0.02,0.396,0.48,36.9
Michael Connors,Preston Ducrest,mens,3,-0.017,0.424,0.486,39.6
Brie Aldridge,Zoe Reavis,womens,2,-0.022,0.426,0.479,34.3
Tristan Cooley,Logan Thompson,mens,4,-0.043,0.431,0.461,16.9
Jacob Lee,Tyler Kane,mens,2,-0.035,0.424,0.486,23.6
Lawson D,Connor Gibbs,mens,2,0.008,0.378,0.521,60.2
Morgan Downing,Sharienne Ricardo,womens,3,-0.029,0.406,0.466,29.6
Jonas Daehler,Xavier Richard,mens,3,-0.017,0.423,0.48,40.0
Josh Oakman,Dustin Parks,mens,3,0.006,0.392,0.509,59.1
Casey Garretson,Ryan Camras,mens,15,0.08,0.42,0.568,93.4
Austin Bricker,Juan Varon,mens,2,-0.08,0.424,0.454,3.6
Daria Walczak,Michael Loyd,mixed,5,0.006,0.442,0.499,59.3
Ella Yeh,Len Yang,mixed,3,0.008,0.394,0.493,60.1
Victoria Dimuzio,Etta Tuionetoa,womens,4,0.047,0.397,0.54,83.5
Len Yang,Genie Erokhina,mixed,1,-0.024,0.406,0.491,33.4
Yuta Funemizu,Connor Garnett,mens,1,0.075,0.386,0.566,92.2
Caitlin Klaassen,Juan Varon,mixed,7,-0.019,0.388,0.481,37.4
Mark Dancuart,Estee Widdershoven,mixed,9,0.08,0.446,0.551,93.7
Lauren Stratman,Etienne Blaszkewycz,mixed,11,0.102,0.473,0.574,97.1
Jade Rau,Jae Centonze,mixed,6,0.032,0.402,0.522,76.9
Rafa Hewett,Isabella Dunlap,mixed,15,-0.014,0.408,0.481,42.6
Maddy Rasmusen,Xavier Richard,mixed,7,0.071,0.388,0.571,91.2
Anna Lenhart,Ryan Camras,mixed,2,-0.054,0.413,0.456,9.7
Colby Hill,Helen To,mixed,4,0.055,0.425,0.546,86.8
Ahmad El-Zarif,Madalina Grigoriu,mixed,9,0.036,0.383,0.524,78.7
Caroline Maguire,Francis Chi,mixed,2,0.018,0.429,0.516,68.0
Edward Perez,Valerie R Simon,mixed,11,-0.071,0.413,0.444,4.5
Ashley Lu,Dale Kim,mixed,14,-0.017,0.399,0.487,40.1
James Seagraves,Brittany Yang,mixed,2,-0.023,0.403,0.484,33.7
Wesley Hanson,Dallas Fahr,mixed,4,0.018,0.43,0.509,67.8
Carlota Trevino,Ryan Torresin,mixed,12,-0.015,0.396,0.476,42.0
Nicole Conard,Anderson Scarpa,mixed,4,0.017,0.403,0.519,67.4
Liza Klyachkin,Jacob Bradshaw,mixed,2,-0.077,0.399,0.429,3.9
Amber Policare,Daniel De la Rosa,mixed,6,0.018,0.454,0.51,68.1
Parth Mody,Mary McGowan,mixed,4,-0.073,0.435,0.44,4.3
Braylon Ohrel,Andi Godwin,mixed,5,0.028,0.411,0.516,74.9
Luana Stanciu,Nicholas Wade,mixed,4,-0.036,0.381,0.465,22.5
Garrison Eaby,Alexa Quintanilla,mixed,9,0.106,0.45,0.574,97.7
Wade Heerboth,Shannon Pretorius,mixed,5,0.057,0.417,0.549,87.4
Karen Lu,Michael Vallejo,mixed,2,-0.036,0.421,0.47,22.0
Jemere Plummer,Sharienne Ricardo,mixed,5,0.002,0.398,0.491,56.3
MJ Greiner,Victoria Simon,mixed,3,-0.045,0.441,0.474,15.9
Jessica Brock,Ethan Aycock,mixed,2,-0.022,0.434,0.486,34.4
Liam Duffin,Yolena Carlon,mixed,5,0.019,0.406,0.516,68.4
Keri Lu,Adair Garcia,mixed,3,-0.018,0.422,0.491,38.4
Jarryd Woog,Rachael Fitzgerald,mixed,6,0.004,0.377,0.511,58.1
Courtenay Leonard,Blake Suard,mixed,2,-0.001,0.417,0.49,53.5
Brie Aldridge,Jake Anderson,mixed,9,0.01,0.39,0.521,61.3
Ashley Griffith,George Rangelov,mixed,21,0.06,0.432,0.549,88.6
Freddie Powell,Giovanna Morelli,mixed,10,-0.017,0.365,0.478,40.3
Cc Eleven Sacca,Ethan Bakalinsky,mixed,4,0.052,0.43,0.534,85.5
Dylan Lewis,Sable Yrjanson,mixed,2,-0.029,0.451,0.479,29.7
Beatriz Lopez,Alvaro Regalado,mixed,2,-0.003,0.394,0.504,51.9
Marshall Brown,Mehvish Safdar,mixed,5,-0.063,0.426,0.456,6.7
Madelyn Porter,Jay Evans,mixed,2,-0.026,0.413,0.481,31.0
Liz Truluck,Anouar Braham,mixed,12,0.158,0.469,0.612,99.8
Jenna Vlach,Eli Curls,mixed,2,-0.024,0.421,0.476,32.6
Abbie Monski,TJ Rudden,mixed,2,-0.006,0.404,0.502,48.2
Julian Arnold,Olivia McMillan,mixed,6,0.013,0.395,0.501,63.5
Emma Cook,Vincent Rettke,mixed,6,0.018,0.419,0.51,67.9
Eliana Ling,Andrew Angulo,mixed,2,-0.013,0.434,0.483,43.3
Morgan Downing,Kolton Youngblood,mixed,3,-0.011,0.427,0.488,44.5
Josh Oakman,Caraline Cox,mixed,2,-0.028,0.406,0.474,29.8
Haley Ferguson,Stephen Preissler,mixed,2,-0.029,0.415,0.47,29.4
Lova Metor,Patara Tezduyar,mixed,5,0.022,0.379,0.508,70.9
Sanil Jagtiani,Spencer Liang,mixed,2,0.0,0.433,0.501,54.9
Elise Fortino,Michael Hollings,mixed,2,-0.046,0.41,0.463,15.5
Casey Garretson,Lina Romero Alarcon,mixed,2,0.001,0.435,0.488,55.9
Rubelle Yoo,Logan Thompson,mixed,2,-0.033,0.424,0.482,26.1
Austin Bricker,Anne-Sophie Courteau,mixed,8,0.058,0.436,0.549,87.8
Thomas Provost,Fatyha Berjane,mixed,2,-0.035,0.441,0.469,23.4
Matvey Radionov,Mikaela Smith,mixed,3,0.005,0.4,0.508,58.8
Jonas Daehler,Natalie Araya,mixed,2,-0.029,0.431,0.484,29.2
Teresa Romero,Joshua Cornett,mixed,2,0.016,0.429,0.504,67.1
Brendan Gallagher,Katelyn Hilliard,mixed,3,0.017,0.425,0.519,67.6
Alexa Brent,Preston Ducrest,mixed,2,-0.04,0.419,0.484,18.9
Antonio Medina,Mya Barron,mixed,2,-0.014,0.4,0.488,42.7
Scott McRee,Masa Grgan,mixed,2,-0.084,0.466,0.441,3.0
Tammy Kim,Tyler Kane,mixed,2,-0.031,0.425,0.488,27.3
Sofia Manzanares,Michael Shaw,mixed,3,-0.012,0.414,0.513,43.7
Callie Smith,Roscoe Bellamy,mixed,2,0.053,0.457,0.531,85.9
Christopher Haworth,Jackie Kawamoto,mixed,5,0.02,0.371,0.511,69.3
Estee Widdershoven,Anouar Braham,mixed,8,0.055,0.391,0.532,87.1
Victoria Dimuzio,Tyler Loong,mixed,1,-0.041,0.396,0.456,18.6
Zane Navratil,Emma Nelson,mixed,5,-0.09,0.384,0.424,1.7
Christian Alshon,Christopher Haworth,mens,1,-0.058,0.426,0.457,8.4
Anouar Braham,Anderson Scarpa,mens,11,-0.024,0.405,0.469,33.2
Ting Chieh Wei,Elsie Hendershot,womens,12,0.043,0.388,0.531,81.6
Meghan Dizon,Rafael Lenhard,mixed,7,0.0,0.392,0.484,54.7
Liz Truluck,Clayton Powell,mixed,7,-0.099,0.426,0.411,1.0
Roscoe Bellamy,Clayton Powell,mens,14,0.062,0.427,0.559,89.2
Callie Smith,Liz Truluck,womens,4,-0.09,0.412,0.43,1.9
Hannah Blatt,Jackie Kawamoto,womens,11,-0.026,0.415,0.481,31.2
Isabella Dunlap,Estee Widdershoven,womens,10,-0.13,0.44,0.391,0.4
Rachel Rohrabacher,Christian Alshon,mixed,14,0.095,0.436,0.571,96.0
Isabella Dunlap,James Delgado,mixed,24,0.033,0.355,0.528,77.5
Zane Navratil,John Lucian Goins,mens,9,0.103,0.436,0.592,97.3
Dylan Frazier,Pablo Tellez,mens,10,0.088,0.426,0.577,94.8
Riley Newman,Christian Alshon,mens,15,0.103,0.406,0.585,97.2
Ting Chieh Wei,Emma Nelson,womens,2,0.015,0.406,0.519,66.3
Rafa Hewett,Lea Jansen,mixed,1,-0.029,0.469,0.474,29.5
Kaitlyn Christian,Lea Jansen,womens,9,-0.085,0.413,0.446,2.9
Chao Yi Wang,Roscoe Bellamy,mixed,12,-0.052,0.395,0.46,10.9
Tama Shimabukuro,Allyce Jones,mixed,3,-0.008,0.419,0.498,46.5
Ting Chieh Wei,John Lucian Goins,mixed,13,-0.069,0.397,0.466,4.8
Callie Smith,Clayton Powell,mixed,2,-0.048,0.435,0.456,14.2
Sahra Dennehy,Dylan Frazier,mixed,6,-0.008,0.388,0.494,47.1
Michael Loyd,Camden Chaffin,mens,2,-0.064,0.399,0.436,6.4
Tama Shimabukuro,Tyler Loong,mens,4,-0.035,0.418,0.481,24.7
Will Mackinnon,Rafael Lenhard,mens,6,-0.197,0.536,0.365,0.0
AJ Koller,John Lucian Goins,mens,5,-0.003,0.396,0.5,51.8
Kaitlyn Christian,Nicolas Acevedo,mixed,6,0.092,0.428,0.576,95.5
Etta Tuionetoa,Tyler Loong,mixed,4,0.008,0.383,0.513,60.0
Tama Shimabukuro,Victoria Dimuzio,mixed,1,0.02,0.391,0.51,69.7
Eric Oncins,Nicolas Acevedo,mens,8,-0.015,0.412,0.486,41.9
Elsie Hendershot,AJ Koller,mixed,6,0.022,0.405,0.522,71.0
Eric Oncins,Lea Jansen,mixed,8,0.119,0.421,0.591,98.6
Rafa Hewett,Nicolas Acevedo,mens,1,-0.016,0.418,0.489,41.0
Stefan Auvergne,Hannah Blatt,mixed,1,-0.061,0.454,0.463,7.5
Callie Smith,Chao Yi Wang,womens,10,0.07,0.379,0.579,90.8
Allison Phillips,Camden Chaffin,mixed,4,-0.024,0.374,0.488,32.4
AJ Koller,Emma Nelson,mixed,3,-0.013,0.41,0.489,42.8
Riley Newman,Christopher Haworth,mens,1,-0.035,0.423,0.467,24.3
Estee Widdershoven,Anderson Scarpa,mixed,2,-0.078,0.449,0.454,3.8
Allison Phillips,Michael Loyd,mixed,3,0.033,0.436,0.509,77.8
Daria Walczak,Allison Phillips,womens,6,0.004,0.382,0.509,58.0
Marina Sicic,Evie Kenna,womens,11,0.061,0.425,0.54,88.8
Veronica Baldi,Antonella Sonda,womens,5,-0.041,0.412,0.458,18.0
Masa Grgan,Viktoria Kanichova,womens,4,0.025,0.403,0.516,73.5
Anna Marija Bukina,Kristiin Mets,womens,4,-0.023,0.391,0.474,33.8
Boris Paque,James Ling,mens,6,0.015,0.41,0.514,66.2
Alex Rosa,Raymond Lawton,mens,2,-0.03,0.387,0.471,28.5
Marcela Donatoni,Olivia McMillan,womens,8,0.055,0.4,0.546,87.0
María Fernández Costantino,Sabrina Mendez Dominguez,womens,5,0.058,0.438,0.552,87.9
Tom Protzek,Louis Laville,mens,12,0.098,0.424,0.57,96.5
Bálint Bakó,Mateusz Matysik,mens,7,0.077,0.451,0.547,92.7
Blake Goodman,Daniel Miron,mens,14,0.065,0.399,0.548,89.7
Alessandro Enea,Matteo Eren Enea,mens,2,-0.067,0.416,0.436,5.5
Pep Canyadell Fabregas,Rosen Naydenov,mens,10,0.055,0.396,0.529,86.7
Hector Sanchez Vidal,Jesus Garcia Garre,mens,5,0.051,0.44,0.535,84.8
Ben Cawston,Theo Platel,mens,15,0.104,0.442,0.586,97.4
Rupf Anna,Fruzsina Szeli,womens,2,-0.053,0.417,0.462,10.2
Giovanna Mandon,Marina Alcaide,womens,5,0.022,0.43,0.518,70.7
Dora Kurdi,Chloe Diskin,womens,5,-0.039,0.409,0.467,20.6
Francesca Rumi,Klara Thell-Lenntorp,womens,6,0.055,0.432,0.544,86.5
Claudia Caymel Romero,Katie Morris,womens,10,0.072,0.381,0.556,91.4
Piercarlo Usai,Marcello Bettinelli,mens,4,0.009,0.383,0.501,60.4
Demetrio De Vito,Umberto Vivaldi,mens,2,-0.064,0.438,0.434,6.3
Cyril Peltier,Mikołaj Biedermann,mens,7,0.071,0.429,0.551,91.0
Pedro Antonio Díaz Adrover,David Palkovský,mens,2,-0.007,0.416,0.496,48.1
Stephanie Vennemann-Kohls,Anna-Lena Straub,womens,2,-0.057,0.408,0.449,8.5
Kristina Jensen,Vittoria De Pasquale,womens,4,-0.008,0.413,0.503,46.4
Alexandra Zapletalová,Gabriela Leova,womens,2,0.004,0.403,0.5,57.9
Francesco Gallo,Lorenzo Lanza,mens,2,-0.039,0.394,0.474,20.4
Mireia Rh,Karina Zustakova,womens,5,0.001,0.389,0.491,55.8
Valentina Sudati,Alessia Rossetti,womens,3,-0.008,0.396,0.497,46.8
Caroline Nothnagel,Karolina Owczarek,womens,2,-0.051,0.426,0.482,12.1
Stefan Grubmueller,Davide Vendrame,mens,4,-0.006,0.383,0.499,48.9
Robinn Sander,Gustaf Geterud II,mens,2,-0.031,0.442,0.472,27.6
Krisztian Kaszoni,Kenneth Suarez,mens,2,-0.08,0.412,0.434,3.7
Matteo Cugliari,Bastian Grau,mens,4,0.011,0.425,0.508,62.6
Andrea Bosi,Alberto Seccia,mens,5,0.015,0.439,0.511,65.9
Karlo Krstanovic,Marko Lovrinovic,mens,2,-0.041,0.446,0.481,18.7
Henrikas Traskin,Felix Grunert,mens,4,0.016,0.418,0.511,66.7
Diana Toia,Rosalba Cucci,womens,2,-0.097,0.448,0.426,1.3
Natascia Sciolti,Paola Tampieri,womens,4,-0.004,0.384,0.489,50.6
Alex Serrano Ruano,David Illescas Cases,mens,2,0.024,0.427,0.524,72.9
Armando Ferreira,Kym Sze,mens,7,0.012,0.44,0.501,63.2
Filippo Rossetti,Luca Romanelli,mens,2,-0.045,0.419,0.469,16.2
Hrvoje Radić,Luka Krstanovic,mens,2,-0.085,0.413,0.441,2.7
Raquel Amaro,Sara Chumillas,womens,3,-0.023,0.4,0.488,33.6
Gabriele Silvestri,Wojciech (voyteck) Kmiecik,mens,2,-0.035,0.4,0.474,24.4
María Pintor Rodríguez,Clara Contis,womens,2,-0.038,0.419,0.466,21.2
Gabriele Camasta,Eugenio Fara,mens,2,-0.021,0.396,0.486,35.7
Alexsander Benica,Jonah Edelson,mens,2,-0.067,0.412,0.447,5.4
Riku Owari,Zen Yoshida,mens,2,-0.016,0.404,0.494,40.5
Riley Newman,Jackie Kawamoto,mixed,10,-0.018,0.41,0.481,38.6
Mateusz Matysik,Klara Thell-Lenntorp,mixed,3,-0.018,0.421,0.484,38.2
Ben Cawston,Katie Morris,mixed,3,0.026,0.405,0.522,73.8
Tom Protzek,Karolina Owczarek,mixed,3,0.006,0.421,0.512,59.0
Claudia Caymel Romero,Pep Canyadell Fabregas,mixed,3,-0.007,0.4,0.497,47.8
Callie Smith,Gabriel Joseph,mixed,2,-0.028,0.406,0.481,30.1
Anna Leigh Waters,Jorja Johnson,womens,12,0.123,0.439,0.595,99.0
Nicole Conard,Abbigal Hatton,womens,4,-0.048,0.436,0.469,14.0
Sofia Sewing,Casey Diamond,mixed,12,0.104,0.427,0.579,97.6
Jack Sock,Gregory Dow,mens,3,-0.052,0.38,0.454,11.3
Catherine Parenteau,Connor Garnett,mixed,8,0.063,0.383,0.559,89.6
Dylan Frazier,Jalina Ingram,mixed,1,-0.019,0.398,0.495,37.9
Aiko Yoshitomi,Wyatt Stone,mixed,4,0.01,0.409,0.512,61.4
Dekel Bar,Tyson McGuffin,mens,5,-0.046,0.419,0.475,15.2
Hannah Blatt,Christian Alshon,mixed,3,0.013,0.426,0.515,64.2
Federico Staksrud,Jorja Johnson,mixed,11,0.112,0.43,0.582,98.2
Aiko Yoshitomi,Darrian Young,mixed,1,-0.002,0.463,0.504,52.7
Sofia Sewing,Tina Pisnik,womens,9,-0.031,0.388,0.459,27.5
Lacy Schneemann,Alex Walker,womens,5,0.016,0.397,0.512,66.8
Yates Johnson,Alex Walker,mixed,3,-0.051,0.406,0.454,12.0
Jack Sock,Lacy Schneemann,mixed,7,0.047,0.422,0.554,83.0
Gabriel Tardio,Hayden Patriquin,mens,12,0.047,0.405,0.534,83.4
Anna Leigh Waters,Noe Khlif,mixed,11,0.074,0.431,0.55,91.9
Abbigal Hatton,Wyatt Stone,mixed,1,-0.004,0.389,0.485,50.8
Federico Staksrud,Will Howells,mens,11,0.041,0.391,0.534,80.8
Darrian Young,Wyatt Stone,mens,1,-0.008,0.422,0.501,46.9
Kate Fahey,Gabriel Tardio,mixed,10,0.066,0.409,0.545,89.8
Anna Bright,Hayden Patriquin,mixed,14,0.096,0.438,0.584,96.1
Dekel Bar,Tina Pisnik,mixed,10,0.084,0.416,0.571,94.2
Brandon French,Darrian Young,mens,1,-0.062,0.42,0.451,7.0
Abbigal Hatton,Brandon French,mixed,1,-0.055,0.43,0.469,9.4
Kate Fahey,Anna Bright,womens,12,0.117,0.429,0.599,98.5
Zoey Weil,Dylan Frazier,mixed,3,-0.112,0.416,0.406,0.5
Noe Khlif,Federico Staksrud,mens,1,-0.052,0.408,0.454,11.1
Brandon French,Wyatt Stone,mens,3,0.022,0.434,0.532,70.8
Sahra Dennehy,Pablo Tellez,mixed,3,0.004,0.387,0.501,57.8
Nicole Conard,Brandon French,mixed,3,-0.016,0.42,0.484,40.8
Aiko Yoshitomi,Nicole Conard,womens,1,-0.04,0.428,0.476,19.6
Juan Varon,Miles Hoover,mens,6,-0.011,0.406,0.486,44.8
Sam Weinbach,Luke Wasson,mens,4,0.043,0.418,0.52,81.7
Mohaned Alhouni,Jackson Ayotte,mens,10,0.052,0.407,0.529,85.6
Sydney Sonday,Kelly Goodnow,womens,4,0.019,0.421,0.507,68.8
Circa Luna S,Mila Messinger,womens,5,-0.026,0.401,0.474,31.1
Kaitlin Tran,Courtenay Leonard,womens,4,0.029,0.388,0.539,75.9
Alexandra Strange,Cassandra Fryberger,womens,2,-0.04,0.423,0.47,19.0
Matthew Barlow,Eli Steiner,mens,14,0.063,0.406,0.542,89.5
Kamyla Held,Melissa Beré,womens,2,-0.056,0.416,0.46,9.1
Mylin Lemke,Hannah Pardus,womens,4,-0.031,0.386,0.47,27.4
Jada Bui,Anne-Sophie Courteau,womens,9,0.021,0.4,0.506,70.4
Caroline Maguire,Volly Johnson,womens,2,-0.007,0.488,0.484,47.5
Eduardo Santini Ayon,Joel Poland,mens,30,-0.02,0.389,0.488,37.1
Cole Wilcox,Austin Romaguera,mens,4,0.023,0.431,0.526,72.1
Grayson Brandon,Jace Howard,mens,4,-0.088,0.446,0.422,2.6
Connor Gibbs,Edward Kim,mens,4,0.0,0.403,0.503,54.8
Natalia Simson,Cc Eleven Sacca,womens,3,-0.037,0.386,0.455,21.4
Vritti Sethi,Constanza Gorches,womens,5,-0.002,0.396,0.491,52.8
Luana Stanciu,Averee Beck,womens,4,0.027,0.43,0.522,74.8
Jayce Landheer,Lucas Pereyra,mens,5,-0.009,0.429,0.494,46.0
Dave Weinbach,David George,mens,6,-0.011,0.414,0.471,45.0
Joel Cassens,Mike Radermacher,mens,8,0.02,0.397,0.511,69.5
Carlota Trevino,Allie Reichert,womens,9,-0.032,0.426,0.484,27.0
Ariana Ajani,Chantal Mabie,womens,4,0.041,0.408,0.539,81.0
Ethan Bakalinsky,Dale Kim,mens,5,-0.019,0.372,0.473,37.8
Lindsey Newman,Adelie Osher,womens,12,0.075,0.398,0.573,92.3
Wendy Weston,Grace Nguyen,womens,3,-0.013,0.403,0.496,42.9
Christa Gecheva,Mya Bui,womens,10,0.055,0.392,0.54,87.2
Nisal Liyanage,Tommy Labat,mens,7,0.052,0.406,0.538,85.1
Jamie Hafner Jr.,Jordan Tacheny,mens,2,-0.033,0.394,0.464,25.4
Monika Wynne,Maya Wilson,womens,4,-0.013,0.445,0.491,43.1
Mouaad Alhouni,Usama Khalid,mens,3,0.028,0.413,0.514,75.6
Patrik Kevin Tsati-Onla,Brenden Everhart,mens,5,-0.001,0.406,0.489,53.8
Ross Whittaker,Aanik Lohani,mens,11,-0.042,0.391,0.479,17.8
Edgaras Zilys,Martin Stanchev,mens,12,0.062,0.407,0.542,89.3
Chuck Taylor,Christopher Anderson,mens,2,-0.04,0.436,0.471,19.8
Lova Metor,Vincent Rettke,mens,5,-0.002,0.466,0.499,52.9
Will Lieberman,TJ Rudden,mens,2,-0.049,0.447,0.454,13.1
Luke W,Karson Feyereisen,mens,2,-0.025,0.404,0.479,32.3
Andre Mercado,Maverick Messinger,mens,3,-0.101,0.459,0.42,0.9
George Bulger,Matthew Mead,mens,3,-0.005,0.425,0.505,49.3
Ben Baravik,Antonio Medina,mens,2,0.033,0.397,0.511,77.9
Dylan Unkert,George Wolf,mens,4,0.013,0.372,0.511,64.7
Brandon Contratto,Cayden Sprowl,mens,2,-0.036,0.455,0.469,22.6
Jake Anderson,Ryan Camras,mens,5,0.051,0.423,0.545,84.9
William Hsieh,Aditya Ratnala,mens,2,-0.027,0.435,0.487,30.8
Alexis Hayden,Anna Lenhart,womens,2,-0.001,0.405,0.495,54.0
Edward Perez,Zach Gonnering,mens,3,-0.035,0.384,0.479,23.9
Julie Azzolina,Lorie Caelwaerts,womens,2,-0.051,0.447,0.479,11.6
Christian Tanner,Khalijawan Barber,mens,2,-0.028,0.414,0.469,30.2
V. Mary Rivas,Nina Rhoades,womens,4,0.046,0.431,0.52,82.8
Jillian Niemann,Samantha Morgan,womens,4,-0.027,0.386,0.476,30.3
Tanner Petrick,Jason Horychuk,mens,2,-0.043,0.41,0.479,17.1
Ryder Brown,Francis Chi,mens,2,-0.02,0.412,0.485,36.6
Jack Sock,Yates Johnson,mens,2,-0.044,0.395,0.479,16.4
Daria Walczak,Camden Chaffin,mixed,1,0.013,0.39,0.507,63.7
Hannah Blatt,Christopher Haworth,mixed,2,0.001,0.41,0.493,55.5
Gregory Dow,Lina Padegimaite,mixed,2,-0.074,0.443,0.431,4.1
Joel Cassens,Jamie Voelker,mixed,6,0.014,0.406,0.526,65.1
Alexis Hayden,Khalijawan Barber,mixed,2,-0.021,0.417,0.479,35.8
Andre Mercado,Adelie Osher,mixed,8,-0.144,0.435,0.379,0.2
Sam Weinbach,Hailey Munz,mixed,5,0.016,0.402,0.509,66.4
Mohaned Alhouni,Lindsey Newman,mixed,8,0.0,0.39,0.492,55.1
Carlota Trevino,Joel Poland,mixed,11,0.076,0.425,0.563,92.4
Monika Wynne,Usama Khalid,mixed,2,-0.021,0.417,0.475,36.1
Natalia Simson,Edgaras Zilys,mixed,7,0.003,0.401,0.514,57.1
Edward Perez,Luana Stanciu,mixed,3,-0.011,0.411,0.508,44.7
Nisal Liyanage,Chantal Mabie,mixed,7,-0.009,0.416,0.475,46.2
Ariana Ajani,Ryan Camras,mixed,8,0.04,0.384,0.543,80.3
Benjamin Huynh,Kaitlin Tran,mixed,2,0.009,0.383,0.513,60.5
Kamyla Held,Brandon Contratto,mixed,3,-0.022,0.401,0.473,34.6
Maya Wilson,Lucas Pereyra,mixed,5,0.003,0.391,0.506,57.3
Jake Anderson,Anna Lenhart,mixed,4,0.068,0.431,0.559,90.5
Maverick Messinger,Cc Eleven Sacca,mixed,2,-0.013,0.436,0.488,43.4
Ross Whittaker,Jayda Maldonado,mixed,7,0.051,0.445,0.537,84.7
Courtenay Leonard,Vincent Rettke,mixed,3,0.014,0.377,0.511,65.4
V. Mary Rivas,Tommy Labat,mixed,3,-0.046,0.416,0.463,14.9
Mylin Lemke,Jordan Tacheny,mixed,5,0.013,0.393,0.515,63.6
Matthew Barlow,Mya Bui,mixed,11,0.013,0.422,0.523,64.1
Sydney Sonday,Nicholas Wade,mixed,7,0.047,0.397,0.524,83.2
Circa Luna S,Francis Chi,mixed,5,0.025,0.41,0.513,73.2
Samantha Morgan,Christopher Anderson,mixed,2,-0.006,0.383,0.49,49.2
Juan Varon,Anne-Sophie Courteau,mixed,8,0.112,0.43,0.591,98.3
Eliel Herminas,Kendall Warren,mixed,4,0.017,0.392,0.521,67.2
Jia Yi Tan,Dan Nguyen,mixed,2,-0.049,0.438,0.481,13.5
Jada Bui,Miles Hoover,mixed,7,0.022,0.423,0.511,70.6
Jazz Hearn IV,Zach Gonnering,mixed,4,-0.006,0.42,0.498,48.4
Eli Steiner,Allie Reichert,mixed,4,0.019,0.378,0.516,68.3
Edward Kim,Constanza Gorches,mixed,4,0.045,0.404,0.523,82.5
Mike Radermacher,Nina Rhoades,mixed,2,-0.026,0.438,0.476,31.5
Chuck Taylor,Melissa Beré,mixed,2,-0.006,0.396,0.495,49.1
Ben Baravik,Grace Nguyen,mixed,2,-0.057,0.444,0.454,8.6
Katie Neils,Jackson Ayotte,mixed,2,-0.039,0.429,0.466,20.1
Wendy Weston,Antonio Medina,mixed,2,-0.04,0.429,0.478,19.1
Vritti Sethi,Martin Stanchev,mixed,4,-0.005,0.435,0.491,49.9
Jillian Niemann,Matthew Mead,mixed,2,-0.058,0.435,0.456,8.3
Eduardo Santini Ayon,Kelly Goodnow,mixed,2,-0.042,0.422,0.457,17.6
Aanik Lohani,Linda Loch,mixed,2,-0.006,0.389,0.499,48.5
Will Lieberman,Volly Johnson,mixed,2,-0.019,0.415,0.49,38.1
Ryder Brown,Caroline Maguire,mixed,2,-0.006,0.422,0.494,48.7
Jade Kawamoto,Connor Garnett,mixed,1,0.032,0.41,0.517,76.7
Samantha Parker,Max Freeman,mixed,1,-0.025,0.417,0.489,31.8
Irina Tereschenko,Stefan Auvergne,mixed,1,0.027,0.388,0.524,74.4
Max Freeman,Connor Garnett,mens,1,-0.006,0.407,0.483,48.3
Stefan Auvergne,Christopher Haworth,mens,1,-0.0,0.429,0.491,54.2
Rika Fujiwara,Anouar Braham,mixed,1,0.049,0.431,0.542,84.3
Isabella Dunlap,Rika Fujiwara,womens,1,-0.035,0.406,0.477,24.0
Tamaryn Emmrich,Tina Pisnik,womens,1,0.017,0.419,0.509,67.3
Dekel Bar,Casey Diamond,mens,5,0.032,0.423,0.517,77.1
Samantha Parker,Jade Kawamoto,womens,1,0.031,0.413,0.529,76.5
Irina Tereschenko,Hannah Blatt,womens,1,-0.032,0.422,0.469,27.2
Rachel Rohrabacher,Jackie Kawamoto,womens,6,0.027,0.447,0.52,74.5
Michael Massih,Ryan Morris,mens,4,-0.017,0.419,0.49,39.8
Kyle Anderson,Liam Lamb,mens,2,-0.008,0.408,0.488,47.2
Nicholas Maleganeas,Jason Taylor,mens,8,0.026,0.413,0.52,73.9
Luther Ferris,Matt Carter,mens,2,-0.036,0.467,0.474,22.7
Katerina Valos,Emily Martin,womens,4,0.01,0.42,0.497,61.7
Deborah Rossi,Olivia Isbey,womens,2,-0.015,0.419,0.475,41.4
Andy Van der Vyver,Daiki Tanabe,mens,4,-0.001,0.441,0.489,53.7
Aaron Johnson,Benjamin Beard,mens,2,-0.018,0.374,0.479,39.0
Joseph Wild,Lachy Donnelly,mens,9,0.062,0.419,0.549,89.4
Kepueli Fitikefu Jr,Pahulu Fitikefu,mens,2,-0.035,0.403,0.475,24.6
Lucas Pascoe,Harrison Brown,mens,8,0.06,0.422,0.533,88.7
Denver Bannerman,Ben Spotswood,mens,2,-0.049,0.436,0.469,13.4
Mitchell Hargreaves,Zachary Grabovic,mens,9,0.067,0.417,0.556,90.1
Harry Tan,Phi Lam,mens,2,-0.046,0.434,0.479,15.0
Joshua Carpenter,Wyatt Stone,mens,4,-0.068,0.42,0.44,5.0
Bassem Kheireddin,Jacob Bolkowy,mens,7,0.029,0.456,0.528,76.0
Jalina Ingram,Marcela Aguila Ampon,womens,4,-0.007,0.434,0.504,47.7
Carlota Trevino,Cc Eleven Sacca,womens,6,0.006,0.403,0.499,59.2
David Litvinov,Miles Hoover,mens,8,0.054,0.409,0.54,86.1
Maria Klokotzky,Anne-Sophie Courteau,womens,10,-0.096,0.401,0.419,1.4
Naomi Tran,Janaye Sakkas,womens,3,0.048,0.424,0.541,83.9
Gregory Zukeran,Conner Koga,mens,5,0.013,0.404,0.502,64.0
Daniel Price,Brad Eckart,mens,3,-0.031,0.385,0.483,27.7
Xiao Yi Wang-Beckvall,Kiora Kunimoto,womens,10,0.085,0.398,0.563,94.4
Asako Pastrana,Kerrie Tobita,womens,4,-0.005,0.402,0.491,49.8
Victor Rodrigo,Wil Shaffer,mens,5,-0.011,0.406,0.49,44.6
Mari Humberg,Kelly Goodnow,womens,11,0.011,0.439,0.513,61.9
Adelie Osher,Sienna Hitzeman,womens,4,0.059,0.406,0.551,88.4
Antoaneta Toskova,Maddy Rasmusen,womens,4,0.041,0.384,0.544,80.5
Deanna Pham,Tiffany Wang,womens,2,-0.053,0.415,0.476,10.4
Christa Gecheva,Isabella Dunlap,womens,9,-0.002,0.393,0.499,53.0
Cassie Postma,Lingzhe X,womens,5,-0.041,0.411,0.464,18.5
Alexandra Valenstein,Heather Schallenberger,womens,4,0.024,0.436,0.515,72.7
Jocelyn Bedoya,Francesca Fakidis,womens,2,-0.052,0.428,0.468,11.0
Eddie Kang,Vikram Kumar,mens,5,-0.037,0.398,0.474,21.9
Kevin Rushton,Kelly Marks,mens,3,-0.046,0.409,0.451,15.3
Ant Tran,Luc Pham,mens,6,-0.003,0.408,0.488,51.7
Connor McCartney,Eddy Kim,mens,4,0.04,0.406,0.528,80.2
George Bulger,Brenden Everhart,mens,2,-0.049,0.402,0.453,13.2
Andre Mercado,Indigo Dagnall,mens,15,0.055,0.393,0.55,86.6
Beau Covell,Markal Luckett-Smith,mens,2,-0.035,0.422,0.474,23.5
Andrew Caldarella,Garrett Whitehead,mens,12,0.085,0.423,0.565,94.5
Madalina Grigoriu,Nicole Conard,womens,11,0.02,0.383,0.51,69.4
Eileen Tran,Frida Mudsam,womens,4,-0.025,0.413,0.496,32.1
Dylan Goldman,Will Mackinnon,mens,9,0.053,0.403,0.539,85.8
James Yu,Noah Zwiren,mens,2,-0.017,0.391,0.469,39.3
Casey Garretson,Eli Steiner,mens,6,0.01,0.383,0.519,61.6
Juan Varon,Usama Khalid,mens,4,0.048,0.401,0.529,83.8
Leah J,Naomi De Hart,womens,5,-0.064,0.419,0.446,6.5
Janet Liu,Jaeda Minniefield,womens,7,0.082,0.412,0.583,94.0
Zach Gonnering,Tyler Loong,mens,4,-0.022,0.407,0.482,34.7
Colby Holcomb,Nate Evensen,mens,2,-0.083,0.43,0.437,3.1
Justin Guiltinan,Levi Daniel,mens,3,-0.007,0.386,0.494,47.4
Brianna Kemp,Ella Cosma,womens,5,0.079,0.405,0.561,93.0
Wendy Weston,Courtenay Leonard,womens,2,-0.028,0.405,0.478,29.9
Chloe Igleski,Lindsey Newman,womens,9,-0.036,0.385,0.462,22.4
Stephanie Vogt,Isabella Hoang,womens,4,0.037,0.418,0.533,79.2
Jake Anderson,Troy Akin,mens,2,-0.063,0.433,0.446,6.9
Ram Kotnana,Jack Hared,mens,11,0.023,0.391,0.519,71.9
Vincent Rettke,Ryan Camras,mens,10,-0.039,0.385,0.466,19.9
Mike Radermacher,Matt Burkhardt,mens,27,0.122,0.419,0.611,98.8
Anna Lenhart,Jessica Lyng,womens,2,-0.032,0.415,0.48,27.1
James Delgado,Anouar Braham,mens,12,0.089,0.448,0.559,95.0
Maverick Messinger,Jackson Ayotte,mens,4,0.052,0.398,0.545,85.2
Evan T,Blake Suard,mens,2,-0.021,0.378,0.474,35.4
Luke Williams,William Gardner,mens,2,-0.024,0.418,0.489,32.9
Brensten Chan,Jensen Kim,mens,2,-0.013,0.398,0.486,43.0
Zoeya Khan,Genie Erokhina,womens,12,0.048,0.388,0.536,84.1
Cai Haught,Leah Black,womens,4,-0.017,0.434,0.498,39.7
Ishan Balakrishnan,Albert Wan,mens,4,0.016,0.381,0.511,66.6
Jennifer Grady,Shayla Molnar,womens,2,-0.0,0.431,0.514,54.5
Martin Stanchev,Edward Kim,mens,4,0.005,0.39,0.505,58.6
Riley Hanks,Joy Leising,womens,2,-0.012,0.409,0.484,44.4
Marisa Ruiz,Giovanna Morelli,womens,4,-0.02,0.402,0.476,37.0
Alison Bruggeman,Sarah Kaufman,womens,3,0.006,0.439,0.511,58.9
Gavin Fowler,Jaxon Madsen,mens,4,-0.037,0.44,0.465,21.8
Daniel Byun,Amir Tabatabaeian,mens,2,-0.002,0.449,0.505,53.4
Hayden Rand,Matthew Mead,mens,2,-0.021,0.43,0.486,36.0
Geancarlo Nieto,Tommy Shin,mens,2,-0.016,0.425,0.487,40.4
Ella Yeh,Chloe Diskin,womens,3,-0.033,0.418,0.475,25.7
Darlene Mulkins,Christie Mead,womens,2,-0.034,0.432,0.476,25.1
Elise Fortino,Elissa L,womens,2,-0.005,0.441,0.484,49.4
Cade Edwards,Jase Edwards,mens,6,0.002,0.426,0.52,56.1
Liam Duffin,Hunter Merritt,mens,3,-0.011,0.398,0.491,44.9
Alejandro Trevino,Victor Camilo Iii,mens,2,-0.019,0.391,0.486,37.5
Christine Trifunovic,Averee Beck,womens,2,-0.091,0.438,0.431,1.6
Jace Morris,Michael Loyd,mens,18,0.091,0.393,0.571,95.3
Mackonner Dy,Eugene Mak,mens,3,0.019,0.418,0.502,68.9
Clayton Truex,Joseluis Herrera,mens,5,-0.004,0.452,0.496,50.5
Takato Watanabe,Johnny Miglino,mens,3,0.001,0.416,0.493,55.3
Kailas Shekar,Riley Inn,mens,12,0.08,0.448,0.564,93.5
Will Wimbish,Don Alto,mens,2,-0.004,0.389,0.496,51.4
Mohaned Alhouni,Bruno Faletto,mens,13,0.071,0.433,0.55,91.3
Nicholas Wade,Armaan Jiwa Mawji,mens,7,0.061,0.402,0.559,89.0
Garrison Eaby,Bret Berryman,mens,5,0.028,0.398,0.517,75.2
Chuck Taylor,Luke Wasson,mens,6,-0.036,0.418,0.471,23.3
Daniel Colon,Andy Lum,mens,2,-0.049,0.389,0.454,13.0
Dylan Flippin,Oliver Hu,mens,3,0.02,0.445,0.514,69.0
Sam Angelo,Pesa Teoni,mens,5,0.02,0.39,0.513,69.8
Junho Son,Raymond Velarde,mens,2,-0.052,0.408,0.455,11.2
Elliott Schupp,Kyle Koszuta,mens,26,0.097,0.416,0.57,96.2
Damon Little,Devon Sikora,mens,2,0.003,0.397,0.489,56.8
Billy Buchhauser,Kendall Kikkawa,mens,4,-0.021,0.419,0.494,35.6
William Hart,Andrew Angulo,mens,2,-0.02,0.398,0.493,36.4
Brandon French,Braden Jacobson,mens,20,0.091,0.447,0.574,95.1
William Hsieh,Lorin Schlecht,mens,2,-0.045,0.415,0.47,16.1
Rajul Chikkalingaiah,Logan Luc,mens,3,0.003,0.433,0.509,56.7
James Krause,Zach Hatzenbeler,mens,2,0.021,0.369,0.519,70.0
Tuny Betancourt,Jackson Wurzer,mens,2,-0.044,0.44,0.478,16.7
Maddie Elsey,Melissa Beré,womens,2,-0.022,0.436,0.487,35.3
Ryder Brown,Blake Goodman,mens,3,0.032,0.387,0.535,77.0
Liam Lamb,Jessica Christie,mixed,3,-0.045,0.409,0.476,16.3
Belinda Crane,Michael Massih,mixed,5,0.052,0.435,0.525,85.0
Lucas Pascoe,Selina Turulja,mixed,4,-0.021,0.39,0.489,35.5
Aaron Blitz,Emily Martin,mixed,2,-0.037,0.405,0.478,21.5
Andie Dikosavljevic,Selina Turulja,womens,7,-0.021,0.408,0.482,36.3
Sahra Dennehy,Somer Dalla-Bona,womens,6,0.149,0.44,0.624,99.7
Jason Taylor,Bernadette Massih,mixed,2,-0.06,0.445,0.469,7.6
Katerina Valos,Daiki Tanabe,mixed,4,-0.014,0.427,0.476,42.5
Belinda Crane,Chelsea Olditch,womens,2,-0.073,0.401,0.435,4.2
Joseph Wild,Andie Dikosavljevic,mixed,10,0.117,0.409,0.597,98.4
Andy Van der Vyver,Chelsea Olditch,mixed,4,0.02,0.342,0.52,69.6
Kaitlynn Hart,Bernadette Massih,womens,7,-0.027,0.407,0.475,30.5
Crystal Mildwaters,Tayah Cross,womens,5,-0.018,0.372,0.491,38.3
Aaron Blitz,Stefan Djordjic,mens,2,-0.014,0.404,0.487,42.4
Sarah Burr,Aria Henare,womens,4,0.003,0.421,0.484,57.2
Josh Barber,Liam Jesperson,mens,2,-0.013,0.394,0.489,43.5
Aria Henare,Lachy Donnelly,mixed,4,-0.044,0.423,0.453,16.5
Indiana Heather-Pereira,Luther Ferris,mixed,2,0.013,0.407,0.514,64.4
Ryan Morris,Grace Sorbello,mixed,2,-0.081,0.482,0.441,3.4
Rebecca Labbett,Katie Weibler,womens,3,-0.022,0.42,0.469,34.8
Crystal Mildwaters,Nicholas Maleganeas,mixed,2,-0.063,0.425,0.454,6.6
Conor Robertshawe,Tayah Cross,mixed,5,0.056,0.405,0.538,87.3
James Krause,Darlene Mulkins,mixed,2,-0.03,0.409,0.45,27.9
Wendy Weston,Devon Sikora,mixed,4,0.04,0.403,0.536,80.0
Maddy Rasmusen,Miles Hoover,mixed,4,-0.03,0.39,0.47,28.1
Deanna Pham,Albert Wan,mixed,2,-0.015,0.421,0.504,42.1
Xiao Yi Wang-Beckvall,Luc Pham,mixed,11,0.097,0.43,0.566,96.3
Maria Klokotzky,Nicholas Wade,mixed,5,0.004,0.415,0.502,57.6
Mohaned Alhouni,Genie Erokhina,mixed,10,0.036,0.415,0.53,79.1
Maddie Elsey,Joseluis Herrera,mixed,4,0.011,0.413,0.519,62.1
Tyler Loong,Lindsey Newman,mixed,15,0.141,0.428,0.607,99.6
Garrison Eaby,Jaeda Minniefield,mixed,10,0.007,0.378,0.5,59.6
David Litvinov,Sienna Hitzeman,mixed,4,-0.046,0.385,0.459,14.8
Martin Stanchev,Marcela Aguila Ampon,mixed,6,0.028,0.433,0.528,75.3
Leah J,Maverick Messinger,mixed,2,0.001,0.435,0.507,55.4
Elliott Schupp,Kiora Kunimoto,mixed,23,0.101,0.436,0.586,97.0
Junie C,Kevin Rushton,mixed,5,0.011,0.439,0.52,62.0
Pesa Teoni,Chloe Diskin,mixed,7,0.052,0.411,0.548,85.4
Jace Morris,Kelly Goodnow,mixed,7,-0.062,0.409,0.451,7.1
Matt Burkhardt,Adelie Osher,mixed,4,0.003,0.386,0.511,57.0
Daniel Byun,Stephanie Vogt,mixed,2,-0.021,0.424,0.474,36.2
Leah Black,Andy Lum,mixed,4,0.012,0.447,0.513,63.1
Gregory Zukeran,Sari Kwee,mixed,2,-0.022,0.402,0.486,35.2
Jalina Ingram,Joel Poland,mixed,10,-0.098,0.391,0.405,1.2
Chloe Igleski,Eduardo Santini Ayon,mixed,6,0.069,0.371,0.545,90.7
Chuck Taylor,Heather Schallenberger,mixed,2,-0.071,0.414,0.438,4.4
Circa Luna S,Jace Howard,mixed,4,0.072,0.428,0.552,91.5
Marisa Ruiz,Juan Varon,mixed,7,0.111,0.416,0.591,98.1
Luke Williams,Brianna Kemp,mixed,2,-0.039,0.384,0.462,20.5
Courtenay Leonard,Luke Wasson,mixed,2,-0.049,0.43,0.475,13.3
Yolena Carlon,Jackson Ayotte,mixed,4,0.047,0.388,0.529,83.7
Mike Radermacher,Angela Morisette,mixed,2,-0.01,0.441,0.492,45.2
Frida Mudsam,Eli Steiner,mixed,10,0.045,0.413,0.545,82.2
Christa Gecheva,Michael Loyd,mixed,9,-0.012,0.398,0.488,44.3
Madalina Grigoriu,Jake Anderson,mixed,5,0.012,0.401,0.513,63.3
Lingzhe X,Jacob Bolkowy,mixed,5,0.068,0.412,0.551,90.6
Chotika Wannachinda,Logan Luc,mixed,4,0.01,0.387,0.522,61.2
Jensen Kim,Shayla Molnar,mixed,2,-0.036,0.465,0.48,23.0
Zoeya Khan,Liam Duffin,mixed,4,-0.037,0.399,0.476,21.7
Andre Mercado,Cc Eleven Sacca,mixed,6,0.029,0.383,0.531,75.8
Kailas Shekar,Nicole Conard,mixed,4,-0.01,0.39,0.482,45.1
Averee Beck,Riley Inn,mixed,2,-0.021,0.391,0.47,35.9
Ella Cosma,Noah Zwiren,mixed,5,0.059,0.426,0.546,88.5
Bruno Faletto,Carlota Trevino,mixed,15,0.054,0.404,0.544,86.3
Cade Edwards,Luana Stanciu,mixed,4,0.074,0.439,0.566,92.0
Anouar Braham,Anne-Sophie Courteau,mixed,4,-0.049,0.453,0.465,12.9
Asako Pastrana,Tuny Betancourt,mixed,4,0.014,0.405,0.504,65.6
Eileen Tran,Bassem Kheireddin,mixed,2,-0.017,0.415,0.491,39.2
Ella Yeh,Braden Jacobson,mixed,13,0.049,0.412,0.537,84.5
Naomi De Hart,Jaxon Madsen,mixed,3,0.038,0.431,0.519,79.3
Billy Buchhauser,Alison Bruggeman,mixed,2,0.011,0.406,0.514,63.0
Antoaneta Toskova,Armaan Jiwa Mawji,mixed,2,-0.038,0.439,0.471,21.3
Will Mackinnon,Giovanna Morelli,mixed,7,0.104,0.424,0.578,97.5
Damon Little,Jocelyn Bedoya,mixed,3,-0.041,0.397,0.474,18.2
Ryder Brown,Melissa Beré,mixed,2,0.007,0.413,0.511,59.7
Justin Guiltinan,Naomi Tran,mixed,4,0.025,0.428,0.524,73.6
Cassie Postma,Andrew Angulo,mixed,4,0.016,0.415,0.521,66.5
Roanne Velarde,Raymond Velarde,mixed,2,-0.052,0.437,0.474,10.7
Alexandra Valenstein,Troy Akin,mixed,2,-0.014,0.417,0.461,42.3
Kerrie Tobita,Conner Koga,mixed,2,-0.03,0.452,0.46,28.9
Amir Tabatabaeian,Tiffany Wang,mixed,2,-0.029,0.424,0.476,29.1
Sarah Kaufman,William Gardner,mixed,2,-0.066,0.488,0.446,5.8
Kyle Koszuta,Hailee Haymore,mixed,4,-0.004,0.427,0.505,51.5
Samantha Morgan,Beau Covell,mixed,2,-0.064,0.428,0.448,6.2
Janet Liu,Usama Khalid,mixed,4,-0.017,0.4,0.46,40.2
Matthew Mead,Christie Mead,mixed,2,-0.005,0.381,0.494,50.2
Francesca Fakidis,Jacob Dubas,mixed,4,-0.001,0.416,0.507,53.6
Kristen Nichols,Ben Bishop,mixed,2,-0.06,0.471,0.466,7.9
Riley Hanks,Ryan Camras,mixed,2,-0.063,0.434,0.444,6.8
Brensten Chan,Jennifer Grady,mixed,2,-0.061,0.437,0.456,7.2
Levi Daniel,Janaye Sakkas,mixed,2,-0.101,0.409,0.416,0.8
Jillian Niemann,Vincent Rettke,mixed,2,-0.034,0.421,0.474,25.0
Mackonner Dy,Elise Fortino,mixed,2,0.023,0.415,0.526,71.7
Jase Edwards,Anna Lenhart,mixed,3,-0.008,0.432,0.485,47.0
Don Alto,Isabella Hoang,mixed,2,-0.022,0.404,0.476,34.9
Somer Dalla-Bona,Zachary Grabovic,mixed,10,-0.053,0.454,0.47,10.1
Sarah Burr,Vishal Masand,mixed,5,0.034,0.44,0.503,78.2
Sahra Dennehy,Mitchell Hargreaves,mixed,10,0.043,0.396,0.542,81.4
Aaron Johnson,Millie Smythe,mixed,2,-0.027,0.435,0.493,30.6
Kaitlynn Hart,Harrison Brown,mixed,8,0.049,0.427,0.548,84.4
Ivan Jakovljevic,James Delgado,mens,11,0.028,0.427,0.528,75.1
Jacob Bolkowy,Connor Weeks,mens,4,-0.012,0.431,0.478,43.8
Ryan Skufca,Jose Martinez,mens,4,0.032,0.431,0.525,76.8
Julian Haig,Rahil Kassam,mens,2,-0.05,0.415,0.461,12.2
Maverick Messinger,Rio Newcombe,mens,5,0.041,0.409,0.524,80.6
Ryan Torresin,Martin Emmrich,mens,5,-0.038,0.415,0.46,21.0
Will Mackinnon,Matt Burkhardt,mens,5,0.013,0.393,0.517,64.5
Altaf Merchant,Steve Deakin,mens,2,-0.016,0.435,0.491,41.2
Levi Daniel,David Litvinov,mens,4,0.021,0.417,0.512,70.2
Christopher Ross,Jeremy Comazzetto,mens,2,-0.03,0.402,0.476,28.4
Angie Walker,Alex Walker,womens,7,0.058,0.406,0.541,88.0
Jalina Ingram,Mya Bui,womens,7,0.089,0.403,0.579,94.9
Jaleesa Johnston,Ava Weeks,womens,5,-0.0,0.429,0.513,54.4
Ella Cosma,Jaeda Minniefield,womens,8,-0.033,0.395,0.484,25.8
Kyle Koszuta,Gregory Dow,mens,8,0.036,0.393,0.527,78.9
Andre Mercado,Rafael Lenhard,mens,10,0.181,0.457,0.643,99.9
Devon Sikora,Ben Bishop,mens,2,-0.053,0.458,0.46,9.9
Jesse Elliott,Michael McCaffrey,mens,4,0.011,0.39,0.522,62.3
Maddy Rasmusen,Kelly Goodnow,womens,4,-0.005,0.44,0.497,49.7
Lingzhe X,Arisha Ladhani,womens,2,-0.024,0.406,0.474,33.1
Isabella Dunlap,Judit Castillo,womens,6,0.067,0.425,0.559,90.2
Christine Trifunovic,Tamaryn Emmrich,womens,3,-0.025,0.412,0.481,31.9
Lena Spence,Naomi Tran,womens,3,0.013,0.376,0.516,63.9
Eugene Mak,Tommy McLeod,mens,2,-0.012,0.412,0.484,44.0
Armaan Jiwa Mawji,Eli Steiner,mens,5,-0.05,0.408,0.452,12.7
Jordann Vigna,Sophia Racine,womens,2,-0.051,0.404,0.449,11.4
Savanna Ticknor,Cami Blake,womens,2,-0.051,0.402,0.45,11.5
Mackonner Dy,Miles Hoover,mens,2,-0.016,0.421,0.492,40.6
Tamaryn Emmrich,Martin Emmrich,mixed,6,0.041,0.429,0.526,81.1
Sophia Racine,Michael McCaffrey,mixed,4,0.014,0.42,0.506,65.2
James Delgado,Anne-Sophie Courteau,mixed,12,0.032,0.382,0.521,77.2
Arisha Ladhani,Jesse Elliott,mixed,2,-0.032,0.416,0.478,26.5
Kyle Koszuta,Alex Walker,mixed,6,0.03,0.379,0.536,76.1
Armaan Jiwa Mawji,Jaeda Minniefield,mixed,4,0.026,0.411,0.505,74.0
Angie Walker,Michael Loyd,mixed,15,0.044,0.397,0.529,82.0
Ivan Jakovljevic,Judit Castillo,mixed,11,0.08,0.417,0.561,93.3
Lena Spence,Matt Burkhardt,mixed,6,-0.046,0.407,0.466,15.7
Jalina Ingram,Rafael Lenhard,mixed,8,0.04,0.423,0.544,80.1
Rahil Kassam,Iny Yu,mixed,2,-0.052,0.434,0.469,10.6
Maddy Rasmusen,Eli Steiner,mixed,5,-0.015,0.419,0.494,41.3
Mya Bui,Ryan Torresin,mixed,6,0.08,0.409,0.565,93.1
Michelle Lui,Riley Inn,mixed,2,-0.03,0.392,0.476,28.3
Maria Klokotzky,Miles Hoover,mixed,4,0.049,0.409,0.541,84.2
Levi Daniel,Naomi Tran,mixed,2,-0.044,0.409,0.462,16.6
Isabella Dunlap,Will Mackinnon,mixed,9,0.108,0.426,0.604,97.9
Christine Trifunovic,Chuck Taylor,mixed,2,-0.009,0.411,0.502,45.5
Lindsey Newman,Gregory Dow,mixed,4,-0.048,0.403,0.474,13.6
Maricel Rose Cape,Mike Martin,mixed,2,0.003,0.417,0.499,57.4
Blake Culbert,Sierra Burns,mixed,2,-0.026,0.398,0.47,31.7
Cai Haught,Luke Williams,mixed,5,0.071,0.411,0.569,91.1
Savanna Ticknor,David Litvinov,mixed,3,0.035,0.389,0.52,78.6
Jacob Bolkowy,Ava Weeks,mixed,2,-0.052,0.441,0.453,10.8
Kailas Shekar,Kelly Goodnow,mixed,4,-0.004,0.384,0.48,51.3
Jordann Vigna,Munroe Durie Pedersen,mixed,2,-0.02,0.426,0.473,36.5
Cami Blake,Devon Sikora,mixed,2,-0.018,0.406,0.496,38.7
Lingzhe X,Eugene Mak,mixed,2,-0.046,0.418,0.463,15.8
Ella Cosma,Mackonner Dy,mixed,2,-0.048,0.429,0.47,14.3
Julian Haig,Yee Nham,mixed,2,-0.058,0.429,0.465,8.2
Stavya Bhasin,Ammol Ramchandani,mens,5,0.026,0.388,0.516,74.3
Alex Guy,Sanil Jagtiani,mens,4,-0.008,0.415,0.476,46.6
Mohaned Alhouni,John Lucian Goins,mens,11,0.093,0.435,0.549,95.6
Ewa Radzikowska,Jaeda Minniefield,womens,10,0.015,0.413,0.514,66.0
Zoey Weil,Liz Truluck,womens,11,0.054,0.382,0.553,86.4
Naomi Nguyen,Kiora Kunimoto,womens,11,0.101,0.409,0.578,96.9
Christa Gecheva,Lauren Stratman,womens,9,0.036,0.417,0.521,78.8
Cade Edwards,Blake Goodman,mens,4,-0.016,0.401,0.505,40.9
Aryaan Bhatia,Vincent Rettke,mens,6,0.028,0.38,0.519,75.4
Matt Ngo,Yaamunan Venkatesan,mens,4,0.023,0.388,0.524,71.6
Jade Rau,Lindsey Newman,womens,4,-0.108,0.445,0.439,0.7
Frances Altick,Kendall Warren,womens,2,0.007,0.395,0.507,59.5
Juan Varon,Anouar Braham,mens,11,-0.071,0.403,0.446,4.7
Jake Anderson,Daniel Miron,mens,6,-0.006,0.417,0.481,48.6
Jay Buxton,Scott McRee,mens,3,0.025,0.416,0.513,73.3
Eileen Wang,Mary McGowan,womens,2,-0.065,0.44,0.458,5.9
Jessica Haywood,Spencer Liang,womens,4,-0.006,0.464,0.496,48.8
Giovanna Morelli,Olivia McMillan,womens,5,-0.051,0.411,0.459,11.9
Dayana Fahey,Mikaela Smith,womens,3,-0.018,0.383,0.473,38.5
Wade Heerboth,Eli Steiner,mens,7,0.057,0.43,0.553,87.5
Lincoln M,Brendan Gallagher,mens,4,0.014,0.394,0.52,65.5
Tristan Dussault,Joshua Elliott,mens,2,-0.068,0.441,0.449,5.2
Rafa Hewett,Jae Centonze,mens,7,0.027,0.437,0.501,74.6
Aditya Suresh,Sumit Sharma,mens,2,-0.03,0.415,0.479,28.8
Sebastian S,Ryland M,mens,2,-0.022,0.418,0.48,35.0
Jalina Ingram,Mehvish Safdar,womens,4,-0.005,0.39,0.503,50.3
Kate S,Alexa Smith,womens,2,-0.032,0.387,0.474,26.9
Connor McCartney,Zach Gonnering,mens,5,0.1,0.445,0.571,96.7
Justin Guiltinan,Will Wimbish,mens,4,0.011,0.398,0.511,62.5
Yolena Carlon,Haley Ferguson,womens,4,-0.009,0.48,0.508,45.8
Krishna Rao,Bryce Johnson,mens,2,-0.06,0.443,0.459,7.7
Madalina Grigoriu,Helen To,womens,2,-0.09,0.453,0.439,1.8
Jessica Warren,Alexa Quintanilla,womens,4,0.043,0.428,0.532,81.2
Christian Franke,Brian Johnson,mens,2,-0.057,0.391,0.444,8.8
Abbigal Hatton,Allie Reichert,womens,8,0.124,0.447,0.6,99.1
Ashley Lu,Karen Lu,womens,3,0.022,0.439,0.514,70.5
Claudia Birthisel,Kiki Onyeagocha,womens,2,-0.005,0.394,0.499,50.1
Ashley Griffith,Keilly Ulery,womens,4,-0.017,0.401,0.479,39.1
V. Mary Rivas,Chantal Mabie,womens,2,-0.025,0.424,0.481,32.2
Maddy Rasmusen,Masa Grgan,womens,10,-0.057,0.438,0.456,8.7
Adalynn Lund,Abigail Okelley,womens,3,-0.004,0.387,0.499,51.2
Thomas Provost,Aubin Duchier,mens,2,-0.03,0.394,0.473,27.8
Frank Welsher Iii,Edward Kim,mens,4,0.009,0.442,0.506,61.0
Carlo Ares,Blake Hardesty,mens,2,-0.024,0.423,0.482,32.8
Kentaro Hamaguchi,Donald Young,mens,12,0.071,0.425,0.565,90.9
Joshua Giannelli,Anderson Scarpa,mens,7,0.082,0.419,0.562,93.8
David Creswell,Derek Ferrer,mens,2,-0.007,0.428,0.501,47.6
Marisa Ruiz,Nicole Conard,womens,4,0.044,0.425,0.527,82.1
Emma Cook,Kayla Nesbitt,womens,2,-0.061,0.411,0.441,7.3
Aidan Gorneau,Brayden Nguyen,mens,2,-0.056,0.415,0.459,9.2
Ella Yeh,Kelly Goodnow,womens,7,0.107,0.405,0.589,97.8
John L,Jason Ma,mens,2,-0.035,0.448,0.47,23.8
Maverick Messinger,Francis Chi,mens,11,0.004,0.404,0.486,58.2
Will Lieberman,Hunter Bassett,mens,5,0.019,0.417,0.523,68.6
Andrew Phanmanee,Alan Toleu,mens,2,-0.012,0.445,0.494,44.1
Joshua McKinley,Samuel Wells,mens,2,-0.053,0.452,0.465,10.3
Jack Wasserman,Justin Moore,mens,3,0.004,0.417,0.497,58.3
Mateo Mejia,Hanson H,mens,2,-0.036,0.409,0.472,22.2
Julian Arnold,James Delgado,mens,10,0.033,0.435,0.515,77.3
Jackson Ayotte,Ethan Bakalinsky,mens,8,-0.013,0.395,0.489,43.2
Morgan Downing,Kristen Van Dernoot,womens,2,-0.05,0.425,0.466,12.5
Andrew Loftin,Dylan Lewis,mens,3,0.021,0.387,0.528,70.3
Pablo Copetti,Adair Garcia,mens,5,-0.051,0.444,0.462,11.8
Braylon Ohrel,Christian Lund,mens,2,-0.053,0.426,0.452,9.8
Tim McMahon,Joshua Reason,mens,2,-0.04,0.401,0.46,18.8
Tennessee P,James Wolf,mens,2,-0.042,0.459,0.453,17.5
Z Malvern,George Wolf,mens,2,-0.029,0.444,0.479,29.0
Julian Arnold,Mehvish Safdar,mixed,5,-0.027,0.369,0.485,30.7
Morgan Downing,Emanuel Dickson,mixed,8,0.046,0.422,0.52,82.9
Yates Johnson,Olivia McMillan,mixed,7,0.109,0.438,0.576,98.0
Cade Edwards,Maddy Rasmusen,mixed,4,-0.059,0.424,0.46,8.0
Rafa Hewett,Lindsey Newman,mixed,10,0.099,0.424,0.576,96.6
Masa Grgan,Ryan Camras,mixed,9,0.08,0.414,0.563,93.6
Joel Poland,Kelly Goodnow,mixed,14,0.085,0.392,0.576,94.3
Mike Radermacher,Eileen Wang,mixed,2,-0.05,0.384,0.453,12.4
Andrew Loftin,Allie Reichert,mixed,4,0.013,0.41,0.509,64.6
Ewa Radzikowska,Zach Gonnering,mixed,11,0.033,0.425,0.521,78.0
Naomi Nguyen,Kyle Koszuta,mixed,13,-0.019,0.394,0.485,38.0
Christopher Crouch,Giovanna Morelli,mixed,9,0.067,0.413,0.549,90.3
Jarryd Woog,Jessica Haywood,mixed,5,0.053,0.416,0.536,86.0
Zoey Weil,Michael Loyd,mixed,5,-0.004,0.418,0.488,51.0
Helena Jansen,Anouar Braham,mixed,10,0.013,0.407,0.504,63.8
Brandon French,Jaeda Minniefield,mixed,4,-0.002,0.391,0.502,52.6
Eduardo Santini Ayon,Helen To,mixed,4,0.038,0.421,0.535,79.5
Anna Lenhart,Francis Chi,mixed,5,-0.036,0.405,0.471,22.1
Weston Spence,Jessica Ho,mixed,2,-0.032,0.447,0.477,26.4
Liz Truluck,Anderson Scarpa,mixed,5,-0.052,0.405,0.464,10.5
Keilly Ulery,Ethan Bakalinsky,mixed,2,-0.042,0.437,0.471,17.9
Jalina Ingram,Donald Young,mixed,6,0.035,0.43,0.542,78.5
Alexander Valencia,Chloe Zigliara,mixed,2,-0.004,0.405,0.501,50.9
Marisa Ruiz,Jae Centonze,mixed,3,-0.066,0.423,0.456,5.7
Juan Varon,Giorgia Vitale,mixed,4,-0.043,0.406,0.457,16.8
Christa Gecheva,John Lucian Goins,mixed,8,-0.0,0.415,0.494,54.6
Frank Welsher Iii,Kayla Nesbitt,mixed,2,0.03,0.41,0.527,76.2
Wesley Hanson,Spencer Liang,mixed,5,0.055,0.442,0.534,86.9
Audrey Banada,MJ Marrero,mixed,8,-0.022,0.425,0.479,34.5
Stephen Preissler,Mikaela Smith,mixed,2,-0.02,0.392,0.476,36.7
Yolena Carlon,Wade Heerboth,mixed,2,-0.034,0.402,0.466,24.9
Abigail Okelley,Will Wimbish,mixed,2,-0.01,0.397,0.487,45.4
Jackson Ayotte,Chantal Mabie,mixed,2,0.009,0.42,0.511,60.8
Andi Godwin,Michael Shaw,mixed,3,0.0,0.404,0.505,55.2
Madelyn Porter,Dylan Lewis,mixed,2,0.003,0.398,0.502,56.9
Abbigal Hatton,Braden Jacobson,mixed,3,-0.039,0.438,0.466,20.3
Tristan Dussault,Alexa Quintanilla,mixed,9,0.02,0.393,0.511,69.9
Braylon Ohrel,Mary McGowan,mixed,4,-0.093,0.384,0.429,1.5
Caroline Maguire,James Wolf,mixed,2,0.02,0.429,0.524,69.2
Casey Garretson,Alexa Smith,mixed,2,-0.046,0.42,0.47,15.6
Kristen Van Dernoot,Blake Hardesty,mixed,2,-0.035,0.44,0.46,24.1
Mohaned Alhouni,Nicole Conard,mixed,6,-0.039,0.398,0.464,20.0
Frances Altick,Carlo Ares,mixed,2,-0.023,0.417,0.48,34.1
Joshua Giannelli,Karen Lu,mixed,3,0.019,0.438,0.523,68.5
Leo Castillo Jr.,Alyssa C,mixed,2,-0.064,0.452,0.452,6.0
Christian Franke,Victoria Simon,mixed,5,-0.009,0.451,0.484,45.9
Haley Ferguson,Edward Kim,mixed,3,0.047,0.417,0.518,83.1
Indigo Dagnall,Ella Yeh,mixed,2,0.082,0.456,0.559,93.9
Connor McCartney,Jessica Mason,mixed,2,-0.05,0.415,0.449,12.3
V. Mary Rivas,Matt Ngo,mixed,2,-0.024,0.456,0.474,33.5
Teresa Romero,Logan Thompson,mixed,2,-0.024,0.401,0.477,32.7
Kendall Warren,Matt Burkhardt,mixed,3,-0.046,0.412,0.454,15.1
Adalynn Lund,Christian Lund,mixed,5,0.057,0.418,0.537,87.6
Lauren Stratman,James Delgado,mixed,4,-0.04,0.448,0.475,19.7
Mehvish Safdar,Wesley Burrows,mixed,4,0.002,0.407,0.487,56.0
Camila Zilveti,Chuck Taylor,mixed,6,0.034,0.407,0.514,78.1
Austin Bricker,Miles Hoover,mens,4,0.023,0.409,0.526,71.8
Jarryd Woog,Lauren Cole,mixed,5,-0.001,0.424,0.487,54.1
Naomi Nguyen,Matthew Barlow,mixed,7,0.01,0.426,0.507,61.8
Sophie Abrams,Mary McGowan,womens,8,0.192,0.441,0.641,100.0
Keilly Ulery,Miles Hoover,mixed,5,-0.015,0.424,0.494,41.7
Andrew Wang,Perry Wang,mens,4,0.08,0.434,0.56,93.2
Jarryd Woog,Zach Gonnering,mens,8,0.021,0.419,0.517,70.1
George Wolf,Ryland M,mens,2,-0.003,0.431,0.489,52.3
Edward Perez,Brooke Caruso,mixed,6,0.073,0.424,0.549,91.7
Saurav Santhosh Nair,Patience Okpe,mixed,2,-0.033,0.453,0.474,25.5
Lauren Cole,Spencer Liang,womens,4,-0.016,0.396,0.488,40.7
Joshua Giannelli,Spencer Liang,mixed,8,-0.035,0.403,0.475,23.7
Juan Varon,Madalina Grigoriu,mixed,6,0.119,0.435,0.594,98.7
Jayson Harris,Alexa Smith,mixed,3,0.004,0.419,0.506,58.4
Joshua Giannelli,Daniel Miron,mens,5,0.005,0.455,0.505,58.7
Ella Cosma,Cason Campbell,mixed,3,-0.038,0.42,0.465,20.8
Caroline Maguire,Ryan Camras,mixed,2,-0.016,0.421,0.486,41.1
Alexander Crum,Ava Ignatowich,mixed,5,0.035,0.432,0.532,78.3
Braylon Ohrel,Ethan Bakalinsky,mens,6,0.086,0.432,0.577,94.6
Michael I,Justin Dages,mens,2,-0.067,0.424,0.436,5.6
Ava Cavataio,Yates Johnson,mixed,6,0.012,0.448,0.523,63.4
Ryan Gilbert,Sophie Abrams,mixed,2,-0.04,0.43,0.481,19.5
Jake Anderson,Bret Berryman,mens,3,-0.03,0.387,0.474,28.2
Eric Roddy,Rachel Rettger,mixed,3,-0.04,0.442,0.465,19.2
Blake Goodman,Luke Wasson,mens,6,-0.029,0.374,0.467,29.3
Connor Mogle,Audrey Adele Brown,mixed,4,0.009,0.423,0.511,60.9
Haley Ferguson,Audrey Banada,womens,4,-0.048,0.393,0.465,13.9
Brie Aldridge,Hailee Haymore,womens,2,-0.02,0.405,0.482,36.8
Indigo Dagnall,Luana Stanciu,mixed,3,-0.089,0.411,0.435,2.2
Ram Kotnana,Demetric Marrero Jr,mens,3,0.043,0.415,0.524,81.5
Eric Gilbert,Ryan Gilbert,mens,2,-0.004,0.408,0.5,50.7
Jackson Ayotte,Yaamunan Venkatesan,mens,2,-0.089,0.496,0.442,2.3
Saurav Santhosh Nair,Jasper Ou,mens,3,0.001,0.435,0.502,55.7
Daniel Phillips,Allison Phillips,mixed,2,-0.053,0.437,0.456,10.0
Zane Ford,Maria Ford,mixed,2,-0.06,0.448,0.454,7.8
Eileen Tran,Mike Radermacher,mixed,2,-0.037,0.384,0.467,21.6
Juan Varon,Eli Steiner,mens,3,-0.085,0.417,0.432,2.8
Haley Ferguson,Demetric Marrero Jr,mixed,2,-0.048,0.423,0.466,14.1
Tama Shimabukuro,Alix Truong,mixed,3,-0.009,0.396,0.499,46.1
Jade Rau,Adam Harvey,mixed,3,0.002,0.442,0.514,56.2
Meghan Dizon,Will Howells,mixed,2,0.047,0.394,0.536,83.6
Pesa Teoni,Jaeda Minniefield,mixed,2,-0.032,0.417,0.485,26.7
Keilly Ulery,Jaeda Minniefield,womens,2,-0.05,0.442,0.465,12.6
Ava Cavataio,Estee Widdershoven,womens,2,0.047,0.417,0.526,83.3
Noe Khlif,Etta Tuionetoa,mixed,2,0.053,0.443,0.548,85.7
Marshall Brown,Olivia McMillan,mixed,2,-0.048,0.464,0.462,14.5
Dylan Frazier,Kaitlyn Christian,mixed,2,0.038,0.445,0.537,79.4
Tamaryn Emmrich,Patrick Smith,mixed,2,-0.056,0.412,0.456,9.3
Lina Padegimaite,Luc Pham,mixed,2,0.004,0.398,0.509,57.7
Gabriel Tardio,Tyra Hurricane Black,mixed,2,-0.02,0.4,0.481,37.3
Gregory Dow,Anderson Scarpa,mens,3,-0.005,0.411,0.499,50.4
Tam Trinh,John Cincola,mens,3,0.019,0.416,0.503,68.7
Dekel Bar,Jessie Irvine,mixed,2,0.014,0.369,0.526,65.3
Austin Bricker,Marcela Aguila Ampon,mixed,2,-0.019,0.435,0.486,37.7
Anna Leigh Waters,Ben Johns,mixed,2,0.011,0.411,0.521,62.4
Will Mackinnon,Brandon French,mens,2,0.043,0.398,0.536,81.8
Spartak Rahachou,Alexander Crum,mens,2,-0.035,0.433,0.477,24.2
James Delgado,Alex Walker,mixed,2,-0.068,0.442,0.449,5.1
Zoey Weil,Christopher Haworth,mixed,2,0.091,0.437,0.576,95.4
Mohaned Alhouni,Luc Pham,mens,3,-0.048,0.392,0.467,14.4
Jorja Johnson,JW Johnson,mixed,2,-0.009,0.388,0.496,45.6
Lucas Pascoe,Paula Rives,mixed,3,0.008,0.407,0.513,59.9
Rafa Hewett,Casey Diamond,mens,3,-0.05,0.416,0.458,12.8
Eric Roddy,Marshall Brown,mens,3,0.046,0.405,0.538,82.7
Jack Sock,Augustus Ge,mens,3,0.026,0.411,0.517,74.1
Isabella Dunlap,Nicolas Acevedo,mixed,3,0.0,0.42,0.509,55.0
Genie Erokhina,Ivan Jakovljevic,mixed,3,0.011,0.373,0.494,62.7
Mya Bui,Anouar Braham,mixed,2,0.023,0.385,0.518,72.0
Callie Smith,Len Yang,mixed,2,0.033,0.414,0.523,77.4
Abbigal Hatton,Kenta Miyoshi,mixed,2,-0.014,0.424,0.489,42.2
Pablo Tellez,Layne Sleeth,mixed,2,0.027,0.431,0.528,74.7
Julian Arnold,Pierina Imparato,mixed,2,-0.017,0.402,0.467,39.9
Aryaan Bhatia,Lucas Pascoe,mens,2,-0.017,0.438,0.486,39.5
Caden Nemoff,Chuck Taylor,mens,2,0.024,0.439,0.501,72.3
Zane Navratil,George Wall,mens,2,-0.015,0.434,0.499,41.8
Edward Perez,George Rangelov,mens,2,-0.005,0.423,0.485,49.5
AJ Koller,Yuta Funemizu,mens,3,0.024,0.423,0.511,72.6
Jaume Martinez Vich,Milan Rane,mixed,2,0.01,0.4,0.515,61.1
Lauren Stratman,Clayton Powell,mixed,2,-0.019,0.43,0.478,37.6
Rafael Lenhard,Anouar Braham,mens,2,-0.09,0.422,0.431,2.0
Camden Chaffin,Christopher Haworth,mens,2,0.094,0.444,0.571,95.9
Victoria Dimuzio,Tyson McGuffin,mixed,2,-0.025,0.452,0.479,32.0
Roscoe Bellamy,Kiora Kunimoto,mixed,2,0.036,0.419,0.529,79.0
Cason Campbell,Adam Harvey,mens,2,0.031,0.407,0.523,76.4
Wil Shaffer,Pesa Teoni,mens,2,-0.048,0.416,0.461,13.7
Chao Yi Wang,Armaan Bhatia,mixed,3,-0.034,0.405,0.48,25.2
Rafa Hewett,Helena Jansen,mixed,3,0.022,0.408,0.51,71.1
Brooke Buckner,Camden Chaffin,mixed,2,0.045,0.378,0.524,82.3
Zane Ford,Grayson Goldin,mens,3,0.041,0.412,0.521,80.7
Matthew Barlow,Ivan Jakovljevic,mens,3,-0.038,0.42,0.469,20.7
Hunter Johnson,Judit Castillo,mixed,2,-0.003,0.427,0.508,52.2
Hannah Blatt,Darrian Young,mixed,2,0.015,0.412,0.516,65.8
Eric Oncins,Tina Pisnik,mixed,2,0.015,0.424,0.506,65.7
Hunter Johnson,Darrian Young,mens,2,0.019,0.485,0.514,68.2
Helena Jansen,Mehvish Safdar,womens,3,0.008,0.413,0.504,59.8
Audrey Adele Brown,Rachel Rettger,womens,3,-0.008,0.439,0.497,46.7
Jonathan Truong,Wyatt Stone,mens,2,0.046,0.389,0.539,82.6
Michael Loyd,Martin Emmrich,mens,2,0.022,0.42,0.518,71.2
Pablo Tellez,Max Freeman,mens,3,-0.042,0.429,0.465,17.4
Clayton Powell,Kenta Miyoshi,mens,2,0.026,0.438,0.508,73.7
Gabriel Joseph,Wesley Burrows,mens,2,-0.023,0.442,0.496,33.9
Riley Newman,Catherine Parenteau,mixed,3,-0.036,0.387,0.46,22.9
Camila Zilveti,Luana Stanciu,womens,2,-0.057,0.44,0.462,8.9
Cailyn Campbell,Max Freeman,mixed,3,-0.002,0.39,0.499,53.3
Jalina Ingram,Brandon French,mixed,3,-0.008,0.423,0.501,47.3
Christa Gecheva,Rafael Lenhard,mixed,3,0.026,0.4,0.509,74.2
Jace Morris,Yates Johnson,mens,2,-0.038,0.419,0.467,21.1
Mari Humberg,Augustus Ge,mixed,2,0.031,0.441,0.519,76.6
Donald Young,Mota Alhouni,mens,2,-0.04,0.401,0.481,19.3
Rio Newcombe,Braden Jacobson,mens,2,0.045,0.427,0.539,82.4
Kate Fahey,Federico Staksrud,mixed,2,0.01,0.418,0.499,61.5
