player_id,gender,singles_surplus
90264f6d-f165-4b60-86e5-451cf64f62ae,F,0.5560
53008558-000d-4162-8a34-9348d3f5322a,M,0.4844
a91e2b68-7357-4518-baf9-f59b0b4c2477,M,0.4105
4da698bf-605d-4c6c-8566-6bfbdb6c1a24,F,0.4071
461f063e-a587-4638-bad9-421ff33d91d7,F,0.3975
a9782e86-e5ae-46d3-9194-ac89fdaed622,M,0.3915
9034d36a-1b11-4c9d-ad75-5c665d87b8c5,F,0.3905
9decd87b-03ac-4d79-a1e7-d03ca3f7519b,M,0.3656
26ef815c-33ef-404d-a3b8-f0a26c240109,M,0.3588
2aa8ced3-d599-4c83-86dd-ecc80196833b,M,0.3506
ecd31a05-120f-4373-b5c1-21136f8f0bf1,M,0.3336
14d61e81-14d5-4cb3-ae33-d427fbc1b4f6,M,0.3071
1ad19b48-ae39-44aa-b2a0-5a40a6b71420,M,0.3065
55b78314-2f02-4a0c-83c2-b7cbfd8b4329,F,0.3054
2c1692a6-0fa2-47b0-9d2b-e12b5c054ef4,F,0.2875
d8610fd6-1ab3-409a-bea3-d7f7b87d7ee0,F,0.2751
84bc805f-1c7a-4151-8c50-f3236805edea,M,0.2738
fc05556e-3e38-4a38-99c2-f855174a7c28,M,0.2666
469988c9-b401-4c68-9e07-e1b1b104b791,M,0.2649
6f149538-c6f6-4ad5-9e60-2afc100f97c1,M,0.2626
a498be96-114c-4857-9d60-4ff2a3e89434,M,0.2561
26b13d9f-ccab-497c-8e3a-68299be5ea70,M,0.2548
c4ca8085-84ed-451f-81c0-6df4a1c8d59f,F,0.2517
8c94d7b2-0dce-455e-916f-e35927d53547,M,0.2504
76419f3a-712c-4241-8940-6f9bda847ba7,F,0.2390
79ee2d66-5ba3-47cc-bc43-f489a09d2d5a,M,0.2361
6794d224-7da3-43d9-8300-e24e731f5dea,F,0.2231
30eb9a2b-1570-473f-8cf1-0f7c9d21b303,M,0.2227
6aa0a796-9759-40f5-9c8f-bf4461d032fb,F,0.2216
a95df9a8-772c-4dbf-8c28-e200b7308584,F,0.2113
6a87bc44-5190-44db-8a2f-467de4de48c6,F,0.2103
0c5b84bb-4c04-4906-86bc-deb533ff4eec,M,0.2102
1d5698ad-f0a1-4ff7-8321-6c166069946e,M,0.2092
a92239e2-429d-4a0a-85b7-58cac29488ee,M,0.2089
55ed7e0a-ff2d-4ac2-aad6-b6772ef4f448,F,0.2062
1e538b1f-66e9-4166-ac60-3aef311ee0b5,F,0.2032
f51d6dfa-5101-49d8-aea5-269e481e1918,F,0.2002
cfb42bdb-d0a0-4fc7-b1ea-a77c40aff2d2,M,0.1996
2e0c0227-6e3e-43d5-8037-7f8bd0f9b935,M,0.1905
4af4d4d1-9f87-4dc7-95f2-b10751d44c15,M,0.1894
7b85c35f-6a90-4c61-af0b-565658feeb3c,M,0.1892
7925aefe-e260-4b83-8bfc-214da1d14fb5,M,0.1890
25a6f570-d617-427a-9fc4-3bf6115a9a84,F,0.1880
8160ad59-4654-46b1-b229-8d5f2a9a45f9,M,0.1826
518626d4-2600-4134-8c6a-0ae9315f9625,M,0.1729
38b1bfb1-576b-4a3e-ab6b-e8bc46031c1d,M,0.1703
cd7b97fc-d912-4c59-8ab3-c2d70e79d998,F,0.1661
c3012322-e95e-4e38-a0d8-106f9e236869,F,0.1615
bb4de7dc-9f25-4218-a601-318492e0884c,M,0.1601
0d23964f-d43f-4006-b1e0-13001393216c,M,0.1590
1728d016-1f02-4789-be73-63d12d5a5b42,F,0.1587
1bab49f1-6891-4d3e-8f77-42aa4fc1d18e,M,0.1585
c3b08889-9218-45d7-a712-72d78dd9a0bb,M,0.1571
05bf7513-7f0a-4f6b-bc11-5d4b14314d91,M,0.1561
608756f6-bfc7-41b5-9cfd-5e69eacfe513,F,0.1469
aa45af3b-41b0-4e03-9a17-4ca16a108df3,M,0.1427
69633ccf-87be-4975-a578-53d6e166c91b,M,0.1416
f13c20c3-1fed-4a9e-abec-f3f3bf1f8f91,F,0.1368
43df1205-e834-4427-9f1a-4e173bf93296,M,0.1349
9ce32de7-16c9-4786-a7b0-8c1c2c623d69,M,0.1332
2bfe44bb-d558-411f-abeb-c8522dd42ce9,M,0.1315
925c1306-6b3b-4510-8482-f34168a0842a,M,0.1220
6f862c1d-1317-4fe7-bdcd-64caa0dbb088,M,0.1169
a9a168ae-7822-4d31-b07b-fba40480c1fc,M,0.1159
aec5d8be-9ce0-4cc5-98a4-140fad555fe0,M,0.1142
ec4cdfe2-c6f6-4de1-824e-9adcaeb31196,F,0.1034
bf84d952-c6a8-4494-943d-064b223e764f,F,0.1025
051f5c82-82ce-4ab8-b4f8-36976638a89b,F,0.1023
64a6650b-96f6-4382-8db8-9edcd7838743,M,0.0988
52726ab1-2ac9-46c0-be90-6b0e7a2d56eb,M,0.0957
8a71d348-6401-4068-bedd-f4ed30460d2f,M,0.0941
b9078ad5-9d55-4617-9c9d-131823dfca0b,M,0.0895
dbcb41e9-e983-410b-bc23-d184d034cfc0,M,0.0836
e8e10ea8-2ff2-4155-9169-cc33ff8c6265,M,0.0822
3a43c56f-b9d8-4e72-ae8a-58fd69291946,M,0.0819
cc8832b9-9a8f-4cbc-8eff-b20e9a7ff09a,M,0.0742
3af01041-5679-400a-87b8-12c01db8cec4,F,0.0736
38fdc174-96d6-459f-a27c-df35eb9f945c,F,0.0709
7464628e-931a-44c9-b0df-749a7cb32eaa,M,0.0590
20945292-032a-47f1-93c5-d44ada6e4783,F,0.0525
7edb882c-6d17-4129-8208-710e3c82364c,M,0.0504
7319013d-d511-4aa5-a356-4aa2cccf94f5,F,0.0483
646f7432-e6ad-4ccf-95ee-a0e5d9514d28,F,0.0479
be74032b-1035-4ece-bf4f-773b45da4d58,F,0.0462
dc7f6ac5-f007-4b8f-b343-95e524dc7d0a,M,0.0458
71992955-8b6f-470b-a991-796cfa56a826,F,0.0456
129b2771-34b5-4b7f-9c23-e020a6aa3e6a,F,0.0418
167e7a23-c919-460b-8586-a3966f588dcb,M,0.0402
79a11da1-6aeb-4719-9b1e-9918e0163cec,M,0.0384
f8b6b217-f9f8-4fd3-a71d-ae4dfcbb9c89,F,0.0332
b924b201-a7b1-4af5-83ef-d132c2d27008,F,0.0324
1dd5c313-10f5-4e0a-bb9b-699913a5abe8,F,0.0261
52690a0c-ed4a-4e0b-bf69-4ef416cf7d55,M,0.0243
f86cff72-5f9c-40b1-9f28-f28aafae245f,M,0.0234
a3ed7970-35d2-485c-8285-187c298a2d83,F,0.0187
0142557a-6231-455b-8eee-daf5f67fc1ff,M,0.0171
e96d9339-cfb6-473d-bcb3-23f2887a3e0f,M,0.0160
9b97206b-783a-4fab-85e9-45a6240325a5,F,0.0084
03db4060-fcb3-41f7-83d5-7ee732dd8841,F,-0.0056
c2c74ae6-6b11-4a40-80e6-b7b924d2d83f,M,-0.0085
295e343a-31a0-4e1d-a286-d62592291435,M,-0.0105
7cf93ef3-86b7-4bb4-937b-5b5dc4c72c32,F,-0.0109
cb9ea037-f204-4216-ac56-930a01009166,M,-0.0120
1de884f8-7bf7-4b49-9de8-3f1fd74cabd6,M,-0.0124
cd9ee524-11da-4099-805f-1f362f2bc468,F,-0.0143
ce7e7707-c94e-4d33-b34a-37efe3363774,M,-0.0156
a8256366-d2f9-4787-bf8c-d8e76c55fa86,M,-0.0176
66a6c35b-33a2-4a23-b5db-fa53c96d643a,F,-0.0205
3cab1673-2522-4dd5-ba07-2a1b88749d86,M,-0.0207
1374dfe9-4573-4ab6-991d-16bed0a6d25c,M,-0.0231
9eff9049-c45c-42ee-9a49-e9a797cc2116,F,-0.0255
b03ff4de-9b8f-46a8-a530-d8f19e9d6ec9,M,-0.0275
574957ae-e8d5-486e-aabc-a1cc6a392f8d,F,-0.0286
146dd2f7-7f5d-495d-b2f1-96d433742fec,M,-0.0294
f0484f0e-f240-4b6f-9da5-b6dba3fa370e,M,-0.0335
fa8d5d28-d8f5-4996-8c35-0f4ca3c35bae,M,-0.0352
348255bf-f94e-47cb-ab5d-95969c2bd7b9,F,-0.0358
1bb8b2c1-ca6f-45ac-afdd-fab7e77d69d4,M,-0.0466
ba491f1c-0112-47a8-a348-4695289e958a,M,-0.0484
ec94501d-8b59-4236-b77d-7238f8925e48,F,-0.0489
d45a3391-82f4-45d0-ba66-f1901854a8d0,M,-0.0489
1bb4e304-37c1-43eb-b223-6eb45ab3b78a,F,-0.0538
70c18684-f615-4d05-9aa9-5cbdbd53ab9f,F,-0.0547
66cb85be-fe8b-402d-a4f7-4a8e6a7c3ad7,M,-0.0558
a7e358b0-517e-4972-89ff-d95f0797e1c7,M,-0.0564
9d7b2972-477c-4cea-977d-f65f86dccac5,M,-0.0577
ba70f3a5-4693-4aa8-a8cc-1b5c0544b75a,M,-0.0590
ad6e69ff-7913-4b21-86dd-9489f749be01,F,-0.0590
763b4d27-8140-47cd-86f5-982706cd4ebb,M,-0.0598
ff38654d-daae-4bad-a1a7-690e4e5706eb,M,-0.0611
eb14fc6e-ede1-4999-bec3-e36695e7f94e,F,-0.0635
1d701c30-6b5d-485f-ae97-60f3b0c50896,F,-0.0641
b51ea0fb-c243-4427-85f8-b798febb51ff,F,-0.0650
b6fe1237-b049-405c-a641-d57f8170a9a0,F,-0.0719
d50310a6-9378-4228-823f-7fb54f7bd698,M,-0.0806
b3f6f49d-bc24-44fd-8068-4e5971e9d61a,M,-0.0831
c971bb40-090b-4e47-be58-905495e38401,M,-0.0934
0b75af4a-8c68-4ff7-a2f1-09bda71b5bed,M,-0.0961
87d60b6f-6f2e-4610-ab89-487e8acc097e,F,-0.0971
20684550-cb89-4ea2-9e2f-0f44eb920b45,F,-0.0980
88fb0858-b9c3-4620-9408-0dda0eb241ef,M,-0.0994
9d55617e-fe7a-4d1c-8bda-3637647ff5cc,M,-0.1096
06ba18e0-687b-4aa3-822d-1c86981f576b,M,-0.1150
4553e8f7-d51d-41cd-bc23-752742441bff,M,-0.1195
602ac701-c27e-408d-9e4e-1f7c02578def,M,-0.1261
74afd19c-8f82-4ca2-9345-e4d693111033,M,-0.1282
614e164a-4197-44eb-855c-586cf79fbfc9,M,-0.1339
1d36eae4-41f1-4739-b9d2-0783fd371112,F,-0.1395
10397234-6551-4a06-8bc6-aa50d6915731,M,-0.1434
3d9c8684-953f-4008-b355-b6104ee56a5b,M,-0.1438
d43db93c-6710-4a18-a406-497eb7a068ce,M,-0.1462
4025f403-d676-42ee-97a1-61d9b38c211b,F,-0.1472
35f81e87-382e-41cc-9bab-687116861954,M,-0.1477
5f367bee-cf3e-4aad-a6e6-72cca04d97e2,F,-0.1490
fe1a9f36-62eb-4ce2-b068-cb754c00051e,F,-0.1510
bd061b42-2f82-4bbe-82be-d8bcfb37f9e1,M,-0.1548
5925398b-b2a9-4e8f-ae46-5c2b59b1b818,F,-0.1595
8df7caa9-af2f-4381-833a-f56776546f88,M,-0.1596
525bfe63-4047-4100-9289-b4af47a25f98,F,-0.1637
719e2d3b-d10d-402d-a195-41f072214679,F,-0.1638
7886d6aa-2310-4ae8-9874-f0fc9c3e534f,M,-0.1710
e2466ee7-aaa4-4c6a-a288-63e717054640,M,-0.1715
06dc9b8a-5c01-49cf-bb4d-70d7b5f85acf,F,-0.1747
0ccab93d-398c-40a8-821f-07a2ded79dde,F,-0.1776
a973d880-71ca-48d1-b127-a7e23afd5a19,M,-0.1911
4057f30d-d42a-4189-a158-11576fb5f52a,M,-0.1956
0517f4a6-2648-470e-a9ff-8cf78eee3421,M,-0.2055
d8d51930-abf9-468b-9e43-55a9c0728d58,M,-0.2081
53eadec7-a6b1-4ce3-9825-d76affdc3f4f,M,-0.2125
2e0acd0d-95a3-49c3-8648-720ed0fbc7d5,F,-0.2146
8e2f9629-19d0-409d-81dc-b64fe2f3d3ff,F,-0.2214
a2c56686-b330-41e4-b7e8-bda8a3ec97a8,M,-0.2370
bd7773b4-7b8e-4da2-96ce-98fe3490ee93,F,-0.2392
62955f38-bdf5-46af-9622-13c7afe90619,M,-0.2403
65bcab7c-9c93-4dc8-a847-a34da426b933,F,-0.2404
306da673-de7e-44f5-bc16-0738b44bd089,M,-0.2475
b1ab7d76-a859-4136-8405-3ed7c9be287a,F,-0.2512
ce4f0e14-80ea-4ed0-a81c-7341d356d427,M,-0.2553
29e8121d-6f86-4192-b7af-ab05b77b89fe,F,-0.2556
f4c43443-fdff-4344-b291-274cfd26361e,M,-0.2558
30d6d999-b324-4744-b08c-8309e83c57b0,M,-0.2633
80217cca-df99-4019-a90f-385622ca057a,M,-0.2836
f6e249dc-5bb9-483a-a99f-df364df93341,F,-0.2847
4e39b9bd-436d-495d-99d7-c2818bbea4ab,F,-0.3209
135937d9-d132-41c5-9cfd-d2b0112288b2,M,-0.3423
bc7b2475-e580-4734-bc14-814a153bec5d,M,-0.3499
0f2bcb8e-7a61-420c-ac30-b9626b8049a6,F,-0.3606
d0a30dc1-a7d7-475c-bfc9-d55e0aa8e7e3,M,-0.3681
f370a1a0-2e1a-463b-a35c-30899131f7d6,M,-0.3710
9e8ad96a-17a3-48bf-9363-7b35cc96b2b8,F,-0.3853
53b056f9-095a-40fa-881d-142629905f8a,F,-0.4048
258ef186-666f-4fb3-be50-916b633c96e6,M,-0.4381
c3066b2d-fc90-4774-a571-cde5fc5583d4,F,-0.4652
dc69fcde-bcda-4441-8b66-a8bafeb12ded,M,-0.4706
89647b43-f3f5-49e6-896f-614f0175a3f5,M,-0.5067
04158680-ebb3-4554-96a1-500cc6d00882,F,-0.5102
c96f7a83-9cc1-4fbe-a610-126ed8e3a202,M,-0.5652
a0582749-fb23-42cc-98ed-1915464c4814,M,-0.6196
28084fc7-8653-4ff0-bc3b-1bf582d03a75,M,-0.6770
