rally_cum,game,track,frames,appearance,appearance_frac,carried,agree
1,1,3,25,Patriquin,0.96,Patriquin,1
1,1,0,33,Alshon,0.97,Alshon,1
1,1,4,27,Bright,0.59,Bright,1
1,1,1,31,Black,0.61,Black,1
1,1,6,1,Bright,1.00,UNNAMED,0
1,1,5,1,Bright,1.00,UNNAMED,0
1,1,7,1,Bright,1.00,UNNAMED,0
2,1,2,29,Patriquin,1.00,Patriquin,1
2,1,0,13,Bright,0.62,Bright,1
2,1,1,20,Black,0.70,Black,1
2,1,3,15,Alshon,0.80,Alshon,1
2,1,4,1,Bright,1.00,UNNAMED,0
2,1,5,1,Bright,1.00,UNNAMED,0
4,1,0,19,Patriquin,1.00,Patriquin,1
4,1,3,18,Black,0.78,Black,1
4,1,1,12,Alshon,0.75,Alshon,1
4,1,2,1,Bright,1.00,Bright,1
4,1,12,4,Bright,1.00,UNNAMED,0
6,1,0,15,Alshon,1.00,Alshon,1
6,1,2,13,Bright,1.00,Bright,1
6,1,3,15,Black,1.00,Black,1
6,1,6,3,Bright,1.00,UNNAMED,0
6,1,1,1,Bright,1.00,Patriquin,0
7,1,5,7,Bright,0.86,Bright,1
7,1,4,10,Black,1.00,Black,1
7,1,6,16,Alshon,0.94,Alshon,1
7,1,3,14,Bright,0.93,Patriquin,0
7,1,8,4,Bright,1.00,UNNAMED,0
7,1,9,4,Bright,1.00,UNNAMED,0
9,1,6,28,Alshon,1.00,Alshon,1
9,1,3,11,Patriquin,0.55,Bright,0
9,1,5,23,Black,0.78,Black,1
9,1,8,1,Bright,1.00,UNNAMED,0
9,1,4,16,Patriquin,0.88,Patriquin,1
9,1,9,1,Bright,1.00,UNNAMED,0
16,1,2,16,Bright,1.00,Patriquin,0
16,1,3,10,Alshon,0.60,Black,0
16,1,1,6,Black,0.83,Alshon,0
16,1,4,4,Bright,1.00,Bright,1
18,1,0,15,Patriquin,1.00,Patriquin,1
18,1,1,12,Bright,1.00,Bright,1
18,1,3,11,Black,0.91,Black,1
18,1,7,1,Bright,1.00,UNNAMED,0
18,1,2,3,Alshon,0.67,Alshon,1
18,1,8,6,Bright,1.00,UNNAMED,0
20,1,18,16,Black,0.94,Black,1
20,1,15,19,Alshon,0.95,Alshon,1
20,1,28,17,Bright,1.00,Bright,1
20,1,32,4,Bright,1.00,UNNAMED,0
20,1,31,1,Bright,1.00,UNNAMED,0
20,1,33,4,Bright,1.00,UNNAMED,0
20,1,17,5,Bright,0.40,Patriquin,0
24,1,1,30,Patriquin,1.00,Patriquin,1
24,1,4,11,Bright,0.64,Bright,1
24,1,2,35,Black,0.77,Black,1
24,1,5,4,Bright,1.00,UNNAMED,0
24,1,0,28,Alshon,0.93,Alshon,1
24,1,7,1,Bright,1.00,UNNAMED,0
33,1,3,26,Patriquin,0.96,Bright,0
33,1,4,13,Bright,0.54,Patriquin,0
33,1,6,36,Alshon,0.89,Black,0
33,1,5,43,Black,0.91,Alshon,0
33,1,15,5,Bright,1.00,UNNAMED,0
33,1,16,1,Bright,1.00,UNNAMED,0
33,1,18,1,Bright,1.00,UNNAMED,0
37,1,2,31,Alshon,0.94,Alshon,1
37,1,4,23,Black,0.87,Black,1
37,1,1,13,Bright,0.62,Patriquin,0
37,1,5,1,Bright,1.00,UNNAMED,0
37,1,3,14,Patriquin,0.64,Bright,0
39,1,8,13,Bright,1.00,Patriquin,0
39,1,10,9,Bright,0.56,Bright,1
39,1,9,8,Black,0.88,Black,1
39,1,12,11,Bright,1.00,UNNAMED,0
39,1,11,10,Black,0.50,Alshon,0
42,1,22,35,Black,0.60,Black,1
42,1,17,22,Patriquin,0.91,Patriquin,1
42,1,26,4,Bright,1.00,UNNAMED,0
42,1,25,6,Bright,1.00,UNNAMED,0
42,1,15,41,Alshon,0.98,Alshon,1
42,1,16,18,Patriquin,0.78,Bright,0
42,1,27,28,Bright,1.00,UNNAMED,0
50,2,0,33,Patriquin,0.88,Patriquin,1
50,2,2,37,Alshon,0.59,Black,0
50,2,1,60,Alshon,0.97,Alshon,1
50,2,5,2,Bright,1.00,UNNAMED,0
50,2,7,2,Bright,1.00,UNNAMED,0
50,2,3,28,Patriquin,0.75,Bright,0
50,2,9,25,Bright,1.00,UNNAMED,0
50,2,10,1,Bright,1.00,UNNAMED,0
50,2,11,17,Black,0.82,Black,1
50,2,12,5,Bright,1.00,UNNAMED,0
51,2,10,10,Patriquin,0.90,Patriquin,1
51,2,13,12,Alshon,0.83,Alshon,1
51,2,12,14,Patriquin,1.00,Bright,0
51,2,11,5,Black,1.00,Black,1
51,2,14,1,Bright,1.00,UNNAMED,0
53,2,5,21,Patriquin,0.86,Patriquin,1
53,2,4,29,Alshon,1.00,Alshon,1
53,2,3,14,Patriquin,0.93,Bright,0
53,2,2,18,Alshon,0.83,Black,0
53,2,6,1,Bright,1.00,UNNAMED,0
53,2,7,1,Bright,1.00,UNNAMED,0
54,2,1,22,Patriquin,1.00,Patriquin,1
54,2,3,37,Black,0.70,Black,1
54,2,2,41,Alshon,0.98,Alshon,1
54,2,4,2,Bright,1.00,Bright,1
54,2,8,30,Bright,0.83,UNNAMED,0
54,2,30,1,Bright,1.00,UNNAMED,0
54,2,21,1,Black,1.00,UNNAMED,0
54,2,22,1,Black,1.00,UNNAMED,0
54,2,35,4,Black,0.75,UNNAMED,0
54,2,36,3,Bright,1.00,UNNAMED,0
54,2,33,2,Alshon,1.00,UNNAMED,0
55,2,10,22,Bright,0.86,Bright,1
55,2,6,26,Alshon,1.00,Alshon,1
55,2,9,25,Black,0.96,Black,1
55,2,11,20,Patriquin,1.00,Patriquin,1
55,2,14,3,Bright,1.00,UNNAMED,0
55,2,15,1,Bright,1.00,UNNAMED,0
55,2,16,2,Bright,1.00,UNNAMED,0
58,2,3,27,Alshon,0.96,Alshon,1
58,2,4,26,Patriquin,0.96,Bright,0
58,2,5,21,Patriquin,0.90,Patriquin,1
58,2,2,29,Black,1.00,Black,1
58,2,9,5,Bright,1.00,UNNAMED,0
58,2,10,1,Bright,1.00,UNNAMED,0
58,2,11,1,Bright,1.00,UNNAMED,0
58,2,13,1,Bright,1.00,UNNAMED,0
58,2,14,1,Bright,1.00,UNNAMED,0
59,2,0,47,Alshon,0.87,Alshon,1
59,2,10,8,Patriquin,0.62,UNNAMED,0
59,2,1,43,Black,0.81,Black,1
59,2,3,24,Patriquin,0.58,Bright,0
59,2,16,4,Bright,1.00,UNNAMED,0
59,2,17,1,Bright,1.00,UNNAMED,0
59,2,19,2,Bright,1.00,UNNAMED,0
60,2,3,24,Patriquin,0.67,Patriquin,1
60,2,4,40,Black,0.72,Alshon,0
60,2,6,27,Patriquin,0.67,Bright,0
60,2,2,44,Alshon,0.93,Black,0
60,2,7,2,Bright,1.00,UNNAMED,0
63,2,9,43,Patriquin,1.00,Patriquin,1
63,2,8,40,Alshon,1.00,Alshon,1
63,2,11,4,Bright,1.00,UNNAMED,0
63,2,7,29,Alshon,0.62,Black,0
63,2,6,32,Patriquin,0.88,Bright,0
63,2,12,1,Bright,1.00,UNNAMED,0
63,2,13,7,Bright,1.00,UNNAMED,0
63,2,14,6,Bright,1.00,UNNAMED,0
63,2,15,1,Bright,1.00,UNNAMED,0
63,2,16,1,Bright,1.00,UNNAMED,0
65,2,7,23,Patriquin,1.00,Patriquin,1
65,2,8,29,Black,0.93,Black,1
65,2,9,26,Bright,0.77,UNNAMED,0
65,2,10,28,Alshon,0.93,Alshon,1
65,2,13,3,Bright,1.00,Bright,1
65,2,14,7,Bright,1.00,UNNAMED,0
67,2,1,12,Patriquin,0.92,Patriquin,1
67,2,2,16,Alshon,1.00,Alshon,1
67,2,3,17,Black,1.00,Black,1
67,2,7,13,Bright,0.62,UNNAMED,0
67,2,9,4,Bright,1.00,Bright,1
67,2,8,1,Bright,1.00,UNNAMED,0
69,2,5,7,Bright,1.00,Patriquin,0
69,2,3,7,Bright,1.00,Bright,1
69,2,14,10,Alshon,1.00,Alshon,1
69,2,8,2,Black,1.00,Black,1
69,2,16,3,Bright,1.00,UNNAMED,0
70,2,1,25,Patriquin,1.00,Bright,0
70,2,2,26,Alshon,1.00,Black,0
70,2,3,21,Alshon,0.62,Alshon,1
70,2,4,19,Patriquin,0.79,Patriquin,1
70,2,8,6,Bright,1.00,UNNAMED,0
70,2,9,4,Bright,1.00,UNNAMED,0
71,2,3,8,Alshon,1.00,Black,0
71,2,9,1,Bright,1.00,UNNAMED,0
71,2,1,1,Black,1.00,Alshon,0
71,2,2,1,Bright,1.00,Bright,1
73,2,5,29,Alshon,1.00,Alshon,1
73,2,7,27,Black,0.89,Black,1
73,2,16,15,Patriquin,0.93,Bright,0
73,2,6,11,Patriquin,0.64,Patriquin,1
73,2,21,3,Bright,1.00,UNNAMED,0
77,2,4,10,Patriquin,0.90,Patriquin,1
77,2,5,18,Black,0.61,Alshon,0
77,2,2,21,Alshon,0.90,Black,0
77,2,7,14,Patriquin,0.57,Bright,0
79,2,5,30,Patriquin,0.93,Patriquin,1
79,2,6,38,Alshon,1.00,Alshon,1
79,2,4,31,Alshon,0.58,Black,0
79,2,9,24,Patriquin,0.83,Bright,0
79,2,11,1,Bright,1.00,UNNAMED,0
79,2,12,1,Bright,1.00,UNNAMED,0
80,2,2,47,Alshon,0.72,Black,0
80,2,0,29,Black,1.00,Alshon,0
80,2,7,2,Bright,1.00,Bright,1
80,2,4,1,Bright,1.00,UNNAMED,0
80,2,6,27,Bright,0.74,Patriquin,0
80,2,8,1,Bright,1.00,UNNAMED,0
80,2,9,6,Bright,1.00,UNNAMED,0
81,2,8,31,Alshon,1.00,Black,0
81,2,5,29,Black,0.55,Alshon,0
81,2,10,4,Bright,1.00,Bright,1
81,2,7,20,Bright,0.55,UNNAMED,0
81,2,13,1,Bright,1.00,UNNAMED,0
81,2,6,14,Patriquin,0.79,Patriquin,1
81,2,14,1,Bright,1.00,Bright,1
82,2,5,34,Patriquin,1.00,Bright,0
82,2,2,41,Alshon,0.98,Alshon,1
82,2,1,29,Black,0.62,Black,1
82,2,4,9,Bright,1.00,UNNAMED,0
82,2,3,21,Patriquin,0.76,Patriquin,1
84,2,1,53,Alshon,1.00,Alshon,1
84,2,2,38,Patriquin,0.95,Patriquin,1
84,2,3,33,Black,0.64,Black,1
84,2,0,30,Patriquin,0.70,Bright,0
84,2,8,13,Bright,1.00,UNNAMED,0
84,2,10,3,Bright,1.00,UNNAMED,0
84,2,12,9,Bright,1.00,UNNAMED,0
84,2,13,8,Bright,1.00,UNNAMED,0
84,2,14,6,Bright,1.00,UNNAMED,0
85,2,3,33,Patriquin,1.00,Patriquin,1
85,2,6,31,Bright,0.61,Bright,1
85,2,4,59,Alshon,1.00,Alshon,1
85,2,5,36,Alshon,0.86,Black,0
85,2,7,4,Bright,1.00,UNNAMED,0
86,2,8,13,Black,1.00,Black,1
86,2,2,15,Alshon,1.00,Alshon,1
86,2,9,1,Bright,1.00,UNNAMED,0
86,2,10,9,Bright,1.00,UNNAMED,0
86,2,7,6,Bright,0.67,Bright,1
86,2,6,8,Patriquin,1.00,Patriquin,1
87,2,1,28,Patriquin,0.96,Patriquin,1
87,2,2,36,Black,0.83,Black,1
87,2,9,5,Bright,1.00,UNNAMED,0
87,2,10,23,Patriquin,0.61,Bright,0
87,2,8,27,Alshon,0.93,Alshon,1
87,2,13,1,Bright,1.00,UNNAMED,0
87,2,24,4,Bright,0.75,UNNAMED,0
87,2,25,8,Alshon,1.00,UNNAMED,0
87,2,23,7,Black,1.00,UNNAMED,0
87,2,27,1,Bright,1.00,UNNAMED,0
87,2,28,2,Patriquin,1.00,UNNAMED,0
88,2,0,25,Black,0.68,Black,1
88,2,2,34,Alshon,0.97,Alshon,1
88,2,1,11,Bright,0.91,Bright,1
88,2,5,16,Patriquin,0.88,Patriquin,1
89,2,6,19,Patriquin,1.00,Patriquin,1
89,2,7,19,Black,1.00,Alshon,0
89,2,5,15,Alshon,0.93,Black,0
89,2,9,17,Patriquin,0.65,Bright,0
89,2,18,1,Bright,1.00,UNNAMED,0
92,2,0,18,Patriquin,0.89,Patriquin,1
92,2,1,17,Black,0.82,Black,1
92,2,2,25,Alshon,1.00,Alshon,1
92,2,3,7,Patriquin,0.86,UNNAMED,0
92,2,4,1,Bright,1.00,Bright,1
92,2,6,9,Bright,1.00,UNNAMED,0
92,2,8,1,Black,1.00,UNNAMED,0
93,2,15,31,Alshon,0.90,Alshon,1
93,2,14,34,Black,0.59,Black,1
93,2,16,26,Patriquin,0.96,Patriquin,1
93,2,13,21,Patriquin,0.62,Bright,0
93,2,18,1,Bright,1.00,UNNAMED,0
94,2,1,9,Patriquin,0.67,Patriquin,1
94,2,0,18,Alshon,0.94,Alshon,1
94,2,2,15,Black,0.93,Black,1
94,2,5,11,Patriquin,0.64,UNNAMED,0
94,2,4,3,Bright,1.00,Bright,1
94,2,6,2,Bright,1.00,UNNAMED,0
94,2,7,4,Bright,1.00,UNNAMED,0
95,2,0,15,Bright,0.73,UNNAMED,0
95,2,3,22,Alshon,1.00,Black,0
95,2,2,17,Black,0.59,Alshon,0
95,2,5,3,Bright,1.00,Patriquin,0
95,2,1,4,Patriquin,0.75,Bright,0
95,2,7,1,Bright,1.00,Patriquin,0
95,2,8,1,Bright,1.00,Patriquin,0
97,2,0,24,Patriquin,0.62,Patriquin,1
97,2,2,28,Alshon,0.96,Alshon,1
97,2,3,20,Black,0.65,Black,1
97,2,4,1,Bright,1.00,UNNAMED,0
97,2,1,21,Patriquin,0.71,Bright,0
97,2,5,4,Bright,1.00,UNNAMED,0
98,2,0,4,Bright,1.00,Patriquin,0
98,2,2,11,Alshon,0.73,Alshon,1
98,2,6,6,Bright,1.00,UNNAMED,0
98,2,5,4,Bright,1.00,Bright,1
98,2,3,8,Patriquin,0.88,UNNAMED,0
98,2,1,14,Black,0.79,Black,1
99,2,10,28,Patriquin,0.89,Patriquin,1
99,2,3,44,Black,0.75,Black,1
99,2,1,51,Alshon,0.96,Alshon,1
99,2,2,19,Bright,0.68,Bright,1
99,2,11,1,Bright,1.00,UNNAMED,0
99,2,12,1,Bright,1.00,UNNAMED,0
99,2,14,1,Bright,1.00,UNNAMED,0
99,2,13,1,Bright,1.00,UNNAMED,0
99,2,17,2,Bright,1.00,Bright,1
100,2,2,14,Alshon,0.93,Alshon,1
100,2,0,14,Patriquin,1.00,Patriquin,1
100,2,1,15,Black,1.00,Black,1
100,2,5,14,Bright,0.79,Bright,1
100,2,4,10,Bright,1.00,UNNAMED,0
101,2,4,39,Alshon,0.92,Alshon,1
101,2,1,25,Patriquin,0.64,Bright,0
101,2,3,29,Black,0.69,Black,1
101,2,6,1,Bright,1.00,UNNAMED,0
101,2,2,32,Patriquin,1.00,Patriquin,1
101,2,7,2,Bright,1.00,UNNAMED,0
102,2,7,13,Patriquin,1.00,Bright,0
102,2,5,9,Patriquin,0.78,Patriquin,1
102,2,6,12,Alshon,0.75,Alshon,1
102,2,4,1,Black,1.00,Black,1
104,2,1,16,Alshon,1.00,Alshon,1
104,2,7,14,Bright,0.93,UNNAMED,0
104,2,6,7,Bright,0.57,Bright,1
104,2,8,6,Bright,1.00,Patriquin,0
104,2,0,14,Black,0.79,Black,1
104,2,9,5,Bright,1.00,UNNAMED,0
107,3,6,10,Black,0.80,UNNAMED,0
107,3,19,5,Bright,1.00,Patriquin,0
107,3,14,6,Patriquin,0.83,Alshon,0
107,3,20,7,Bright,1.00,UNNAMED,0
107,3,5,1,Patriquin,1.00,Black,0
107,3,21,1,Bright,1.00,Patriquin,0
107,3,7,3,Patriquin,1.00,Bright,0
110,3,0,13,Patriquin,0.77,Alshon,0
110,3,1,30,Alshon,0.63,Black,0
110,3,3,14,Patriquin,0.71,Patriquin,1
110,3,2,8,Bright,0.75,Bright,1
110,3,4,5,Bright,1.00,UNNAMED,0
112,3,8,11,Bright,0.36,Alshon,0
112,3,2,29,Patriquin,0.69,Bright,0
112,3,4,30,Black,0.67,Black,1
112,3,9,1,Bright,1.00,UNNAMED,0
112,3,5,15,Patriquin,0.47,Patriquin,1
112,3,11,7,Bright,1.00,UNNAMED,0
112,3,12,14,Bright,1.00,UNNAMED,0
112,3,13,8,Bright,1.00,UNNAMED,0
113,3,3,14,Bright,1.00,Bright,1
113,3,2,11,Black,1.00,Black,1
113,3,4,15,Bright,1.00,UNNAMED,0
113,3,0,1,Patriquin,1.00,Patriquin,1
114,3,18,15,Patriquin,0.93,Patriquin,1
114,3,17,18,Alshon,0.50,Alshon,1
114,3,19,28,Black,0.64,Black,1
114,3,20,30,Patriquin,0.93,Bright,0
114,3,24,1,Bright,1.00,UNNAMED,0
114,3,23,5,Bright,1.00,UNNAMED,0
114,3,25,2,Bright,1.00,UNNAMED,0
114,3,26,2,Bright,1.00,UNNAMED,0
114,3,27,2,Bright,1.00,UNNAMED,0
116,3,1,25,Patriquin,0.60,Black,0
116,3,3,14,Patriquin,0.93,Patriquin,1
116,3,5,28,Black,0.68,Alshon,0
116,3,0,9,Patriquin,0.67,Bright,0
116,3,8,10,Bright,1.00,UNNAMED,0
116,3,9,3,Bright,1.00,UNNAMED,0
116,3,10,1,Bright,1.00,UNNAMED,0
116,3,12,1,Bright,1.00,UNNAMED,0
118,3,3,15,Black,1.00,Black,1
118,3,0,15,Bright,1.00,Patriquin,0
118,3,2,3,Bright,1.00,Bright,1
118,3,1,8,Alshon,1.00,Alshon,1
120,3,14,29,Black,0.62,Black,1
120,3,16,28,Bright,0.54,Alshon,0
120,3,15,15,Bright,0.67,Patriquin,0
120,3,13,12,Alshon,0.58,Bright,0
120,3,19,6,Bright,1.00,UNNAMED,0
120,3,21,5,Bright,1.00,UNNAMED,0
124,3,26,14,Black,0.79,Black,1
124,3,27,11,Patriquin,0.82,Patriquin,1
124,3,30,3,Bright,1.00,UNNAMED,0
124,3,29,13,Bright,1.00,UNNAMED,0
124,3,28,12,Patriquin,1.00,Alshon,0
124,3,25,8,Bright,0.75,Bright,1
124,3,32,2,Bright,1.00,UNNAMED,0
126,3,2,15,Patriquin,1.00,Bright,0
126,3,4,11,Bright,1.00,Patriquin,0
126,3,11,3,Bright,1.00,UNNAMED,0
126,3,9,8,Black,0.88,Black,1
126,3,10,3,Bright,1.00,Alshon,0
131,3,18,19,Black,0.95,Black,1
131,3,15,24,Patriquin,1.00,UNNAMED,0
131,3,21,8,Bright,1.00,Bright,1
131,3,19,9,Bright,0.56,UNNAMED,0
131,3,22,2,Bright,1.00,UNNAMED,0
140,3,5,32,Patriquin,0.88,Bright,0
140,3,6,20,Patriquin,0.70,Patriquin,1
140,3,8,49,Black,0.51,Black,1
140,3,10,10,Bright,1.00,UNNAMED,0
140,3,9,26,Patriquin,0.65,Alshon,0
140,3,12,2,Bright,1.00,UNNAMED,0
140,3,14,1,Bright,1.00,UNNAMED,0
