rally_cum,game,track,player_uuid,margin,n_dets,side
3,1,19,db5eef5c-99dd-49d9-bbfc-65171a366bda,2.216,35,1
3,1,20,79a11da1-6aeb-4719-9b1e-9918e0163cec,2.043,35,0
3,1,21,fec65f7e-f2c8-482f-ab5b-541cf53b1064,2.335,35,0
5,1,0,fc05556e-3e38-4a38-99c2-f855174a7c28,2.05,168,1
5,1,1,db5eef5c-99dd-49d9-bbfc-65171a366bda,2.252,176,1
5,1,2,fec65f7e-f2c8-482f-ab5b-541cf53b1064,3.459,198,0
5,1,3,79a11da1-6aeb-4719-9b1e-9918e0163cec,3.329,232,0
5,1,13,db5eef5c-99dd-49d9-bbfc-65171a366bda,2.412,11,1
11,1,0,79a11da1-6aeb-4719-9b1e-9918e0163cec,2.837,8,0
11,1,1,db5eef5c-99dd-49d9-bbfc-65171a366bda,2.413,8,1
11,1,2,fec65f7e-f2c8-482f-ab5b-541cf53b1064,3.179,8,0
11,1,3,fc05556e-3e38-4a38-99c2-f855174a7c28,1.859,8,1
19,1,11,fec65f7e-f2c8-482f-ab5b-541cf53b1064,3.481,135,0
19,1,12,fc05556e-3e38-4a38-99c2-f855174a7c28,1.681,108,1
19,1,13,db5eef5c-99dd-49d9-bbfc-65171a366bda,2.479,135,1
19,1,14,79a11da1-6aeb-4719-9b1e-9918e0163cec,3.28,133,0
21,1,0,db5eef5c-99dd-49d9-bbfc-65171a366bda,2.673,12,1
21,1,1,79a11da1-6aeb-4719-9b1e-9918e0163cec,2.234,9,0
21,1,2,fc05556e-3e38-4a38-99c2-f855174a7c28,1.795,12,1
21,1,11,fec65f7e-f2c8-482f-ab5b-541cf53b1064,2.992,12,0
21,1,12,fc05556e-3e38-4a38-99c2-f855174a7c28,2.09,12,1
21,1,13,db5eef5c-99dd-49d9-bbfc-65171a366bda,1.517,12,1
21,1,14,79a11da1-6aeb-4719-9b1e-9918e0163cec,2.276,11,0
23,1,0,fec65f7e-f2c8-482f-ab5b-541cf53b1064,3.31,102,0
23,1,1,fc05556e-3e38-4a38-99c2-f855174a7c28,2.359,101,1
23,1,2,db5eef5c-99dd-49d9-bbfc-65171a366bda,2.518,102,1
23,1,3,79a11da1-6aeb-4719-9b1e-9918e0163cec,3.137,102,0
25,1,59,fec65f7e-f2c8-482f-ab5b-541cf53b1064,3.225,76,0
25,1,60,db5eef5c-99dd-49d9-bbfc-65171a366bda,2.333,76,1
25,1,61,fc05556e-3e38-4a38-99c2-f855174a7c28,2.615,43,1
25,1,62,79a11da1-6aeb-4719-9b1e-9918e0163cec,2.662,75,0
26,1,13,db5eef5c-99dd-49d9-bbfc-65171a366bda,2.568,86,1
26,1,14,fec65f7e-f2c8-482f-ab5b-541cf53b1064,3.083,118,0
26,1,15,79a11da1-6aeb-4719-9b1e-9918e0163cec,2.873,115,0
26,1,16,fc05556e-3e38-4a38-99c2-f855174a7c28,2.67,118,1
27,1,0,db5eef5c-99dd-49d9-bbfc-65171a366bda,2.482,138,1
27,1,1,79a11da1-6aeb-4719-9b1e-9918e0163cec,2.593,9,0
27,1,2,fc05556e-3e38-4a38-99c2-f855174a7c28,1.231,33,1
27,1,3,fec65f7e-f2c8-482f-ab5b-541cf53b1064,3.128,138,0
27,1,7,79a11da1-6aeb-4719-9b1e-9918e0163cec,2.647,76,0
28,1,0,fec65f7e-f2c8-482f-ab5b-541cf53b1064,3.037,9,0
28,1,1,db5eef5c-99dd-49d9-bbfc-65171a366bda,2.186,9,1
28,1,2,79a11da1-6aeb-4719-9b1e-9918e0163cec,3.184,9,0
28,1,3,fc05556e-3e38-4a38-99c2-f855174a7c28,2.009,9,1
28,1,39,fec65f7e-f2c8-482f-ab5b-541cf53b1064,3.365,110,0
28,1,40,fc05556e-3e38-4a38-99c2-f855174a7c28,2.473,40,1
28,1,41,db5eef5c-99dd-49d9-bbfc-65171a366bda,2.319,109,1
28,1,42,79a11da1-6aeb-4719-9b1e-9918e0163cec,3.209,110,0
40,1,0,fc05556e-3e38-4a38-99c2-f855174a7c28,2.278,32,1
40,1,1,fec65f7e-f2c8-482f-ab5b-541cf53b1064,2.838,32,0
40,1,2,db5eef5c-99dd-49d9-bbfc-65171a366bda,1.995,32,1
40,1,3,79a11da1-6aeb-4719-9b1e-9918e0163cec,3.15,32,0
41,1,0,fec65f7e-f2c8-482f-ab5b-541cf53b1064,2.913,16,0
41,1,1,79a11da1-6aeb-4719-9b1e-9918e0163cec,2.572,16,0
41,1,2,db5eef5c-99dd-49d9-bbfc-65171a366bda,2.453,16,1
41,1,10,db5eef5c-99dd-49d9-bbfc-65171a366bda,2.363,132,1
41,1,11,fc05556e-3e38-4a38-99c2-f855174a7c28,2.261,102,1
41,1,12,fec65f7e-f2c8-482f-ab5b-541cf53b1064,3.027,132,0
41,1,13,79a11da1-6aeb-4719-9b1e-9918e0163cec,3.22,132,0
48,1,13,79a11da1-6aeb-4719-9b1e-9918e0163cec,1.883,34,0
48,1,16,fec65f7e-f2c8-482f-ab5b-541cf53b1064,3.233,221,0
48,1,17,db5eef5c-99dd-49d9-bbfc-65171a366bda,2.293,227,1
48,1,18,fc05556e-3e38-4a38-99c2-f855174a7c28,2.294,16,1
48,1,20,fc05556e-3e38-4a38-99c2-f855174a7c28,2.322,86,1
48,1,25,79a11da1-6aeb-4719-9b1e-9918e0163cec,2.728,170,0
52,2,0,79a11da1-6aeb-4719-9b1e-9918e0163cec,3.489,62,1
52,2,1,db5eef5c-99dd-49d9-bbfc-65171a366bda,3.886,55,0
52,2,2,fec65f7e-f2c8-482f-ab5b-541cf53b1064,3.137,21,1
52,2,3,fc05556e-3e38-4a38-99c2-f855174a7c28,4.198,63,0
61,2,4,fec65f7e-f2c8-482f-ab5b-541cf53b1064,3.464,80,1
61,2,6,79a11da1-6aeb-4719-9b1e-9918e0163cec,3.553,128,1
61,2,7,fc05556e-3e38-4a38-99c2-f855174a7c28,4.343,100,0
61,2,11,db5eef5c-99dd-49d9-bbfc-65171a366bda,4.114,64,0
62,2,2,fc05556e-3e38-4a38-99c2-f855174a7c28,4.605,74,0
62,2,3,db5eef5c-99dd-49d9-bbfc-65171a366bda,3.463,74,0
62,2,4,79a11da1-6aeb-4719-9b1e-9918e0163cec,3.322,69,1
62,2,5,fec65f7e-f2c8-482f-ab5b-541cf53b1064,3.104,63,1
64,2,3,fc05556e-3e38-4a38-99c2-f855174a7c28,4.406,137,0
64,2,4,db5eef5c-99dd-49d9-bbfc-65171a366bda,4.128,137,0
64,2,5,79a11da1-6aeb-4719-9b1e-9918e0163cec,3.19,121,1
64,2,9,fec65f7e-f2c8-482f-ab5b-541cf53b1064,3.534,51,1
66,2,13,fec65f7e-f2c8-482f-ab5b-541cf53b1064,3.559,110,1
66,2,14,db5eef5c-99dd-49d9-bbfc-65171a366bda,4.034,110,0
66,2,15,79a11da1-6aeb-4719-9b1e-9918e0163cec,3.337,107,1
66,2,16,fc05556e-3e38-4a38-99c2-f855174a7c28,4.493,84,0
72,2,0,fec65f7e-f2c8-482f-ab5b-541cf53b1064,2.913,146,1
72,2,1,79a11da1-6aeb-4719-9b1e-9918e0163cec,3.344,145,1
72,2,3,fc05556e-3e38-4a38-99c2-f855174a7c28,1.241,10,0
72,2,9,fc05556e-3e38-4a38-99c2-f855174a7c28,4.047,100,0
72,2,11,db5eef5c-99dd-49d9-bbfc-65171a366bda,3.51,84,0
74,2,0,fc05556e-3e38-4a38-99c2-f855174a7c28,4.37,52,0
74,2,1,db5eef5c-99dd-49d9-bbfc-65171a366bda,3.783,52,0
74,2,2,79a11da1-6aeb-4719-9b1e-9918e0163cec,3.047,40,1
74,2,3,fec65f7e-f2c8-482f-ab5b-541cf53b1064,3.498,52,1
75,2,0,fec65f7e-f2c8-482f-ab5b-541cf53b1064,3.355,44,1
75,2,1,db5eef5c-99dd-49d9-bbfc-65171a366bda,3.056,44,0
75,2,2,fc05556e-3e38-4a38-99c2-f855174a7c28,4.611,44,0
75,2,3,79a11da1-6aeb-4719-9b1e-9918e0163cec,3.182,44,1
78,2,6,79a11da1-6aeb-4719-9b1e-9918e0163cec,3.072,73,1
78,2,7,fec65f7e-f2c8-482f-ab5b-541cf53b1064,3.355,73,1
78,2,9,fc05556e-3e38-4a38-99c2-f855174a7c28,4.267,31,0
78,2,11,db5eef5c-99dd-49d9-bbfc-65171a366bda,3.419,29,0
83,2,0,fc05556e-3e38-4a38-99c2-f855174a7c28,4.581,166,0
83,2,1,fec65f7e-f2c8-482f-ab5b-541cf53b1064,3.324,164,1
83,2,2,db5eef5c-99dd-49d9-bbfc-65171a366bda,1.925,9,0
83,2,6,79a11da1-6aeb-4719-9b1e-9918e0163cec,3.327,111,1
83,2,7,db5eef5c-99dd-49d9-bbfc-65171a366bda,4.088,134,0
90,2,2,fc05556e-3e38-4a38-99c2-f855174a7c28,4.235,171,0
90,2,3,db5eef5c-99dd-49d9-bbfc-65171a366bda,4.388,171,0
90,2,4,79a11da1-6aeb-4719-9b1e-9918e0163cec,2.877,155,1
90,2,8,fec65f7e-f2c8-482f-ab5b-541cf53b1064,3.152,62,1
91,2,0,db5eef5c-99dd-49d9-bbfc-65171a366bda,3.329,38,0
91,2,1,fc05556e-3e38-4a38-99c2-f855174a7c28,4.315,38,0
91,2,2,fec65f7e-f2c8-482f-ab5b-541cf53b1064,3.576,38,1
91,2,3,79a11da1-6aeb-4719-9b1e-9918e0163cec,3.05,38,1
96,2,3,fc05556e-3e38-4a38-99c2-f855174a7c28,4.448,130,0
96,2,4,db5eef5c-99dd-49d9-bbfc-65171a366bda,4.304,130,0
96,2,5,79a11da1-6aeb-4719-9b1e-9918e0163cec,2.97,127,1
96,2,8,fec65f7e-f2c8-482f-ab5b-541cf53b1064,3.727,49,1
103,2,0,79a11da1-6aeb-4719-9b1e-9918e0163cec,2.702,49,1
103,2,1,fc05556e-3e38-4a38-99c2-f855174a7c28,4.603,65,0
103,2,2,fec65f7e-f2c8-482f-ab5b-541cf53b1064,2.773,65,1
103,2,3,db5eef5c-99dd-49d9-bbfc-65171a366bda,3.763,65,0
