rally,game,t_start,t_end,outcome,start_score,server_uuid,receiver_uuid,pred_receiver_uuid,receiver_ok,parity_ok,team_A_R,team_A_L,team_B_R,team_B_L,server_half,server_team
1,1,2026-01-25T18:12:21+00:00,2026-01-25T18:12:51+00:00,sideout,0-0-2,db5eef5c-99dd-49d9-bbfc-65171a366bda,fec65f7e-f2c8-482f-ab5b-541cf53b1064,fec65f7e-f2c8-482f-ab5b-541cf53b1064,1,1,fec65f7e-f2c8-482f-ab5b-541cf53b1064,79a11da1-6aeb-4719-9b1e-9918e0163cec,db5eef5c-99dd-49d9-bbfc-65171a366bda,fc05556e-3e38-4a38-99c2-f855174a7c28,R,B
2,1,2026-01-25T18:12:54+00:00,2026-01-25T18:13:19+00:00,point,0-0-1,fec65f7e-f2c8-482f-ab5b-541cf53b1064,db5eef5c-99dd-49d9-bbfc-65171a366bda,db5eef5c-99dd-49d9-bbfc-65171a366bda,1,1,fec65f7e-f2c8-482f-ab5b-541cf53b1064,79a11da1-6aeb-4719-9b1e-9918e0163cec,db5eef5c-99dd-49d9-bbfc-65171a366bda,fc05556e-3e38-4a38-99c2-f855174a7c28,R,A
3,1,2026-01-25T18:13:22+00:00,2026-01-25T18:13:49+00:00,second,1-0-1,fec65f7e-f2c8-482f-ab5b-541cf53b1064,fc05556e-3e38-4a38-99c2-f855174a7c28,fc05556e-3e38-4a38-99c2-f855174a7c28,1,1,79a11da1-6aeb-4719-9b1e-9918e0163cec,fec65f7e-f2c8-482f-ab5b-541cf53b1064,db5eef5c-99dd-49d9-bbfc-65171a366bda,fc05556e-3e38-4a38-99c2-f855174a7c28,L,A
4,1,2026-01-25T18:14:10+00:00,2026-01-25T18:14:11+00:00,point,1-0-2,79a11da1-6aeb-4719-9b1e-9918e0163cec,db5eef5c-99dd-49d9-bbfc-65171a366bda,db5eef5c-99dd-49d9-bbfc-65171a366bda,1,1,79a11da1-6aeb-4719-9b1e-9918e0163cec,fec65f7e-f2c8-482f-ab5b-541cf53b1064,db5eef5c-99dd-49d9-bbfc-65171a366bda,fc05556e-3e38-4a38-99c2-f855174a7c28,R,A
5,1,2026-01-25T18:14:30+00:00,2026-01-25T18:14:30+00:00,sideout,2-0-2,79a11da1-6aeb-4719-9b1e-9918e0163cec,fc05556e-3e38-4a38-99c2-f855174a7c28,fc05556e-3e38-4a38-99c2-f855174a7c28,1,1,fec65f7e-f2c8-482f-ab5b-541cf53b1064,79a11da1-6aeb-4719-9b1e-9918e0163cec,db5eef5c-99dd-49d9-bbfc-65171a366bda,fc05556e-3e38-4a38-99c2-f855174a7c28,L,A
6,1,2026-01-25T18:14:32+00:00,2026-01-25T18:14:46+00:00,point,0-2-1,db5eef5c-99dd-49d9-bbfc-65171a366bda,fec65f7e-f2c8-482f-ab5b-541cf53b1064,fec65f7e-f2c8-482f-ab5b-541cf53b1064,1,1,fec65f7e-f2c8-482f-ab5b-541cf53b1064,79a11da1-6aeb-4719-9b1e-9918e0163cec,db5eef5c-99dd-49d9-bbfc-65171a366bda,fc05556e-3e38-4a38-99c2-f855174a7c28,R,B
7,1,2026-01-25T18:14:50+00:00,2026-01-25T18:15:09+00:00,point,1-2-1,db5eef5c-99dd-49d9-bbfc-65171a366bda,79a11da1-6aeb-4719-9b1e-9918e0163cec,79a11da1-6aeb-4719-9b1e-9918e0163cec,1,1,fec65f7e-f2c8-482f-ab5b-541cf53b1064,79a11da1-6aeb-4719-9b1e-9918e0163cec,fc05556e-3e38-4a38-99c2-f855174a7c28,db5eef5c-99dd-49d9-bbfc-65171a366bda,L,B
8,1,2026-01-25T18:15:10+00:00,2026-01-25T18:15:30+00:00,second,2-2-1,db5eef5c-99dd-49d9-bbfc-65171a366bda,fec65f7e-f2c8-482f-ab5b-541cf53b1064,fec65f7e-f2c8-482f-ab5b-541cf53b1064,1,1,fec65f7e-f2c8-482f-ab5b-541cf53b1064,79a11da1-6aeb-4719-9b1e-9918e0163cec,db5eef5c-99dd-49d9-bbfc-65171a366bda,fc05556e-3e38-4a38-99c2-f855174a7c28,R,B
9,1,2026-01-25T18:15:33+00:00,2026-01-25T18:15:45+00:00,point,2-2-2,fc05556e-3e38-4a38-99c2-f855174a7c28,79a11da1-6aeb-4719-9b1e-9918e0163cec,79a11da1-6aeb-4719-9b1e-9918e0163cec,1,1,fec65f7e-f2c8-482f-ab5b-541cf53b1064,79a11da1-6aeb-4719-9b1e-9918e0163cec,db5eef5c-99dd-49d9-bbfc-65171a366bda,fc05556e-3e38-4a38-99c2-f855174a7c28,L,B
10,1,2026-01-25T18:15:47+00:00,2026-01-25T18:15:57+00:00,sideout,3-2-2,fc05556e-3e38-4a38-99c2-f855174a7c28,fec65f7e-f2c8-482f-ab5b-541cf53b1064,fec65f7e-f2c8-482f-ab5b-541cf53b1064,1,1,fec65f7e-f2c8-482f-ab5b-541cf53b1064,79a11da1-6aeb-4719-9b1e-9918e0163cec,fc05556e-3e38-4a38-99c2-f855174a7c28,db5eef5c-99dd-49d9-bbfc-65171a366bda,R,B
11,1,2026-01-25T18:16:02+00:00,2026-01-25T18:16:05+00:00,sideout,2-3-1,fec65f7e-f2c8-482f-ab5b-541cf53b1064,fc05556e-3e38-4a38-99c2-f855174a7c28,fc05556e-3e38-4a38-99c2-f855174a7c28,1,1,fec65f7e-f2c8-482f-ab5b-541cf53b1064,79a11da1-6aeb-4719-9b1e-9918e0163cec,fc05556e-3e38-4a38-99c2-f855174a7c28,db5eef5c-99dd-49d9-bbfc-65171a366bda,R,A
12,1,2026-01-25T18:16:48+00:00,2026-01-25T18:16:48+00:00,sideout,2-3-1,fec65f7e-f2c8-482f-ab5b-541cf53b1064,fc05556e-3e38-4a38-99c2-f855174a7c28,fc05556e-3e38-4a38-99c2-f855174a7c28,1,1,fec65f7e-f2c8-482f-ab5b-541cf53b1064,79a11da1-6aeb-4719-9b1e-9918e0163cec,fc05556e-3e38-4a38-99c2-f855174a7c28,db5eef5c-99dd-49d9-bbfc-65171a366bda,R,A
13,1,2026-01-25T18:16:48+00:00,2026-01-25T18:16:48+00:00,point,2-3-1,fec65f7e-f2c8-482f-ab5b-541cf53b1064,fec65f7e-f2c8-482f-ab5b-541cf53b1064,fc05556e-3e38-4a38-99c2-f855174a7c28,0,1,fec65f7e-f2c8-482f-ab5b-541cf53b1064,79a11da1-6aeb-4719-9b1e-9918e0163cec,fc05556e-3e38-4a38-99c2-f855174a7c28,db5eef5c-99dd-49d9-bbfc-65171a366bda,R,A
14,1,2026-01-25T18:17:01+00:00,2026-01-25T18:17:01+00:00,second,2-4-1,fec65f7e-f2c8-482f-ab5b-541cf53b1064,db5eef5c-99dd-49d9-bbfc-65171a366bda,db5eef5c-99dd-49d9-bbfc-65171a366bda,1,0,79a11da1-6aeb-4719-9b1e-9918e0163cec,fec65f7e-f2c8-482f-ab5b-541cf53b1064,fc05556e-3e38-4a38-99c2-f855174a7c28,db5eef5c-99dd-49d9-bbfc-65171a366bda,L,A
15,1,2026-01-25T18:17:02+00:00,2026-01-25T18:17:03+00:00,sideout,2-4-2,79a11da1-6aeb-4719-9b1e-9918e0163cec,fc05556e-3e38-4a38-99c2-f855174a7c28,fc05556e-3e38-4a38-99c2-f855174a7c28,1,0,79a11da1-6aeb-4719-9b1e-9918e0163cec,fec65f7e-f2c8-482f-ab5b-541cf53b1064,fc05556e-3e38-4a38-99c2-f855174a7c28,db5eef5c-99dd-49d9-bbfc-65171a366bda,R,A
16,1,2026-01-25T18:17:05+00:00,2026-01-25T18:17:06+00:00,second,4-2-1,db5eef5c-99dd-49d9-bbfc-65171a366bda,fec65f7e-f2c8-482f-ab5b-541cf53b1064,fec65f7e-f2c8-482f-ab5b-541cf53b1064,1,0,79a11da1-6aeb-4719-9b1e-9918e0163cec,fec65f7e-f2c8-482f-ab5b-541cf53b1064,fc05556e-3e38-4a38-99c2-f855174a7c28,db5eef5c-99dd-49d9-bbfc-65171a366bda,L,B
17,1,2026-01-25T18:17:32+00:00,2026-01-25T18:17:42+00:00,sideout,4-2-2,fc05556e-3e38-4a38-99c2-f855174a7c28,79a11da1-6aeb-4719-9b1e-9918e0163cec,79a11da1-6aeb-4719-9b1e-9918e0163cec,1,0,79a11da1-6aeb-4719-9b1e-9918e0163cec,fec65f7e-f2c8-482f-ab5b-541cf53b1064,fc05556e-3e38-4a38-99c2-f855174a7c28,db5eef5c-99dd-49d9-bbfc-65171a366bda,R,B
18,1,2026-01-25T18:18:19+00:00,2026-01-25T18:18:19+00:00,second,2-4-1,fec65f7e-f2c8-482f-ab5b-541cf53b1064,db5eef5c-99dd-49d9-bbfc-65171a366bda,db5eef5c-99dd-49d9-bbfc-65171a366bda,1,0,79a11da1-6aeb-4719-9b1e-9918e0163cec,fec65f7e-f2c8-482f-ab5b-541cf53b1064,fc05556e-3e38-4a38-99c2-f855174a7c28,db5eef5c-99dd-49d9-bbfc-65171a366bda,L,A
19,1,2026-01-25T18:18:27+00:00,2026-01-25T18:18:44+00:00,sideout,2-4-2,79a11da1-6aeb-4719-9b1e-9918e0163cec,fc05556e-3e38-4a38-99c2-f855174a7c28,fc05556e-3e38-4a38-99c2-f855174a7c28,1,0,79a11da1-6aeb-4719-9b1e-9918e0163cec,fec65f7e-f2c8-482f-ab5b-541cf53b1064,fc05556e-3e38-4a38-99c2-f855174a7c28,db5eef5c-99dd-49d9-bbfc-65171a366bda,R,A
20,1,2026-01-25T18:19:00+00:00,2026-01-25T18:19:10+00:00,point,4-2-1,db5eef5c-99dd-49d9-bbfc-65171a366bda,fec65f7e-f2c8-482f-ab5b-541cf53b1064,fec65f7e-f2c8-482f-ab5b-541cf53b1064,1,0,79a11da1-6aeb-4719-9b1e-9918e0163cec,fec65f7e-f2c8-482f-ab5b-541cf53b1064,fc05556e-3e38-4a38-99c2-f855174a7c28,db5eef5c-99dd-49d9-bbfc-65171a366bda,L,B
21,1,2026-01-25T18:19:20+00:00,2026-01-25T18:19:30+00:00,second,5-2-1,db5eef5c-99dd-49d9-bbfc-65171a366bda,79a11da1-6aeb-4719-9b1e-9918e0163cec,79a11da1-6aeb-4719-9b1e-9918e0163cec,1,0,79a11da1-6aeb-4719-9b1e-9918e0163cec,fec65f7e-f2c8-482f-ab5b-541cf53b1064,db5eef5c-99dd-49d9-bbfc-65171a366bda,fc05556e-3e38-4a38-99c2-f855174a7c28,R,B
22,1,2026-01-25T18:19:31+00:00,2026-01-25T18:19:43+00:00,point,5-2-2,fc05556e-3e38-4a38-99c2-f855174a7c28,fec65f7e-f2c8-482f-ab5b-541cf53b1064,fec65f7e-f2c8-482f-ab5b-541cf53b1064,1,0,79a11da1-6aeb-4719-9b1e-9918e0163cec,fec65f7e-f2c8-482f-ab5b-541cf53b1064,db5eef5c-99dd-49d9-bbfc-65171a366bda,fc05556e-3e38-4a38-99c2-f855174a7c28,L,B
23,1,2026-01-25T18:19:49+00:00,2026-01-25T18:20:01+00:00,sideout,6-2-2,fc05556e-3e38-4a38-99c2-f855174a7c28,79a11da1-6aeb-4719-9b1e-9918e0163cec,79a11da1-6aeb-4719-9b1e-9918e0163cec,1,0,79a11da1-6aeb-4719-9b1e-9918e0163cec,fec65f7e-f2c8-482f-ab5b-541cf53b1064,fc05556e-3e38-4a38-99c2-f855174a7c28,db5eef5c-99dd-49d9-bbfc-65171a366bda,R,B
24,1,2026-01-25T18:20:32+00:00,2026-01-25T18:20:33+00:00,point,2-6-1,fec65f7e-f2c8-482f-ab5b-541cf53b1064,db5eef5c-99dd-49d9-bbfc-65171a366bda,db5eef5c-99dd-49d9-bbfc-65171a366bda,1,0,79a11da1-6aeb-4719-9b1e-9918e0163cec,fec65f7e-f2c8-482f-ab5b-541cf53b1064,fc05556e-3e38-4a38-99c2-f855174a7c28,db5eef5c-99dd-49d9-bbfc-65171a366bda,L,A
25,1,2026-01-25T18:20:36+00:00,2026-01-25T18:21:03+00:00,point,3-6-1,fec65f7e-f2c8-482f-ab5b-541cf53b1064,fc05556e-3e38-4a38-99c2-f855174a7c28,fc05556e-3e38-4a38-99c2-f855174a7c28,1,0,fec65f7e-f2c8-482f-ab5b-541cf53b1064,79a11da1-6aeb-4719-9b1e-9918e0163cec,fc05556e-3e38-4a38-99c2-f855174a7c28,db5eef5c-99dd-49d9-bbfc-65171a366bda,R,A
26,1,2026-01-25T18:21:08+00:00,2026-01-25T18:21:25+00:00,second,4-6-1,fec65f7e-f2c8-482f-ab5b-541cf53b1064,db5eef5c-99dd-49d9-bbfc-65171a366bda,db5eef5c-99dd-49d9-bbfc-65171a366bda,1,0,79a11da1-6aeb-4719-9b1e-9918e0163cec,fec65f7e-f2c8-482f-ab5b-541cf53b1064,fc05556e-3e38-4a38-99c2-f855174a7c28,db5eef5c-99dd-49d9-bbfc-65171a366bda,L,A
27,1,2026-01-25T18:21:29+00:00,2026-01-25T18:22:00+00:00,point,4-6-2,79a11da1-6aeb-4719-9b1e-9918e0163cec,fc05556e-3e38-4a38-99c2-f855174a7c28,fc05556e-3e38-4a38-99c2-f855174a7c28,1,0,79a11da1-6aeb-4719-9b1e-9918e0163cec,fec65f7e-f2c8-482f-ab5b-541cf53b1064,fc05556e-3e38-4a38-99c2-f855174a7c28,db5eef5c-99dd-49d9-bbfc-65171a366bda,R,A
28,1,2026-01-25T18:22:07+00:00,2026-01-25T18:22:16+00:00,point,5-6-2,79a11da1-6aeb-4719-9b1e-9918e0163cec,db5eef5c-99dd-49d9-bbfc-65171a366bda,db5eef5c-99dd-49d9-bbfc-65171a366bda,1,0,fec65f7e-f2c8-482f-ab5b-541cf53b1064,79a11da1-6aeb-4719-9b1e-9918e0163cec,fc05556e-3e38-4a38-99c2-f855174a7c28,db5eef5c-99dd-49d9-bbfc-65171a366bda,L,A
29,1,2026-01-25T18:23:47+00:00,2026-01-25T18:24:02+00:00,sideout,6-6-2,79a11da1-6aeb-4719-9b1e-9918e0163cec,fc05556e-3e38-4a38-99c2-f855174a7c28,fc05556e-3e38-4a38-99c2-f855174a7c28,1,0,79a11da1-6aeb-4719-9b1e-9918e0163cec,fec65f7e-f2c8-482f-ab5b-541cf53b1064,fc05556e-3e38-4a38-99c2-f855174a7c28,db5eef5c-99dd-49d9-bbfc-65171a366bda,R,A
30,1,2026-01-25T18:24:04+00:00,2026-01-25T18:24:20+00:00,second,6-6-1,db5eef5c-99dd-49d9-bbfc-65171a366bda,fec65f7e-f2c8-482f-ab5b-541cf53b1064,fec65f7e-f2c8-482f-ab5b-541cf53b1064,1,0,79a11da1-6aeb-4719-9b1e-9918e0163cec,fec65f7e-f2c8-482f-ab5b-541cf53b1064,fc05556e-3e38-4a38-99c2-f855174a7c28,db5eef5c-99dd-49d9-bbfc-65171a366bda,L,B
31,1,2026-01-25T18:24:23+00:00,2026-01-25T18:24:33+00:00,point,6-6-2,fc05556e-3e38-4a38-99c2-f855174a7c28,79a11da1-6aeb-4719-9b1e-9918e0163cec,79a11da1-6aeb-4719-9b1e-9918e0163cec,1,0,79a11da1-6aeb-4719-9b1e-9918e0163cec,fec65f7e-f2c8-482f-ab5b-541cf53b1064,fc05556e-3e38-4a38-99c2-f855174a7c28,db5eef5c-99dd-49d9-bbfc-65171a366bda,R,B
32,1,2026-01-25T18:24:37+00:00,2026-01-25T18:24:45+00:00,sideout,7-6-2,fc05556e-3e38-4a38-99c2-f855174a7c28,fec65f7e-f2c8-482f-ab5b-541cf53b1064,fec65f7e-f2c8-482f-ab5b-541cf53b1064,1,0,79a11da1-6aeb-4719-9b1e-9918e0163cec,fec65f7e-f2c8-482f-ab5b-541cf53b1064,db5eef5c-99dd-49d9-bbfc-65171a366bda,fc05556e-3e38-4a38-99c2-f855174a7c28,L,B
33,1,2026-01-25T18:24:50+00:00,2026-01-25T18:25:13+00:00,point,6-7-1,fec65f7e-f2c8-482f-ab5b-541cf53b1064,fc05556e-3e38-4a38-99c2-f855174a7c28,fc05556e-3e38-4a38-99c2-f855174a7c28,1,0,79a11da1-6aeb-4719-9b1e-9918e0163cec,fec65f7e-f2c8-482f-ab5b-541cf53b1064,db5eef5c-99dd-49d9-bbfc-65171a366bda,fc05556e-3e38-4a38-99c2-f855174a7c28,L,A
34,1,2026-01-25T18:25:22+00:00,2026-01-25T18:25:37+00:00,second,7-7-1,fec65f7e-f2c8-482f-ab5b-541cf53b1064,db5eef5c-99dd-49d9-bbfc-65171a366bda,db5eef5c-99dd-49d9-bbfc-65171a366bda,1,0,fec65f7e-f2c8-482f-ab5b-541cf53b1064,79a11da1-6aeb-4719-9b1e-9918e0163cec,db5eef5c-99dd-49d9-bbfc-65171a366bda,fc05556e-3e38-4a38-99c2-f855174a7c28,R,A
35,1,2026-01-25T18:25:42+00:00,2026-01-25T18:26:07+00:00,sideout,7-7-2,79a11da1-6aeb-4719-9b1e-9918e0163cec,fc05556e-3e38-4a38-99c2-f855174a7c28,fc05556e-3e38-4a38-99c2-f855174a7c28,1,0,fec65f7e-f2c8-482f-ab5b-541cf53b1064,79a11da1-6aeb-4719-9b1e-9918e0163cec,db5eef5c-99dd-49d9-bbfc-65171a366bda,fc05556e-3e38-4a38-99c2-f855174a7c28,L,A
36,1,2026-01-25T18:26:40+00:00,2026-01-25T18:26:47+00:00,point,7-7-1,fc05556e-3e38-4a38-99c2-f855174a7c28,79a11da1-6aeb-4719-9b1e-9918e0163cec,79a11da1-6aeb-4719-9b1e-9918e0163cec,1,0,fec65f7e-f2c8-482f-ab5b-541cf53b1064,79a11da1-6aeb-4719-9b1e-9918e0163cec,db5eef5c-99dd-49d9-bbfc-65171a366bda,fc05556e-3e38-4a38-99c2-f855174a7c28,L,B
37,1,2026-01-25T18:26:48+00:00,2026-01-25T18:26:53+00:00,point,8-7-1,fc05556e-3e38-4a38-99c2-f855174a7c28,fec65f7e-f2c8-482f-ab5b-541cf53b1064,fec65f7e-f2c8-482f-ab5b-541cf53b1064,1,0,fec65f7e-f2c8-482f-ab5b-541cf53b1064,79a11da1-6aeb-4719-9b1e-9918e0163cec,fc05556e-3e38-4a38-99c2-f855174a7c28,db5eef5c-99dd-49d9-bbfc-65171a366bda,R,B
38,1,2026-01-25T18:27:53+00:00,2026-01-25T18:28:13+00:00,second,8-7-1,fc05556e-3e38-4a38-99c2-f855174a7c28,fec65f7e-f2c8-482f-ab5b-541cf53b1064,79a11da1-6aeb-4719-9b1e-9918e0163cec,0,0,fec65f7e-f2c8-482f-ab5b-541cf53b1064,79a11da1-6aeb-4719-9b1e-9918e0163cec,db5eef5c-99dd-49d9-bbfc-65171a366bda,fc05556e-3e38-4a38-99c2-f855174a7c28,L,B
39,1,2026-01-25T18:28:16+00:00,2026-01-25T18:28:35+00:00,sideout,8-7-2,db5eef5c-99dd-49d9-bbfc-65171a366bda,79a11da1-6aeb-4719-9b1e-9918e0163cec,fec65f7e-f2c8-482f-ab5b-541cf53b1064,0,0,fec65f7e-f2c8-482f-ab5b-541cf53b1064,79a11da1-6aeb-4719-9b1e-9918e0163cec,db5eef5c-99dd-49d9-bbfc-65171a366bda,fc05556e-3e38-4a38-99c2-f855174a7c28,R,B
40,1,2026-01-25T18:28:39+00:00,2026-01-25T18:28:56+00:00,point,7-8-1,79a11da1-6aeb-4719-9b1e-9918e0163cec,db5eef5c-99dd-49d9-bbfc-65171a366bda,fc05556e-3e38-4a38-99c2-f855174a7c28,0,0,fec65f7e-f2c8-482f-ab5b-541cf53b1064,79a11da1-6aeb-4719-9b1e-9918e0163cec,db5eef5c-99dd-49d9-bbfc-65171a366bda,fc05556e-3e38-4a38-99c2-f855174a7c28,L,A
41,1,2026-01-25T18:29:06+00:00,2026-01-25T18:29:16+00:00,second,8-8-1,79a11da1-6aeb-4719-9b1e-9918e0163cec,fc05556e-3e38-4a38-99c2-f855174a7c28,db5eef5c-99dd-49d9-bbfc-65171a366bda,0,0,79a11da1-6aeb-4719-9b1e-9918e0163cec,fec65f7e-f2c8-482f-ab5b-541cf53b1064,db5eef5c-99dd-49d9-bbfc-65171a366bda,fc05556e-3e38-4a38-99c2-f855174a7c28,R,A
42,1,2026-01-25T18:29:18+00:00,2026-01-25T18:29:40+00:00,sideout,8-8-2,fec65f7e-f2c8-482f-ab5b-541cf53b1064,db5eef5c-99dd-49d9-bbfc-65171a366bda,fc05556e-3e38-4a38-99c2-f855174a7c28,0,0,79a11da1-6aeb-4719-9b1e-9918e0163cec,fec65f7e-f2c8-482f-ab5b-541cf53b1064,db5eef5c-99dd-49d9-bbfc-65171a366bda,fc05556e-3e38-4a38-99c2-f855174a7c28,L,A
43,1,2026-01-25T18:29:45+00:00,2026-01-25T18:30:18+00:00,second,8-8-1,db5eef5c-99dd-49d9-bbfc-65171a366bda,fec65f7e-f2c8-482f-ab5b-541cf53b1064,79a11da1-6aeb-4719-9b1e-9918e0163cec,0,0,79a11da1-6aeb-4719-9b1e-9918e0163cec,fec65f7e-f2c8-482f-ab5b-541cf53b1064,db5eef5c-99dd-49d9-bbfc-65171a366bda,fc05556e-3e38-4a38-99c2-f855174a7c28,R,B
44,1,2026-01-25T18:30:22+00:00,2026-01-25T18:30:31+00:00,sideout,8-8-2,fc05556e-3e38-4a38-99c2-f855174a7c28,79a11da1-6aeb-4719-9b1e-9918e0163cec,fec65f7e-f2c8-482f-ab5b-541cf53b1064,0,0,79a11da1-6aeb-4719-9b1e-9918e0163cec,fec65f7e-f2c8-482f-ab5b-541cf53b1064,db5eef5c-99dd-49d9-bbfc-65171a366bda,fc05556e-3e38-4a38-99c2-f855174a7c28,L,B
45,1,2026-01-25T18:30:41+00:00,2026-01-25T18:30:50+00:00,point,8-8-1,fec65f7e-f2c8-482f-ab5b-541cf53b1064,db5eef5c-99dd-49d9-bbfc-65171a366bda,fc05556e-3e38-4a38-99c2-f855174a7c28,0,0,79a11da1-6aeb-4719-9b1e-9918e0163cec,fec65f7e-f2c8-482f-ab5b-541cf53b1064,db5eef5c-99dd-49d9-bbfc-65171a366bda,fc05556e-3e38-4a38-99c2-f855174a7c28,L,A
46,1,2026-01-25T18:30:56+00:00,2026-01-25T18:31:10+00:00,second,9-8-1,fec65f7e-f2c8-482f-ab5b-541cf53b1064,fc05556e-3e38-4a38-99c2-f855174a7c28,db5eef5c-99dd-49d9-bbfc-65171a366bda,0,0,fec65f7e-f2c8-482f-ab5b-541cf53b1064,79a11da1-6aeb-4719-9b1e-9918e0163cec,db5eef5c-99dd-49d9-bbfc-65171a366bda,fc05556e-3e38-4a38-99c2-f855174a7c28,R,A
47,1,2026-01-25T18:31:15+00:00,2026-01-25T18:31:35+00:00,point,9-8-2,79a11da1-6aeb-4719-9b1e-9918e0163cec,db5eef5c-99dd-49d9-bbfc-65171a366bda,fc05556e-3e38-4a38-99c2-f855174a7c28,0,0,fec65f7e-f2c8-482f-ab5b-541cf53b1064,79a11da1-6aeb-4719-9b1e-9918e0163cec,db5eef5c-99dd-49d9-bbfc-65171a366bda,fc05556e-3e38-4a38-99c2-f855174a7c28,L,A
48,1,2026-01-25T18:32:24+00:00,2026-01-25T18:32:42+00:00,point,10-8-2,79a11da1-6aeb-4719-9b1e-9918e0163cec,fc05556e-3e38-4a38-99c2-f855174a7c28,db5eef5c-99dd-49d9-bbfc-65171a366bda,0,0,79a11da1-6aeb-4719-9b1e-9918e0163cec,fec65f7e-f2c8-482f-ab5b-541cf53b1064,db5eef5c-99dd-49d9-bbfc-65171a366bda,fc05556e-3e38-4a38-99c2-f855174a7c28,R,A
49,2,2026-01-25T18:35:04+00:00,2026-01-25T18:35:24+00:00,sideout,0-0-2,fec65f7e-f2c8-482f-ab5b-541cf53b1064,db5eef5c-99dd-49d9-bbfc-65171a366bda,db5eef5c-99dd-49d9-bbfc-65171a366bda,1,1,fec65f7e-f2c8-482f-ab5b-541cf53b1064,79a11da1-6aeb-4719-9b1e-9918e0163cec,db5eef5c-99dd-49d9-bbfc-65171a366bda,fc05556e-3e38-4a38-99c2-f855174a7c28,R,A
50,2,2026-01-25T18:35:27+00:00,2026-01-25T18:35:47+00:00,point,0-0-1,db5eef5c-99dd-49d9-bbfc-65171a366bda,fec65f7e-f2c8-482f-ab5b-541cf53b1064,fec65f7e-f2c8-482f-ab5b-541cf53b1064,1,1,fec65f7e-f2c8-482f-ab5b-541cf53b1064,79a11da1-6aeb-4719-9b1e-9918e0163cec,db5eef5c-99dd-49d9-bbfc-65171a366bda,fc05556e-3e38-4a38-99c2-f855174a7c28,R,B
51,2,2026-01-25T18:35:49+00:00,2026-01-25T18:36:05+00:00,point,1-0-1,db5eef5c-99dd-49d9-bbfc-65171a366bda,79a11da1-6aeb-4719-9b1e-9918e0163cec,79a11da1-6aeb-4719-9b1e-9918e0163cec,1,1,fec65f7e-f2c8-482f-ab5b-541cf53b1064,79a11da1-6aeb-4719-9b1e-9918e0163cec,fc05556e-3e38-4a38-99c2-f855174a7c28,db5eef5c-99dd-49d9-bbfc-65171a366bda,L,B
52,2,2026-01-25T18:36:10+00:00,2026-01-25T18:36:23+00:00,second,2-0-1,db5eef5c-99dd-49d9-bbfc-65171a366bda,fec65f7e-f2c8-482f-ab5b-541cf53b1064,fec65f7e-f2c8-482f-ab5b-541cf53b1064,1,1,fec65f7e-f2c8-482f-ab5b-541cf53b1064,79a11da1-6aeb-4719-9b1e-9918e0163cec,db5eef5c-99dd-49d9-bbfc-65171a366bda,fc05556e-3e38-4a38-99c2-f855174a7c28,R,B
53,2,2026-01-25T18:36:24+00:00,2026-01-25T18:36:34+00:00,sideout,2-0-2,fc05556e-3e38-4a38-99c2-f855174a7c28,79a11da1-6aeb-4719-9b1e-9918e0163cec,79a11da1-6aeb-4719-9b1e-9918e0163cec,1,1,fec65f7e-f2c8-482f-ab5b-541cf53b1064,79a11da1-6aeb-4719-9b1e-9918e0163cec,db5eef5c-99dd-49d9-bbfc-65171a366bda,fc05556e-3e38-4a38-99c2-f855174a7c28,L,B
54,2,2026-01-25T18:36:38+00:00,2026-01-25T18:36:49+00:00,second,0-2-1,fec65f7e-f2c8-482f-ab5b-541cf53b1064,db5eef5c-99dd-49d9-bbfc-65171a366bda,db5eef5c-99dd-49d9-bbfc-65171a366bda,1,1,fec65f7e-f2c8-482f-ab5b-541cf53b1064,79a11da1-6aeb-4719-9b1e-9918e0163cec,db5eef5c-99dd-49d9-bbfc-65171a366bda,fc05556e-3e38-4a38-99c2-f855174a7c28,R,A
55,2,2026-01-25T18:36:54+00:00,2026-01-25T18:37:07+00:00,sideout,0-2-2,79a11da1-6aeb-4719-9b1e-9918e0163cec,fc05556e-3e38-4a38-99c2-f855174a7c28,fc05556e-3e38-4a38-99c2-f855174a7c28,1,1,fec65f7e-f2c8-482f-ab5b-541cf53b1064,79a11da1-6aeb-4719-9b1e-9918e0163cec,db5eef5c-99dd-49d9-bbfc-65171a366bda,fc05556e-3e38-4a38-99c2-f855174a7c28,L,A
56,2,2026-01-25T18:37:10+00:00,2026-01-25T18:37:24+00:00,second,2-0-1,db5eef5c-99dd-49d9-bbfc-65171a366bda,fec65f7e-f2c8-482f-ab5b-541cf53b1064,fec65f7e-f2c8-482f-ab5b-541cf53b1064,1,1,fec65f7e-f2c8-482f-ab5b-541cf53b1064,79a11da1-6aeb-4719-9b1e-9918e0163cec,db5eef5c-99dd-49d9-bbfc-65171a366bda,fc05556e-3e38-4a38-99c2-f855174a7c28,R,B
57,2,2026-01-25T18:37:26+00:00,2026-01-25T18:37:38+00:00,point,2-0-2,fc05556e-3e38-4a38-99c2-f855174a7c28,79a11da1-6aeb-4719-9b1e-9918e0163cec,79a11da1-6aeb-4719-9b1e-9918e0163cec,1,1,fec65f7e-f2c8-482f-ab5b-541cf53b1064,79a11da1-6aeb-4719-9b1e-9918e0163cec,db5eef5c-99dd-49d9-bbfc-65171a366bda,fc05556e-3e38-4a38-99c2-f855174a7c28,L,B
58,2,2026-01-25T18:37:46+00:00,2026-01-25T18:37:52+00:00,sideout,3-0-2,fc05556e-3e38-4a38-99c2-f855174a7c28,fec65f7e-f2c8-482f-ab5b-541cf53b1064,fec65f7e-f2c8-482f-ab5b-541cf53b1064,1,1,fec65f7e-f2c8-482f-ab5b-541cf53b1064,79a11da1-6aeb-4719-9b1e-9918e0163cec,fc05556e-3e38-4a38-99c2-f855174a7c28,db5eef5c-99dd-49d9-bbfc-65171a366bda,R,B
59,2,2026-01-25T18:39:02+00:00,2026-01-25T18:39:27+00:00,point,0-3-1,fec65f7e-f2c8-482f-ab5b-541cf53b1064,fc05556e-3e38-4a38-99c2-f855174a7c28,fc05556e-3e38-4a38-99c2-f855174a7c28,1,1,fec65f7e-f2c8-482f-ab5b-541cf53b1064,79a11da1-6aeb-4719-9b1e-9918e0163cec,fc05556e-3e38-4a38-99c2-f855174a7c28,db5eef5c-99dd-49d9-bbfc-65171a366bda,R,A
60,2,2026-01-25T18:39:33+00:00,2026-01-25T18:39:50+00:00,second,1-3-1,fec65f7e-f2c8-482f-ab5b-541cf53b1064,db5eef5c-99dd-49d9-bbfc-65171a366bda,db5eef5c-99dd-49d9-bbfc-65171a366bda,1,1,79a11da1-6aeb-4719-9b1e-9918e0163cec,fec65f7e-f2c8-482f-ab5b-541cf53b1064,fc05556e-3e38-4a38-99c2-f855174a7c28,db5eef5c-99dd-49d9-bbfc-65171a366bda,L,A
61,2,2026-01-25T18:39:53+00:00,2026-01-25T18:40:07+00:00,sideout,1-3-2,79a11da1-6aeb-4719-9b1e-9918e0163cec,fc05556e-3e38-4a38-99c2-f855174a7c28,fc05556e-3e38-4a38-99c2-f855174a7c28,1,1,79a11da1-6aeb-4719-9b1e-9918e0163cec,fec65f7e-f2c8-482f-ab5b-541cf53b1064,fc05556e-3e38-4a38-99c2-f855174a7c28,db5eef5c-99dd-49d9-bbfc-65171a366bda,R,A
62,2,2026-01-25T18:40:10+00:00,2026-01-25T18:40:19+00:00,point,3-1-1,fc05556e-3e38-4a38-99c2-f855174a7c28,79a11da1-6aeb-4719-9b1e-9918e0163cec,79a11da1-6aeb-4719-9b1e-9918e0163cec,1,1,79a11da1-6aeb-4719-9b1e-9918e0163cec,fec65f7e-f2c8-482f-ab5b-541cf53b1064,fc05556e-3e38-4a38-99c2-f855174a7c28,db5eef5c-99dd-49d9-bbfc-65171a366bda,R,B
63,2,2026-01-25T18:40:22+00:00,2026-01-25T18:40:37+00:00,second,4-1-1,fc05556e-3e38-4a38-99c2-f855174a7c28,fec65f7e-f2c8-482f-ab5b-541cf53b1064,fec65f7e-f2c8-482f-ab5b-541cf53b1064,1,1,79a11da1-6aeb-4719-9b1e-9918e0163cec,fec65f7e-f2c8-482f-ab5b-541cf53b1064,db5eef5c-99dd-49d9-bbfc-65171a366bda,fc05556e-3e38-4a38-99c2-f855174a7c28,L,B
64,2,2026-01-25T18:40:43+00:00,2026-01-25T18:41:04+00:00,sideout,4-1-2,db5eef5c-99dd-49d9-bbfc-65171a366bda,79a11da1-6aeb-4719-9b1e-9918e0163cec,79a11da1-6aeb-4719-9b1e-9918e0163cec,1,1,79a11da1-6aeb-4719-9b1e-9918e0163cec,fec65f7e-f2c8-482f-ab5b-541cf53b1064,db5eef5c-99dd-49d9-bbfc-65171a366bda,fc05556e-3e38-4a38-99c2-f855174a7c28,R,B
65,2,2026-01-25T18:41:11+00:00,2026-01-25T18:41:26+00:00,second,1-4-1,79a11da1-6aeb-4719-9b1e-9918e0163cec,db5eef5c-99dd-49d9-bbfc-65171a366bda,db5eef5c-99dd-49d9-bbfc-65171a366bda,1,1,79a11da1-6aeb-4719-9b1e-9918e0163cec,fec65f7e-f2c8-482f-ab5b-541cf53b1064,db5eef5c-99dd-49d9-bbfc-65171a366bda,fc05556e-3e38-4a38-99c2-f855174a7c28,R,A
66,2,2026-01-25T18:41:27+00:00,2026-01-25T18:41:46+00:00,point,1-4-2,fec65f7e-f2c8-482f-ab5b-541cf53b1064,fc05556e-3e38-4a38-99c2-f855174a7c28,fc05556e-3e38-4a38-99c2-f855174a7c28,1,1,79a11da1-6aeb-4719-9b1e-9918e0163cec,fec65f7e-f2c8-482f-ab5b-541cf53b1064,db5eef5c-99dd-49d9-bbfc-65171a366bda,fc05556e-3e38-4a38-99c2-f855174a7c28,L,A
67,2,2026-01-25T18:41:49+00:00,2026-01-25T18:41:59+00:00,sideout,2-4-2,fec65f7e-f2c8-482f-ab5b-541cf53b1064,db5eef5c-99dd-49d9-bbfc-65171a366bda,db5eef5c-99dd-49d9-bbfc-65171a366bda,1,1,fec65f7e-f2c8-482f-ab5b-541cf53b1064,79a11da1-6aeb-4719-9b1e-9918e0163cec,db5eef5c-99dd-49d9-bbfc-65171a366bda,fc05556e-3e38-4a38-99c2-f855174a7c28,R,A
68,2,2026-01-25T18:42:03+00:00,2026-01-25T18:42:18+00:00,point,4-2-1,db5eef5c-99dd-49d9-bbfc-65171a366bda,fec65f7e-f2c8-482f-ab5b-541cf53b1064,fec65f7e-f2c8-482f-ab5b-541cf53b1064,1,1,fec65f7e-f2c8-482f-ab5b-541cf53b1064,79a11da1-6aeb-4719-9b1e-9918e0163cec,db5eef5c-99dd-49d9-bbfc-65171a366bda,fc05556e-3e38-4a38-99c2-f855174a7c28,R,B
69,2,2026-01-25T18:42:22+00:00,2026-01-25T18:42:31+00:00,point,5-2-1,db5eef5c-99dd-49d9-bbfc-65171a366bda,79a11da1-6aeb-4719-9b1e-9918e0163cec,79a11da1-6aeb-4719-9b1e-9918e0163cec,1,1,fec65f7e-f2c8-482f-ab5b-541cf53b1064,79a11da1-6aeb-4719-9b1e-9918e0163cec,fc05556e-3e38-4a38-99c2-f855174a7c28,db5eef5c-99dd-49d9-bbfc-65171a366bda,L,B
70,2,2026-01-25T18:43:56+00:00,2026-01-25T18:44:26+00:00,second,5-2-1,db5eef5c-99dd-49d9-bbfc-65171a366bda,79a11da1-6aeb-4719-9b1e-9918e0163cec,fec65f7e-f2c8-482f-ab5b-541cf53b1064,0,0,fec65f7e-f2c8-482f-ab5b-541cf53b1064,79a11da1-6aeb-4719-9b1e-9918e0163cec,db5eef5c-99dd-49d9-bbfc-65171a366bda,fc05556e-3e38-4a38-99c2-f855174a7c28,R,B
71,2,2026-01-25T18:44:29+00:00,2026-01-25T18:44:43+00:00,sideout,5-2-2,fc05556e-3e38-4a38-99c2-f855174a7c28,fec65f7e-f2c8-482f-ab5b-541cf53b1064,79a11da1-6aeb-4719-9b1e-9918e0163cec,0,0,fec65f7e-f2c8-482f-ab5b-541cf53b1064,79a11da1-6aeb-4719-9b1e-9918e0163cec,db5eef5c-99dd-49d9-bbfc-65171a366bda,fc05556e-3e38-4a38-99c2-f855174a7c28,L,B
72,2,2026-01-25T18:44:46+00:00,2026-01-25T18:45:05+00:00,second,2-5-1,fec65f7e-f2c8-482f-ab5b-541cf53b1064,fc05556e-3e38-4a38-99c2-f855174a7c28,db5eef5c-99dd-49d9-bbfc-65171a366bda,0,0,fec65f7e-f2c8-482f-ab5b-541cf53b1064,79a11da1-6aeb-4719-9b1e-9918e0163cec,db5eef5c-99dd-49d9-bbfc-65171a366bda,fc05556e-3e38-4a38-99c2-f855174a7c28,R,A
73,2,2026-01-25T18:45:10+00:00,2026-01-25T18:45:24+00:00,sideout,2-5-2,79a11da1-6aeb-4719-9b1e-9918e0163cec,db5eef5c-99dd-49d9-bbfc-65171a366bda,fc05556e-3e38-4a38-99c2-f855174a7c28,0,0,fec65f7e-f2c8-482f-ab5b-541cf53b1064,79a11da1-6aeb-4719-9b1e-9918e0163cec,db5eef5c-99dd-49d9-bbfc-65171a366bda,fc05556e-3e38-4a38-99c2-f855174a7c28,L,A
74,2,2026-01-25T18:45:26+00:00,2026-01-25T18:45:39+00:00,second,5-2-1,fc05556e-3e38-4a38-99c2-f855174a7c28,fec65f7e-f2c8-482f-ab5b-541cf53b1064,79a11da1-6aeb-4719-9b1e-9918e0163cec,0,0,fec65f7e-f2c8-482f-ab5b-541cf53b1064,79a11da1-6aeb-4719-9b1e-9918e0163cec,db5eef5c-99dd-49d9-bbfc-65171a366bda,fc05556e-3e38-4a38-99c2-f855174a7c28,L,B
75,2,2026-01-25T18:45:42+00:00,2026-01-25T18:45:58+00:00,sideout,5-2-2,db5eef5c-99dd-49d9-bbfc-65171a366bda,79a11da1-6aeb-4719-9b1e-9918e0163cec,fec65f7e-f2c8-482f-ab5b-541cf53b1064,0,0,fec65f7e-f2c8-482f-ab5b-541cf53b1064,79a11da1-6aeb-4719-9b1e-9918e0163cec,db5eef5c-99dd-49d9-bbfc-65171a366bda,fc05556e-3e38-4a38-99c2-f855174a7c28,R,B
76,2,2026-01-25T18:46:04+00:00,2026-01-25T18:46:18+00:00,point,2-5-1,fec65f7e-f2c8-482f-ab5b-541cf53b1064,fc05556e-3e38-4a38-99c2-f855174a7c28,db5eef5c-99dd-49d9-bbfc-65171a366bda,0,0,fec65f7e-f2c8-482f-ab5b-541cf53b1064,79a11da1-6aeb-4719-9b1e-9918e0163cec,db5eef5c-99dd-49d9-bbfc-65171a366bda,fc05556e-3e38-4a38-99c2-f855174a7c28,R,A
77,2,2026-01-25T18:46:22+00:00,2026-01-25T18:46:39+00:00,point,3-5-1,fec65f7e-f2c8-482f-ab5b-541cf53b1064,db5eef5c-99dd-49d9-bbfc-65171a366bda,fc05556e-3e38-4a38-99c2-f855174a7c28,0,0,79a11da1-6aeb-4719-9b1e-9918e0163cec,fec65f7e-f2c8-482f-ab5b-541cf53b1064,db5eef5c-99dd-49d9-bbfc-65171a366bda,fc05556e-3e38-4a38-99c2-f855174a7c28,L,A
78,2,2026-01-25T18:46:52+00:00,2026-01-25T18:47:04+00:00,second,4-5-1,fec65f7e-f2c8-482f-ab5b-541cf53b1064,fc05556e-3e38-4a38-99c2-f855174a7c28,db5eef5c-99dd-49d9-bbfc-65171a366bda,0,0,fec65f7e-f2c8-482f-ab5b-541cf53b1064,79a11da1-6aeb-4719-9b1e-9918e0163cec,db5eef5c-99dd-49d9-bbfc-65171a366bda,fc05556e-3e38-4a38-99c2-f855174a7c28,R,A
79,2,2026-01-25T18:47:11+00:00,2026-01-25T18:47:27+00:00,point,4-5-2,79a11da1-6aeb-4719-9b1e-9918e0163cec,db5eef5c-99dd-49d9-bbfc-65171a366bda,fc05556e-3e38-4a38-99c2-f855174a7c28,0,0,fec65f7e-f2c8-482f-ab5b-541cf53b1064,79a11da1-6aeb-4719-9b1e-9918e0163cec,db5eef5c-99dd-49d9-bbfc-65171a366bda,fc05556e-3e38-4a38-99c2-f855174a7c28,L,A
80,2,2026-01-25T18:47:34+00:00,2026-01-25T18:48:00+00:00,point,5-5-2,79a11da1-6aeb-4719-9b1e-9918e0163cec,fc05556e-3e38-4a38-99c2-f855174a7c28,db5eef5c-99dd-49d9-bbfc-65171a366bda,0,0,79a11da1-6aeb-4719-9b1e-9918e0163cec,fec65f7e-f2c8-482f-ab5b-541cf53b1064,db5eef5c-99dd-49d9-bbfc-65171a366bda,fc05556e-3e38-4a38-99c2-f855174a7c28,R,A
81,2,2026-01-25T18:50:01+00:00,2026-01-25T18:50:29+00:00,sideout,6-5-2,79a11da1-6aeb-4719-9b1e-9918e0163cec,db5eef5c-99dd-49d9-bbfc-65171a366bda,fc05556e-3e38-4a38-99c2-f855174a7c28,0,0,fec65f7e-f2c8-482f-ab5b-541cf53b1064,79a11da1-6aeb-4719-9b1e-9918e0163cec,db5eef5c-99dd-49d9-bbfc-65171a366bda,fc05556e-3e38-4a38-99c2-f855174a7c28,L,A
82,2,2026-01-25T18:50:33+00:00,2026-01-25T18:50:47+00:00,point,5-6-1,fc05556e-3e38-4a38-99c2-f855174a7c28,fec65f7e-f2c8-482f-ab5b-541cf53b1064,79a11da1-6aeb-4719-9b1e-9918e0163cec,0,0,fec65f7e-f2c8-482f-ab5b-541cf53b1064,79a11da1-6aeb-4719-9b1e-9918e0163cec,db5eef5c-99dd-49d9-bbfc-65171a366bda,fc05556e-3e38-4a38-99c2-f855174a7c28,L,B
83,2,2026-01-25T18:50:50+00:00,2026-01-25T18:51:06+00:00,point,6-6-1,fc05556e-3e38-4a38-99c2-f855174a7c28,79a11da1-6aeb-4719-9b1e-9918e0163cec,fec65f7e-f2c8-482f-ab5b-541cf53b1064,0,0,fec65f7e-f2c8-482f-ab5b-541cf53b1064,79a11da1-6aeb-4719-9b1e-9918e0163cec,fc05556e-3e38-4a38-99c2-f855174a7c28,db5eef5c-99dd-49d9-bbfc-65171a366bda,R,B
84,2,2026-01-25T18:51:10+00:00,2026-01-25T18:51:25+00:00,point,7-6-1,fc05556e-3e38-4a38-99c2-f855174a7c28,fec65f7e-f2c8-482f-ab5b-541cf53b1064,79a11da1-6aeb-4719-9b1e-9918e0163cec,0,0,fec65f7e-f2c8-482f-ab5b-541cf53b1064,79a11da1-6aeb-4719-9b1e-9918e0163cec,db5eef5c-99dd-49d9-bbfc-65171a366bda,fc05556e-3e38-4a38-99c2-f855174a7c28,L,B
85,2,2026-01-25T18:52:33+00:00,2026-01-25T18:53:12+00:00,second,8-6-1,fc05556e-3e38-4a38-99c2-f855174a7c28,79a11da1-6aeb-4719-9b1e-9918e0163cec,fec65f7e-f2c8-482f-ab5b-541cf53b1064,0,0,fec65f7e-f2c8-482f-ab5b-541cf53b1064,79a11da1-6aeb-4719-9b1e-9918e0163cec,fc05556e-3e38-4a38-99c2-f855174a7c28,db5eef5c-99dd-49d9-bbfc-65171a366bda,R,B
86,2,2026-01-25T18:53:15+00:00,2026-01-25T18:53:34+00:00,sideout,8-6-2,db5eef5c-99dd-49d9-bbfc-65171a366bda,fec65f7e-f2c8-482f-ab5b-541cf53b1064,79a11da1-6aeb-4719-9b1e-9918e0163cec,0,0,fec65f7e-f2c8-482f-ab5b-541cf53b1064,79a11da1-6aeb-4719-9b1e-9918e0163cec,fc05556e-3e38-4a38-99c2-f855174a7c28,db5eef5c-99dd-49d9-bbfc-65171a366bda,L,B
87,2,2026-01-25T18:53:40+00:00,2026-01-25T18:53:54+00:00,second,6-8-1,fec65f7e-f2c8-482f-ab5b-541cf53b1064,db5eef5c-99dd-49d9-bbfc-65171a366bda,fc05556e-3e38-4a38-99c2-f855174a7c28,0,0,fec65f7e-f2c8-482f-ab5b-541cf53b1064,79a11da1-6aeb-4719-9b1e-9918e0163cec,fc05556e-3e38-4a38-99c2-f855174a7c28,db5eef5c-99dd-49d9-bbfc-65171a366bda,R,A
88,2,2026-01-25T18:53:57+00:00,2026-01-25T18:54:43+00:00,point,6-8-2,79a11da1-6aeb-4719-9b1e-9918e0163cec,fc05556e-3e38-4a38-99c2-f855174a7c28,db5eef5c-99dd-49d9-bbfc-65171a366bda,0,0,fec65f7e-f2c8-482f-ab5b-541cf53b1064,79a11da1-6aeb-4719-9b1e-9918e0163cec,fc05556e-3e38-4a38-99c2-f855174a7c28,db5eef5c-99dd-49d9-bbfc-65171a366bda,L,A
89,2,2026-01-25T18:54:46+00:00,2026-01-25T18:55:00+00:00,sideout,7-8-2,79a11da1-6aeb-4719-9b1e-9918e0163cec,db5eef5c-99dd-49d9-bbfc-65171a366bda,fc05556e-3e38-4a38-99c2-f855174a7c28,0,0,79a11da1-6aeb-4719-9b1e-9918e0163cec,fec65f7e-f2c8-482f-ab5b-541cf53b1064,fc05556e-3e38-4a38-99c2-f855174a7c28,db5eef5c-99dd-49d9-bbfc-65171a366bda,R,A
90,2,2026-01-25T18:55:05+00:00,2026-01-25T18:55:28+00:00,second,8-7-1,db5eef5c-99dd-49d9-bbfc-65171a366bda,79a11da1-6aeb-4719-9b1e-9918e0163cec,fec65f7e-f2c8-482f-ab5b-541cf53b1064,0,0,79a11da1-6aeb-4719-9b1e-9918e0163cec,fec65f7e-f2c8-482f-ab5b-541cf53b1064,fc05556e-3e38-4a38-99c2-f855174a7c28,db5eef5c-99dd-49d9-bbfc-65171a366bda,L,B
91,2,2026-01-25T18:55:34+00:00,2026-01-25T18:55:43+00:00,sideout,8-7-2,fc05556e-3e38-4a38-99c2-f855174a7c28,fec65f7e-f2c8-482f-ab5b-541cf53b1064,79a11da1-6aeb-4719-9b1e-9918e0163cec,0,0,79a11da1-6aeb-4719-9b1e-9918e0163cec,fec65f7e-f2c8-482f-ab5b-541cf53b1064,fc05556e-3e38-4a38-99c2-f855174a7c28,db5eef5c-99dd-49d9-bbfc-65171a366bda,R,B
92,2,2026-01-25T18:55:48+00:00,2026-01-25T18:56:03+00:00,point,7-8-1,79a11da1-6aeb-4719-9b1e-9918e0163cec,db5eef5c-99dd-49d9-bbfc-65171a366bda,fc05556e-3e38-4a38-99c2-f855174a7c28,0,0,79a11da1-6aeb-4719-9b1e-9918e0163cec,fec65f7e-f2c8-482f-ab5b-541cf53b1064,fc05556e-3e38-4a38-99c2-f855174a7c28,db5eef5c-99dd-49d9-bbfc-65171a366bda,R,A
93,2,2026-01-25T18:56:06+00:00,2026-01-25T18:56:20+00:00,second,8-8-1,79a11da1-6aeb-4719-9b1e-9918e0163cec,fc05556e-3e38-4a38-99c2-f855174a7c28,db5eef5c-99dd-49d9-bbfc-65171a366bda,0,0,fec65f7e-f2c8-482f-ab5b-541cf53b1064,79a11da1-6aeb-4719-9b1e-9918e0163cec,fc05556e-3e38-4a38-99c2-f855174a7c28,db5eef5c-99dd-49d9-bbfc-65171a366bda,L,A
94,2,2026-01-25T18:56:25+00:00,2026-01-25T18:56:36+00:00,point,8-8-2,fec65f7e-f2c8-482f-ab5b-541cf53b1064,db5eef5c-99dd-49d9-bbfc-65171a366bda,fc05556e-3e38-4a38-99c2-f855174a7c28,0,0,fec65f7e-f2c8-482f-ab5b-541cf53b1064,79a11da1-6aeb-4719-9b1e-9918e0163cec,fc05556e-3e38-4a38-99c2-f855174a7c28,db5eef5c-99dd-49d9-bbfc-65171a366bda,R,A
95,2,2026-01-25T18:56:43+00:00,2026-01-25T18:57:05+00:00,sideout,9-8-2,fec65f7e-f2c8-482f-ab5b-541cf53b1064,fc05556e-3e38-4a38-99c2-f855174a7c28,db5eef5c-99dd-49d9-bbfc-65171a366bda,0,0,79a11da1-6aeb-4719-9b1e-9918e0163cec,fec65f7e-f2c8-482f-ab5b-541cf53b1064,fc05556e-3e38-4a38-99c2-f855174a7c28,db5eef5c-99dd-49d9-bbfc-65171a366bda,L,A
96,2,2026-01-25T18:57:16+00:00,2026-01-25T18:57:33+00:00,second,8-9-1,db5eef5c-99dd-49d9-bbfc-65171a366bda,79a11da1-6aeb-4719-9b1e-9918e0163cec,fec65f7e-f2c8-482f-ab5b-541cf53b1064,0,0,79a11da1-6aeb-4719-9b1e-9918e0163cec,fec65f7e-f2c8-482f-ab5b-541cf53b1064,fc05556e-3e38-4a38-99c2-f855174a7c28,db5eef5c-99dd-49d9-bbfc-65171a366bda,L,B
97,2,2026-01-25T18:57:35+00:00,2026-01-25T18:57:46+00:00,sideout,8-9-2,fc05556e-3e38-4a38-99c2-f855174a7c28,fec65f7e-f2c8-482f-ab5b-541cf53b1064,79a11da1-6aeb-4719-9b1e-9918e0163cec,0,0,79a11da1-6aeb-4719-9b1e-9918e0163cec,fec65f7e-f2c8-482f-ab5b-541cf53b1064,fc05556e-3e38-4a38-99c2-f855174a7c28,db5eef5c-99dd-49d9-bbfc-65171a366bda,R,B
98,2,2026-01-25T18:58:00+00:00,2026-01-25T18:58:16+00:00,point,9-8-1,79a11da1-6aeb-4719-9b1e-9918e0163cec,db5eef5c-99dd-49d9-bbfc-65171a366bda,fc05556e-3e38-4a38-99c2-f855174a7c28,0,0,79a11da1-6aeb-4719-9b1e-9918e0163cec,fec65f7e-f2c8-482f-ab5b-541cf53b1064,fc05556e-3e38-4a38-99c2-f855174a7c28,db5eef5c-99dd-49d9-bbfc-65171a366bda,R,A
99,2,2026-01-25T18:58:20+00:00,2026-01-25T18:58:37+00:00,second,10-8-1,79a11da1-6aeb-4719-9b1e-9918e0163cec,fc05556e-3e38-4a38-99c2-f855174a7c28,db5eef5c-99dd-49d9-bbfc-65171a366bda,0,0,fec65f7e-f2c8-482f-ab5b-541cf53b1064,79a11da1-6aeb-4719-9b1e-9918e0163cec,fc05556e-3e38-4a38-99c2-f855174a7c28,db5eef5c-99dd-49d9-bbfc-65171a366bda,L,A
100,2,2026-01-25T18:58:40+00:00,2026-01-25T18:58:58+00:00,sideout,10-8-2,fec65f7e-f2c8-482f-ab5b-541cf53b1064,db5eef5c-99dd-49d9-bbfc-65171a366bda,fc05556e-3e38-4a38-99c2-f855174a7c28,0,0,fec65f7e-f2c8-482f-ab5b-541cf53b1064,79a11da1-6aeb-4719-9b1e-9918e0163cec,fc05556e-3e38-4a38-99c2-f855174a7c28,db5eef5c-99dd-49d9-bbfc-65171a366bda,R,A
101,2,2026-01-25T18:59:03+00:00,2026-01-25T18:59:19+00:00,point,8-10-1,db5eef5c-99dd-49d9-bbfc-65171a366bda,fec65f7e-f2c8-482f-ab5b-541cf53b1064,79a11da1-6aeb-4719-9b1e-9918e0163cec,0,0,fec65f7e-f2c8-482f-ab5b-541cf53b1064,79a11da1-6aeb-4719-9b1e-9918e0163cec,fc05556e-3e38-4a38-99c2-f855174a7c28,db5eef5c-99dd-49d9-bbfc-65171a366bda,L,B
102,2,2026-01-25T18:59:26+00:00,2026-01-25T18:59:42+00:00,second,9-10-1,db5eef5c-99dd-49d9-bbfc-65171a366bda,79a11da1-6aeb-4719-9b1e-9918e0163cec,fec65f7e-f2c8-482f-ab5b-541cf53b1064,0,0,fec65f7e-f2c8-482f-ab5b-541cf53b1064,79a11da1-6aeb-4719-9b1e-9918e0163cec,db5eef5c-99dd-49d9-bbfc-65171a366bda,fc05556e-3e38-4a38-99c2-f855174a7c28,R,B
103,2,2026-01-25T18:59:46+00:00,2026-01-25T19:00:00+00:00,sideout,9-10-2,fc05556e-3e38-4a38-99c2-f855174a7c28,fec65f7e-f2c8-482f-ab5b-541cf53b1064,79a11da1-6aeb-4719-9b1e-9918e0163cec,0,0,fec65f7e-f2c8-482f-ab5b-541cf53b1064,79a11da1-6aeb-4719-9b1e-9918e0163cec,db5eef5c-99dd-49d9-bbfc-65171a366bda,fc05556e-3e38-4a38-99c2-f855174a7c28,L,B
104,2,2026-01-25T19:00:07+00:00,2026-01-25T19:00:24+00:00,point,10-9-1,fec65f7e-f2c8-482f-ab5b-541cf53b1064,fc05556e-3e38-4a38-99c2-f855174a7c28,db5eef5c-99dd-49d9-bbfc-65171a366bda,0,0,fec65f7e-f2c8-482f-ab5b-541cf53b1064,79a11da1-6aeb-4719-9b1e-9918e0163cec,db5eef5c-99dd-49d9-bbfc-65171a366bda,fc05556e-3e38-4a38-99c2-f855174a7c28,R,A
105,3,2026-01-25T19:05:29+00:00,2026-01-25T19:05:56+00:00,point,0-0-2,db5eef5c-99dd-49d9-bbfc-65171a366bda,fec65f7e-f2c8-482f-ab5b-541cf53b1064,fec65f7e-f2c8-482f-ab5b-541cf53b1064,1,1,fec65f7e-f2c8-482f-ab5b-541cf53b1064,79a11da1-6aeb-4719-9b1e-9918e0163cec,db5eef5c-99dd-49d9-bbfc-65171a366bda,fc05556e-3e38-4a38-99c2-f855174a7c28,R,B
106,3,2026-01-25T19:06:00+00:00,2026-01-25T19:06:18+00:00,sideout,1-0-2,db5eef5c-99dd-49d9-bbfc-65171a366bda,79a11da1-6aeb-4719-9b1e-9918e0163cec,79a11da1-6aeb-4719-9b1e-9918e0163cec,1,1,fec65f7e-f2c8-482f-ab5b-541cf53b1064,79a11da1-6aeb-4719-9b1e-9918e0163cec,fc05556e-3e38-4a38-99c2-f855174a7c28,db5eef5c-99dd-49d9-bbfc-65171a366bda,L,B
107,3,2026-01-25T19:06:22+00:00,2026-01-25T19:06:36+00:00,point,0-1-1,fec65f7e-f2c8-482f-ab5b-541cf53b1064,fc05556e-3e38-4a38-99c2-f855174a7c28,fc05556e-3e38-4a38-99c2-f855174a7c28,1,1,fec65f7e-f2c8-482f-ab5b-541cf53b1064,79a11da1-6aeb-4719-9b1e-9918e0163cec,fc05556e-3e38-4a38-99c2-f855174a7c28,db5eef5c-99dd-49d9-bbfc-65171a366bda,R,A
108,3,2026-01-25T19:06:37+00:00,2026-01-25T19:07:01+00:00,point,1-1-1,fec65f7e-f2c8-482f-ab5b-541cf53b1064,db5eef5c-99dd-49d9-bbfc-65171a366bda,db5eef5c-99dd-49d9-bbfc-65171a366bda,1,1,79a11da1-6aeb-4719-9b1e-9918e0163cec,fec65f7e-f2c8-482f-ab5b-541cf53b1064,fc05556e-3e38-4a38-99c2-f855174a7c28,db5eef5c-99dd-49d9-bbfc-65171a366bda,L,A
109,3,2026-01-25T19:07:09+00:00,2026-01-25T19:07:21+00:00,second,2-1-1,fec65f7e-f2c8-482f-ab5b-541cf53b1064,fc05556e-3e38-4a38-99c2-f855174a7c28,fc05556e-3e38-4a38-99c2-f855174a7c28,1,1,fec65f7e-f2c8-482f-ab5b-541cf53b1064,79a11da1-6aeb-4719-9b1e-9918e0163cec,fc05556e-3e38-4a38-99c2-f855174a7c28,db5eef5c-99dd-49d9-bbfc-65171a366bda,R,A
110,3,2026-01-25T19:07:25+00:00,2026-01-25T19:07:41+00:00,sideout,2-1-2,79a11da1-6aeb-4719-9b1e-9918e0163cec,db5eef5c-99dd-49d9-bbfc-65171a366bda,db5eef5c-99dd-49d9-bbfc-65171a366bda,1,1,fec65f7e-f2c8-482f-ab5b-541cf53b1064,79a11da1-6aeb-4719-9b1e-9918e0163cec,fc05556e-3e38-4a38-99c2-f855174a7c28,db5eef5c-99dd-49d9-bbfc-65171a366bda,L,A
111,3,2026-01-25T19:07:46+00:00,2026-01-25T19:08:07+00:00,point,1-2-1,fc05556e-3e38-4a38-99c2-f855174a7c28,fec65f7e-f2c8-482f-ab5b-541cf53b1064,fec65f7e-f2c8-482f-ab5b-541cf53b1064,1,1,fec65f7e-f2c8-482f-ab5b-541cf53b1064,79a11da1-6aeb-4719-9b1e-9918e0163cec,fc05556e-3e38-4a38-99c2-f855174a7c28,db5eef5c-99dd-49d9-bbfc-65171a366bda,R,B
112,3,2026-01-25T19:08:12+00:00,2026-01-25T19:08:24+00:00,second,2-2-1,fc05556e-3e38-4a38-99c2-f855174a7c28,79a11da1-6aeb-4719-9b1e-9918e0163cec,79a11da1-6aeb-4719-9b1e-9918e0163cec,1,1,fec65f7e-f2c8-482f-ab5b-541cf53b1064,79a11da1-6aeb-4719-9b1e-9918e0163cec,db5eef5c-99dd-49d9-bbfc-65171a366bda,fc05556e-3e38-4a38-99c2-f855174a7c28,L,B
113,3,2026-01-25T19:08:28+00:00,2026-01-25T19:08:45+00:00,sideout,2-2-2,db5eef5c-99dd-49d9-bbfc-65171a366bda,fec65f7e-f2c8-482f-ab5b-541cf53b1064,fec65f7e-f2c8-482f-ab5b-541cf53b1064,1,1,fec65f7e-f2c8-482f-ab5b-541cf53b1064,79a11da1-6aeb-4719-9b1e-9918e0163cec,db5eef5c-99dd-49d9-bbfc-65171a366bda,fc05556e-3e38-4a38-99c2-f855174a7c28,R,B
114,3,2026-01-25T19:08:50+00:00,2026-01-25T19:08:58+00:00,second,2-2-1,fec65f7e-f2c8-482f-ab5b-541cf53b1064,db5eef5c-99dd-49d9-bbfc-65171a366bda,db5eef5c-99dd-49d9-bbfc-65171a366bda,1,1,fec65f7e-f2c8-482f-ab5b-541cf53b1064,79a11da1-6aeb-4719-9b1e-9918e0163cec,db5eef5c-99dd-49d9-bbfc-65171a366bda,fc05556e-3e38-4a38-99c2-f855174a7c28,R,A
115,3,2026-01-25T19:08:59+00:00,2026-01-25T19:09:16+00:00,point,2-2-2,79a11da1-6aeb-4719-9b1e-9918e0163cec,fc05556e-3e38-4a38-99c2-f855174a7c28,fc05556e-3e38-4a38-99c2-f855174a7c28,1,1,fec65f7e-f2c8-482f-ab5b-541cf53b1064,79a11da1-6aeb-4719-9b1e-9918e0163cec,db5eef5c-99dd-49d9-bbfc-65171a366bda,fc05556e-3e38-4a38-99c2-f855174a7c28,L,A
116,3,2026-01-25T19:09:18+00:00,2026-01-25T19:09:38+00:00,sideout,3-2-2,79a11da1-6aeb-4719-9b1e-9918e0163cec,db5eef5c-99dd-49d9-bbfc-65171a366bda,db5eef5c-99dd-49d9-bbfc-65171a366bda,1,1,79a11da1-6aeb-4719-9b1e-9918e0163cec,fec65f7e-f2c8-482f-ab5b-541cf53b1064,db5eef5c-99dd-49d9-bbfc-65171a366bda,fc05556e-3e38-4a38-99c2-f855174a7c28,R,A
117,3,2026-01-25T19:09:44+00:00,2026-01-25T19:10:00+00:00,point,2-3-1,db5eef5c-99dd-49d9-bbfc-65171a366bda,79a11da1-6aeb-4719-9b1e-9918e0163cec,79a11da1-6aeb-4719-9b1e-9918e0163cec,1,1,79a11da1-6aeb-4719-9b1e-9918e0163cec,fec65f7e-f2c8-482f-ab5b-541cf53b1064,db5eef5c-99dd-49d9-bbfc-65171a366bda,fc05556e-3e38-4a38-99c2-f855174a7c28,R,B
118,3,2026-01-25T19:10:04+00:00,2026-01-25T19:10:22+00:00,point,3-3-1,db5eef5c-99dd-49d9-bbfc-65171a366bda,fec65f7e-f2c8-482f-ab5b-541cf53b1064,fec65f7e-f2c8-482f-ab5b-541cf53b1064,1,1,79a11da1-6aeb-4719-9b1e-9918e0163cec,fec65f7e-f2c8-482f-ab5b-541cf53b1064,fc05556e-3e38-4a38-99c2-f855174a7c28,db5eef5c-99dd-49d9-bbfc-65171a366bda,L,B
119,3,2026-01-25T19:10:27+00:00,2026-01-25T19:11:07+00:00,point,4-3-1,db5eef5c-99dd-49d9-bbfc-65171a366bda,79a11da1-6aeb-4719-9b1e-9918e0163cec,79a11da1-6aeb-4719-9b1e-9918e0163cec,1,1,79a11da1-6aeb-4719-9b1e-9918e0163cec,fec65f7e-f2c8-482f-ab5b-541cf53b1064,db5eef5c-99dd-49d9-bbfc-65171a366bda,fc05556e-3e38-4a38-99c2-f855174a7c28,R,B
120,3,2026-01-25T19:11:16+00:00,2026-01-25T19:11:29+00:00,second,5-3-1,db5eef5c-99dd-49d9-bbfc-65171a366bda,fec65f7e-f2c8-482f-ab5b-541cf53b1064,fec65f7e-f2c8-482f-ab5b-541cf53b1064,1,1,79a11da1-6aeb-4719-9b1e-9918e0163cec,fec65f7e-f2c8-482f-ab5b-541cf53b1064,fc05556e-3e38-4a38-99c2-f855174a7c28,db5eef5c-99dd-49d9-bbfc-65171a366bda,L,B
121,3,2026-01-25T19:11:34+00:00,2026-01-25T19:11:45+00:00,sideout,5-3-2,fc05556e-3e38-4a38-99c2-f855174a7c28,79a11da1-6aeb-4719-9b1e-9918e0163cec,79a11da1-6aeb-4719-9b1e-9918e0163cec,1,1,79a11da1-6aeb-4719-9b1e-9918e0163cec,fec65f7e-f2c8-482f-ab5b-541cf53b1064,fc05556e-3e38-4a38-99c2-f855174a7c28,db5eef5c-99dd-49d9-bbfc-65171a366bda,R,B
122,3,2026-01-25T19:11:50+00:00,2026-01-25T19:12:05+00:00,point,3-5-1,79a11da1-6aeb-4719-9b1e-9918e0163cec,fc05556e-3e38-4a38-99c2-f855174a7c28,fc05556e-3e38-4a38-99c2-f855174a7c28,1,1,79a11da1-6aeb-4719-9b1e-9918e0163cec,fec65f7e-f2c8-482f-ab5b-541cf53b1064,fc05556e-3e38-4a38-99c2-f855174a7c28,db5eef5c-99dd-49d9-bbfc-65171a366bda,R,A
123,3,2026-01-25T19:12:10+00:00,2026-01-25T19:12:31+00:00,point,4-5-1,79a11da1-6aeb-4719-9b1e-9918e0163cec,db5eef5c-99dd-49d9-bbfc-65171a366bda,db5eef5c-99dd-49d9-bbfc-65171a366bda,1,1,fec65f7e-f2c8-482f-ab5b-541cf53b1064,79a11da1-6aeb-4719-9b1e-9918e0163cec,fc05556e-3e38-4a38-99c2-f855174a7c28,db5eef5c-99dd-49d9-bbfc-65171a366bda,L,A
124,3,2026-01-25T19:13:02+00:00,2026-01-25T19:13:02+00:00,point,5-5-1,79a11da1-6aeb-4719-9b1e-9918e0163cec,db5eef5c-99dd-49d9-bbfc-65171a366bda,fc05556e-3e38-4a38-99c2-f855174a7c28,0,1,79a11da1-6aeb-4719-9b1e-9918e0163cec,fec65f7e-f2c8-482f-ab5b-541cf53b1064,fc05556e-3e38-4a38-99c2-f855174a7c28,db5eef5c-99dd-49d9-bbfc-65171a366bda,R,A
125,3,2026-01-25T19:13:02+00:00,2026-01-25T19:13:02+00:00,second,4-5-2,fec65f7e-f2c8-482f-ab5b-541cf53b1064,fc05556e-3e38-4a38-99c2-f855174a7c28,fc05556e-3e38-4a38-99c2-f855174a7c28,1,1,fec65f7e-f2c8-482f-ab5b-541cf53b1064,79a11da1-6aeb-4719-9b1e-9918e0163cec,fc05556e-3e38-4a38-99c2-f855174a7c28,db5eef5c-99dd-49d9-bbfc-65171a366bda,R,A
126,3,2026-01-25T19:13:32+00:00,2026-01-25T19:13:59+00:00,point,4-5-2,fec65f7e-f2c8-482f-ab5b-541cf53b1064,fc05556e-3e38-4a38-99c2-f855174a7c28,fc05556e-3e38-4a38-99c2-f855174a7c28,1,1,fec65f7e-f2c8-482f-ab5b-541cf53b1064,79a11da1-6aeb-4719-9b1e-9918e0163cec,fc05556e-3e38-4a38-99c2-f855174a7c28,db5eef5c-99dd-49d9-bbfc-65171a366bda,R,A
127,3,2026-01-25T19:14:07+00:00,2026-01-25T19:14:26+00:00,sideout,5-5-2,fec65f7e-f2c8-482f-ab5b-541cf53b1064,db5eef5c-99dd-49d9-bbfc-65171a366bda,db5eef5c-99dd-49d9-bbfc-65171a366bda,1,1,79a11da1-6aeb-4719-9b1e-9918e0163cec,fec65f7e-f2c8-482f-ab5b-541cf53b1064,fc05556e-3e38-4a38-99c2-f855174a7c28,db5eef5c-99dd-49d9-bbfc-65171a366bda,L,A
128,3,2026-01-25T19:14:32+00:00,2026-01-25T19:14:48+00:00,second,5-5-1,fc05556e-3e38-4a38-99c2-f855174a7c28,79a11da1-6aeb-4719-9b1e-9918e0163cec,79a11da1-6aeb-4719-9b1e-9918e0163cec,1,1,79a11da1-6aeb-4719-9b1e-9918e0163cec,fec65f7e-f2c8-482f-ab5b-541cf53b1064,fc05556e-3e38-4a38-99c2-f855174a7c28,db5eef5c-99dd-49d9-bbfc-65171a366bda,R,B
129,3,2026-01-25T19:14:56+00:00,2026-01-25T19:15:09+00:00,sideout,5-5-2,db5eef5c-99dd-49d9-bbfc-65171a366bda,fec65f7e-f2c8-482f-ab5b-541cf53b1064,fec65f7e-f2c8-482f-ab5b-541cf53b1064,1,1,79a11da1-6aeb-4719-9b1e-9918e0163cec,fec65f7e-f2c8-482f-ab5b-541cf53b1064,fc05556e-3e38-4a38-99c2-f855174a7c28,db5eef5c-99dd-49d9-bbfc-65171a366bda,L,B
130,3,2026-01-25T19:15:12+00:00,2026-01-25T19:15:35+00:00,point,5-5-1,79a11da1-6aeb-4719-9b1e-9918e0163cec,fc05556e-3e38-4a38-99c2-f855174a7c28,fc05556e-3e38-4a38-99c2-f855174a7c28,1,1,79a11da1-6aeb-4719-9b1e-9918e0163cec,fec65f7e-f2c8-482f-ab5b-541cf53b1064,fc05556e-3e38-4a38-99c2-f855174a7c28,db5eef5c-99dd-49d9-bbfc-65171a366bda,R,A
131,3,2026-01-25T19:15:38+00:00,2026-01-25T19:16:11+00:00,second,6-5-1,79a11da1-6aeb-4719-9b1e-9918e0163cec,db5eef5c-99dd-49d9-bbfc-65171a366bda,db5eef5c-99dd-49d9-bbfc-65171a366bda,1,1,fec65f7e-f2c8-482f-ab5b-541cf53b1064,79a11da1-6aeb-4719-9b1e-9918e0163cec,fc05556e-3e38-4a38-99c2-f855174a7c28,db5eef5c-99dd-49d9-bbfc-65171a366bda,L,A
132,3,2026-01-25T19:16:16+00:00,2026-01-25T19:16:33+00:00,point,6-5-2,fec65f7e-f2c8-482f-ab5b-541cf53b1064,fc05556e-3e38-4a38-99c2-f855174a7c28,fc05556e-3e38-4a38-99c2-f855174a7c28,1,1,fec65f7e-f2c8-482f-ab5b-541cf53b1064,79a11da1-6aeb-4719-9b1e-9918e0163cec,fc05556e-3e38-4a38-99c2-f855174a7c28,db5eef5c-99dd-49d9-bbfc-65171a366bda,R,A
133,3,2026-01-25T19:17:53+00:00,2026-01-25T19:18:13+00:00,sideout,7-5-2,fec65f7e-f2c8-482f-ab5b-541cf53b1064,db5eef5c-99dd-49d9-bbfc-65171a366bda,db5eef5c-99dd-49d9-bbfc-65171a366bda,1,1,79a11da1-6aeb-4719-9b1e-9918e0163cec,fec65f7e-f2c8-482f-ab5b-541cf53b1064,fc05556e-3e38-4a38-99c2-f855174a7c28,db5eef5c-99dd-49d9-bbfc-65171a366bda,L,A
134,3,2026-01-25T19:18:17+00:00,2026-01-25T19:18:35+00:00,second,5-7-1,fc05556e-3e38-4a38-99c2-f855174a7c28,79a11da1-6aeb-4719-9b1e-9918e0163cec,79a11da1-6aeb-4719-9b1e-9918e0163cec,1,1,79a11da1-6aeb-4719-9b1e-9918e0163cec,fec65f7e-f2c8-482f-ab5b-541cf53b1064,fc05556e-3e38-4a38-99c2-f855174a7c28,db5eef5c-99dd-49d9-bbfc-65171a366bda,R,B
135,3,2026-01-25T19:18:43+00:00,2026-01-25T19:19:00+00:00,point,5-7-2,db5eef5c-99dd-49d9-bbfc-65171a366bda,fec65f7e-f2c8-482f-ab5b-541cf53b1064,fec65f7e-f2c8-482f-ab5b-541cf53b1064,1,1,79a11da1-6aeb-4719-9b1e-9918e0163cec,fec65f7e-f2c8-482f-ab5b-541cf53b1064,fc05556e-3e38-4a38-99c2-f855174a7c28,db5eef5c-99dd-49d9-bbfc-65171a366bda,L,B
136,3,2026-01-25T19:19:08+00:00,2026-01-25T19:19:24+00:00,sideout,6-7-2,db5eef5c-99dd-49d9-bbfc-65171a366bda,79a11da1-6aeb-4719-9b1e-9918e0163cec,79a11da1-6aeb-4719-9b1e-9918e0163cec,1,1,79a11da1-6aeb-4719-9b1e-9918e0163cec,fec65f7e-f2c8-482f-ab5b-541cf53b1064,db5eef5c-99dd-49d9-bbfc-65171a366bda,fc05556e-3e38-4a38-99c2-f855174a7c28,R,B
137,3,2026-01-25T19:19:26+00:00,2026-01-25T19:19:47+00:00,point,7-6-1,79a11da1-6aeb-4719-9b1e-9918e0163cec,db5eef5c-99dd-49d9-bbfc-65171a366bda,db5eef5c-99dd-49d9-bbfc-65171a366bda,1,1,79a11da1-6aeb-4719-9b1e-9918e0163cec,fec65f7e-f2c8-482f-ab5b-541cf53b1064,db5eef5c-99dd-49d9-bbfc-65171a366bda,fc05556e-3e38-4a38-99c2-f855174a7c28,R,A
138,3,2026-01-25T19:19:51+00:00,2026-01-25T19:20:15+00:00,point,8-6-1,79a11da1-6aeb-4719-9b1e-9918e0163cec,fc05556e-3e38-4a38-99c2-f855174a7c28,fc05556e-3e38-4a38-99c2-f855174a7c28,1,1,fec65f7e-f2c8-482f-ab5b-541cf53b1064,79a11da1-6aeb-4719-9b1e-9918e0163cec,db5eef5c-99dd-49d9-bbfc-65171a366bda,fc05556e-3e38-4a38-99c2-f855174a7c28,L,A
139,3,2026-01-25T19:21:05+00:00,2026-01-25T19:21:32+00:00,second,9-6-1,79a11da1-6aeb-4719-9b1e-9918e0163cec,db5eef5c-99dd-49d9-bbfc-65171a366bda,db5eef5c-99dd-49d9-bbfc-65171a366bda,1,1,79a11da1-6aeb-4719-9b1e-9918e0163cec,fec65f7e-f2c8-482f-ab5b-541cf53b1064,db5eef5c-99dd-49d9-bbfc-65171a366bda,fc05556e-3e38-4a38-99c2-f855174a7c28,R,A
140,3,2026-01-25T19:21:33+00:00,2026-01-25T19:21:48+00:00,point,9-6-2,fec65f7e-f2c8-482f-ab5b-541cf53b1064,fc05556e-3e38-4a38-99c2-f855174a7c28,fc05556e-3e38-4a38-99c2-f855174a7c28,1,1,79a11da1-6aeb-4719-9b1e-9918e0163cec,fec65f7e-f2c8-482f-ab5b-541cf53b1064,db5eef5c-99dd-49d9-bbfc-65171a366bda,fc05556e-3e38-4a38-99c2-f855174a7c28,L,A
141,3,2026-01-25T19:21:56+00:00,2026-01-25T19:22:13+00:00,point,10-6-2,fec65f7e-f2c8-482f-ab5b-541cf53b1064,db5eef5c-99dd-49d9-bbfc-65171a366bda,db5eef5c-99dd-49d9-bbfc-65171a366bda,1,1,fec65f7e-f2c8-482f-ab5b-541cf53b1064,79a11da1-6aeb-4719-9b1e-9918e0163cec,db5eef5c-99dd-49d9-bbfc-65171a366bda,fc05556e-3e38-4a38-99c2-f855174a7c28,R,A
