rally_cum,game,division,match_id,rally_in_game,t0s,t1s,dur_s,approx,start_score,outcome,server_uuid,receiver_uuid,teamA_uuids,teamB_uuids,teamA_names,teamB_names,core
1,1,womens,0ca7efd7-9a76-4dd4-bd69-c1fddeb3050e,1,-55.0,-12.0,43.0,1,0-0-2,sideout,ab6386c6-c7e3-422f-9134-e20e92725ee5,efe9989b-5864-48c2-806c-06697024e1da,ab6386c6-c7e3-422f-9134-e20e92725ee5|29e8121d-6f86-4192-b7af-ab05b77b89fe,efe9989b-5864-48c2-806c-06697024e1da|676b1cbc-766c-4616-bf39-1787ffd8c72a,Emma Nelson|Ting Chieh Wei,Allyce Jones|Etta Tuionetoa,0
2,1,womens,0ca7efd7-9a76-4dd4-bd69-c1fddeb3050e,2,-12.0,6.0,18.0,1,0-0-1,second,efe9989b-5864-48c2-806c-06697024e1da,ab6386c6-c7e3-422f-9134-e20e92725ee5,ab6386c6-c7e3-422f-9134-e20e92725ee5|29e8121d-6f86-4192-b7af-ab05b77b89fe,efe9989b-5864-48c2-806c-06697024e1da|676b1cbc-766c-4616-bf39-1787ffd8c72a,Emma Nelson|Ting Chieh Wei,Allyce Jones|Etta Tuionetoa,1
3,1,womens,0ca7efd7-9a76-4dd4-bd69-c1fddeb3050e,3,6.0,33.0,27.0,1,0-0-2,point,676b1cbc-766c-4616-bf39-1787ffd8c72a,29e8121d-6f86-4192-b7af-ab05b77b89fe,ab6386c6-c7e3-422f-9134-e20e92725ee5|29e8121d-6f86-4192-b7af-ab05b77b89fe,efe9989b-5864-48c2-806c-06697024e1da|676b1cbc-766c-4616-bf39-1787ffd8c72a,Emma Nelson|Ting Chieh Wei,Allyce Jones|Etta Tuionetoa,0
4,1,womens,0ca7efd7-9a76-4dd4-bd69-c1fddeb3050e,4,34.0,59.0,25.0,1,1-0-2,point,676b1cbc-766c-4616-bf39-1787ffd8c72a,ab6386c6-c7e3-422f-9134-e20e92725ee5,ab6386c6-c7e3-422f-9134-e20e92725ee5|29e8121d-6f86-4192-b7af-ab05b77b89fe,efe9989b-5864-48c2-806c-06697024e1da|676b1cbc-766c-4616-bf39-1787ffd8c72a,Emma Nelson|Ting Chieh Wei,Allyce Jones|Etta Tuionetoa,0
5,1,womens,0ca7efd7-9a76-4dd4-bd69-c1fddeb3050e,5,60.0,88.0,28.0,1,2-0-2,point,676b1cbc-766c-4616-bf39-1787ffd8c72a,29e8121d-6f86-4192-b7af-ab05b77b89fe,ab6386c6-c7e3-422f-9134-e20e92725ee5|29e8121d-6f86-4192-b7af-ab05b77b89fe,efe9989b-5864-48c2-806c-06697024e1da|676b1cbc-766c-4616-bf39-1787ffd8c72a,Emma Nelson|Ting Chieh Wei,Allyce Jones|Etta Tuionetoa,0
6,1,womens,0ca7efd7-9a76-4dd4-bd69-c1fddeb3050e,6,94.0,113.0,19.0,0,3-0-2,sideout,676b1cbc-766c-4616-bf39-1787ffd8c72a,ab6386c6-c7e3-422f-9134-e20e92725ee5,ab6386c6-c7e3-422f-9134-e20e92725ee5|29e8121d-6f86-4192-b7af-ab05b77b89fe,efe9989b-5864-48c2-806c-06697024e1da|676b1cbc-766c-4616-bf39-1787ffd8c72a,Emma Nelson|Ting Chieh Wei,Allyce Jones|Etta Tuionetoa,0
7,1,womens,0ca7efd7-9a76-4dd4-bd69-c1fddeb3050e,7,120.0,141.0,21.0,1,0-3-1,point,ab6386c6-c7e3-422f-9134-e20e92725ee5,676b1cbc-766c-4616-bf39-1787ffd8c72a,ab6386c6-c7e3-422f-9134-e20e92725ee5|29e8121d-6f86-4192-b7af-ab05b77b89fe,efe9989b-5864-48c2-806c-06697024e1da|676b1cbc-766c-4616-bf39-1787ffd8c72a,Emma Nelson|Ting Chieh Wei,Allyce Jones|Etta Tuionetoa,0
8,1,womens,0ca7efd7-9a76-4dd4-bd69-c1fddeb3050e,8,140.8,160.8,20.0,1,1-3-1,point,ab6386c6-c7e3-422f-9134-e20e92725ee5,efe9989b-5864-48c2-806c-06697024e1da,ab6386c6-c7e3-422f-9134-e20e92725ee5|29e8121d-6f86-4192-b7af-ab05b77b89fe,efe9989b-5864-48c2-806c-06697024e1da|676b1cbc-766c-4616-bf39-1787ffd8c72a,Emma Nelson|Ting Chieh Wei,Allyce Jones|Etta Tuionetoa,1
9,1,womens,0ca7efd7-9a76-4dd4-bd69-c1fddeb3050e,9,160.0,177.0,17.0,1,2-3-1,second,ab6386c6-c7e3-422f-9134-e20e92725ee5,676b1cbc-766c-4616-bf39-1787ffd8c72a,ab6386c6-c7e3-422f-9134-e20e92725ee5|29e8121d-6f86-4192-b7af-ab05b77b89fe,efe9989b-5864-48c2-806c-06697024e1da|676b1cbc-766c-4616-bf39-1787ffd8c72a,Emma Nelson|Ting Chieh Wei,Allyce Jones|Etta Tuionetoa,0
10,1,womens,0ca7efd7-9a76-4dd4-bd69-c1fddeb3050e,10,175.0,199.0,24.0,1,2-3-2,sideout,29e8121d-6f86-4192-b7af-ab05b77b89fe,efe9989b-5864-48c2-806c-06697024e1da,ab6386c6-c7e3-422f-9134-e20e92725ee5|29e8121d-6f86-4192-b7af-ab05b77b89fe,efe9989b-5864-48c2-806c-06697024e1da|676b1cbc-766c-4616-bf39-1787ffd8c72a,Emma Nelson|Ting Chieh Wei,Allyce Jones|Etta Tuionetoa,0
11,1,womens,0ca7efd7-9a76-4dd4-bd69-c1fddeb3050e,11,197.0,241.0,44.0,1,3-2-1,second,676b1cbc-766c-4616-bf39-1787ffd8c72a,ab6386c6-c7e3-422f-9134-e20e92725ee5,ab6386c6-c7e3-422f-9134-e20e92725ee5|29e8121d-6f86-4192-b7af-ab05b77b89fe,efe9989b-5864-48c2-806c-06697024e1da|676b1cbc-766c-4616-bf39-1787ffd8c72a,Emma Nelson|Ting Chieh Wei,Allyce Jones|Etta Tuionetoa,1
12,1,womens,0ca7efd7-9a76-4dd4-bd69-c1fddeb3050e,12,249.0,285.0,36.0,0,3-2-2,point,efe9989b-5864-48c2-806c-06697024e1da,29e8121d-6f86-4192-b7af-ab05b77b89fe,ab6386c6-c7e3-422f-9134-e20e92725ee5|29e8121d-6f86-4192-b7af-ab05b77b89fe,efe9989b-5864-48c2-806c-06697024e1da|676b1cbc-766c-4616-bf39-1787ffd8c72a,Emma Nelson|Ting Chieh Wei,Allyce Jones|Etta Tuionetoa,0
13,1,womens,0ca7efd7-9a76-4dd4-bd69-c1fddeb3050e,13,293.0,307.0,14.0,1,4-2-2,point,efe9989b-5864-48c2-806c-06697024e1da,ab6386c6-c7e3-422f-9134-e20e92725ee5,ab6386c6-c7e3-422f-9134-e20e92725ee5|29e8121d-6f86-4192-b7af-ab05b77b89fe,efe9989b-5864-48c2-806c-06697024e1da|676b1cbc-766c-4616-bf39-1787ffd8c72a,Emma Nelson|Ting Chieh Wei,Allyce Jones|Etta Tuionetoa,0
14,1,womens,0ca7efd7-9a76-4dd4-bd69-c1fddeb3050e,14,313.0,338.0,25.0,1,5-2-2,sideout,efe9989b-5864-48c2-806c-06697024e1da,29e8121d-6f86-4192-b7af-ab05b77b89fe,ab6386c6-c7e3-422f-9134-e20e92725ee5|29e8121d-6f86-4192-b7af-ab05b77b89fe,efe9989b-5864-48c2-806c-06697024e1da|676b1cbc-766c-4616-bf39-1787ffd8c72a,Emma Nelson|Ting Chieh Wei,Allyce Jones|Etta Tuionetoa,0
15,1,womens,0ca7efd7-9a76-4dd4-bd69-c1fddeb3050e,15,357.0,375.0,18.0,1,2-5-1,point,ab6386c6-c7e3-422f-9134-e20e92725ee5,676b1cbc-766c-4616-bf39-1787ffd8c72a,ab6386c6-c7e3-422f-9134-e20e92725ee5|29e8121d-6f86-4192-b7af-ab05b77b89fe,efe9989b-5864-48c2-806c-06697024e1da|676b1cbc-766c-4616-bf39-1787ffd8c72a,Emma Nelson|Ting Chieh Wei,Allyce Jones|Etta Tuionetoa,0
16,1,womens,0ca7efd7-9a76-4dd4-bd69-c1fddeb3050e,16,373.0,395.0,22.0,1,3-5-1,point,ab6386c6-c7e3-422f-9134-e20e92725ee5,efe9989b-5864-48c2-806c-06697024e1da,ab6386c6-c7e3-422f-9134-e20e92725ee5|29e8121d-6f86-4192-b7af-ab05b77b89fe,efe9989b-5864-48c2-806c-06697024e1da|676b1cbc-766c-4616-bf39-1787ffd8c72a,Emma Nelson|Ting Chieh Wei,Allyce Jones|Etta Tuionetoa,0
17,1,womens,0ca7efd7-9a76-4dd4-bd69-c1fddeb3050e,17,395.0,418.0,23.0,0,4-5-1,second,ab6386c6-c7e3-422f-9134-e20e92725ee5,676b1cbc-766c-4616-bf39-1787ffd8c72a,ab6386c6-c7e3-422f-9134-e20e92725ee5|29e8121d-6f86-4192-b7af-ab05b77b89fe,efe9989b-5864-48c2-806c-06697024e1da|676b1cbc-766c-4616-bf39-1787ffd8c72a,Emma Nelson|Ting Chieh Wei,Allyce Jones|Etta Tuionetoa,0
18,1,womens,0ca7efd7-9a76-4dd4-bd69-c1fddeb3050e,18,408.0,426.0,18.0,1,4-5-2,sideout,29e8121d-6f86-4192-b7af-ab05b77b89fe,efe9989b-5864-48c2-806c-06697024e1da,ab6386c6-c7e3-422f-9134-e20e92725ee5|29e8121d-6f86-4192-b7af-ab05b77b89fe,efe9989b-5864-48c2-806c-06697024e1da|676b1cbc-766c-4616-bf39-1787ffd8c72a,Emma Nelson|Ting Chieh Wei,Allyce Jones|Etta Tuionetoa,1
19,1,womens,0ca7efd7-9a76-4dd4-bd69-c1fddeb3050e,19,414.8,434.8,20.0,1,5-4-1,point,676b1cbc-766c-4616-bf39-1787ffd8c72a,ab6386c6-c7e3-422f-9134-e20e92725ee5,ab6386c6-c7e3-422f-9134-e20e92725ee5|29e8121d-6f86-4192-b7af-ab05b77b89fe,efe9989b-5864-48c2-806c-06697024e1da|676b1cbc-766c-4616-bf39-1787ffd8c72a,Emma Nelson|Ting Chieh Wei,Allyce Jones|Etta Tuionetoa,0
20,1,womens,0ca7efd7-9a76-4dd4-bd69-c1fddeb3050e,20,464.0,508.0,44.0,0,6-4-1,point,676b1cbc-766c-4616-bf39-1787ffd8c72a,29e8121d-6f86-4192-b7af-ab05b77b89fe,ab6386c6-c7e3-422f-9134-e20e92725ee5|29e8121d-6f86-4192-b7af-ab05b77b89fe,efe9989b-5864-48c2-806c-06697024e1da|676b1cbc-766c-4616-bf39-1787ffd8c72a,Emma Nelson|Ting Chieh Wei,Allyce Jones|Etta Tuionetoa,0
21,1,womens,0ca7efd7-9a76-4dd4-bd69-c1fddeb3050e,21,513.0,526.0,13.0,1,7-4-1,point,676b1cbc-766c-4616-bf39-1787ffd8c72a,ab6386c6-c7e3-422f-9134-e20e92725ee5,ab6386c6-c7e3-422f-9134-e20e92725ee5|29e8121d-6f86-4192-b7af-ab05b77b89fe,efe9989b-5864-48c2-806c-06697024e1da|676b1cbc-766c-4616-bf39-1787ffd8c72a,Emma Nelson|Ting Chieh Wei,Allyce Jones|Etta Tuionetoa,0
22,1,womens,0ca7efd7-9a76-4dd4-bd69-c1fddeb3050e,22,556.2,582.2,26.0,1,8-4-1,second,676b1cbc-766c-4616-bf39-1787ffd8c72a,29e8121d-6f86-4192-b7af-ab05b77b89fe,ab6386c6-c7e3-422f-9134-e20e92725ee5|29e8121d-6f86-4192-b7af-ab05b77b89fe,efe9989b-5864-48c2-806c-06697024e1da|676b1cbc-766c-4616-bf39-1787ffd8c72a,Emma Nelson|Ting Chieh Wei,Allyce Jones|Etta Tuionetoa,0
23,1,womens,0ca7efd7-9a76-4dd4-bd69-c1fddeb3050e,23,578.3,598.3,20.0,1,8-4-2,sideout,efe9989b-5864-48c2-806c-06697024e1da,ab6386c6-c7e3-422f-9134-e20e92725ee5,ab6386c6-c7e3-422f-9134-e20e92725ee5|29e8121d-6f86-4192-b7af-ab05b77b89fe,efe9989b-5864-48c2-806c-06697024e1da|676b1cbc-766c-4616-bf39-1787ffd8c72a,Emma Nelson|Ting Chieh Wei,Allyce Jones|Etta Tuionetoa,0
24,1,womens,0ca7efd7-9a76-4dd4-bd69-c1fddeb3050e,24,591.5,612.5,21.0,1,4-8-1,second,ab6386c6-c7e3-422f-9134-e20e92725ee5,efe9989b-5864-48c2-806c-06697024e1da,ab6386c6-c7e3-422f-9134-e20e92725ee5|29e8121d-6f86-4192-b7af-ab05b77b89fe,efe9989b-5864-48c2-806c-06697024e1da|676b1cbc-766c-4616-bf39-1787ffd8c72a,Emma Nelson|Ting Chieh Wei,Allyce Jones|Etta Tuionetoa,0
25,1,womens,0ca7efd7-9a76-4dd4-bd69-c1fddeb3050e,25,593.0,648.0,55.0,0,4-8-2,point,29e8121d-6f86-4192-b7af-ab05b77b89fe,676b1cbc-766c-4616-bf39-1787ffd8c72a,ab6386c6-c7e3-422f-9134-e20e92725ee5|29e8121d-6f86-4192-b7af-ab05b77b89fe,efe9989b-5864-48c2-806c-06697024e1da|676b1cbc-766c-4616-bf39-1787ffd8c72a,Emma Nelson|Ting Chieh Wei,Allyce Jones|Etta Tuionetoa,1
26,1,womens,0ca7efd7-9a76-4dd4-bd69-c1fddeb3050e,26,654.0,673.0,19.0,1,5-8-2,sideout,29e8121d-6f86-4192-b7af-ab05b77b89fe,efe9989b-5864-48c2-806c-06697024e1da,ab6386c6-c7e3-422f-9134-e20e92725ee5|29e8121d-6f86-4192-b7af-ab05b77b89fe,efe9989b-5864-48c2-806c-06697024e1da|676b1cbc-766c-4616-bf39-1787ffd8c72a,Emma Nelson|Ting Chieh Wei,Allyce Jones|Etta Tuionetoa,0
27,1,womens,0ca7efd7-9a76-4dd4-bd69-c1fddeb3050e,27,674.0,694.0,20.0,1,8-5-1,second,efe9989b-5864-48c2-806c-06697024e1da,29e8121d-6f86-4192-b7af-ab05b77b89fe,ab6386c6-c7e3-422f-9134-e20e92725ee5|29e8121d-6f86-4192-b7af-ab05b77b89fe,efe9989b-5864-48c2-806c-06697024e1da|676b1cbc-766c-4616-bf39-1787ffd8c72a,Emma Nelson|Ting Chieh Wei,Allyce Jones|Etta Tuionetoa,0
28,1,womens,0ca7efd7-9a76-4dd4-bd69-c1fddeb3050e,28,693.0,713.0,20.0,0,8-5-2,point,676b1cbc-766c-4616-bf39-1787ffd8c72a,ab6386c6-c7e3-422f-9134-e20e92725ee5,ab6386c6-c7e3-422f-9134-e20e92725ee5|29e8121d-6f86-4192-b7af-ab05b77b89fe,efe9989b-5864-48c2-806c-06697024e1da|676b1cbc-766c-4616-bf39-1787ffd8c72a,Emma Nelson|Ting Chieh Wei,Allyce Jones|Etta Tuionetoa,0
29,1,womens,0ca7efd7-9a76-4dd4-bd69-c1fddeb3050e,29,721.0,747.0,26.0,1,9-5-2,sideout,676b1cbc-766c-4616-bf39-1787ffd8c72a,29e8121d-6f86-4192-b7af-ab05b77b89fe,ab6386c6-c7e3-422f-9134-e20e92725ee5|29e8121d-6f86-4192-b7af-ab05b77b89fe,efe9989b-5864-48c2-806c-06697024e1da|676b1cbc-766c-4616-bf39-1787ffd8c72a,Emma Nelson|Ting Chieh Wei,Allyce Jones|Etta Tuionetoa,0
30,1,womens,0ca7efd7-9a76-4dd4-bd69-c1fddeb3050e,30,752.0,776.0,24.0,0,5-9-1,point,29e8121d-6f86-4192-b7af-ab05b77b89fe,676b1cbc-766c-4616-bf39-1787ffd8c72a,ab6386c6-c7e3-422f-9134-e20e92725ee5|29e8121d-6f86-4192-b7af-ab05b77b89fe,efe9989b-5864-48c2-806c-06697024e1da|676b1cbc-766c-4616-bf39-1787ffd8c72a,Emma Nelson|Ting Chieh Wei,Allyce Jones|Etta Tuionetoa,0
31,1,womens,0ca7efd7-9a76-4dd4-bd69-c1fddeb3050e,31,774.6,807.6,33.0,1,6-9-1,second,29e8121d-6f86-4192-b7af-ab05b77b89fe,efe9989b-5864-48c2-806c-06697024e1da,ab6386c6-c7e3-422f-9134-e20e92725ee5|29e8121d-6f86-4192-b7af-ab05b77b89fe,efe9989b-5864-48c2-806c-06697024e1da|676b1cbc-766c-4616-bf39-1787ffd8c72a,Emma Nelson|Ting Chieh Wei,Allyce Jones|Etta Tuionetoa,0
32,1,womens,0ca7efd7-9a76-4dd4-bd69-c1fddeb3050e,32,807.0,829.0,22.0,0,6-9-2,sideout,ab6386c6-c7e3-422f-9134-e20e92725ee5,676b1cbc-766c-4616-bf39-1787ffd8c72a,ab6386c6-c7e3-422f-9134-e20e92725ee5|29e8121d-6f86-4192-b7af-ab05b77b89fe,efe9989b-5864-48c2-806c-06697024e1da|676b1cbc-766c-4616-bf39-1787ffd8c72a,Emma Nelson|Ting Chieh Wei,Allyce Jones|Etta Tuionetoa,0
33,1,womens,0ca7efd7-9a76-4dd4-bd69-c1fddeb3050e,33,837.0,861.0,24.0,1,9-6-1,point,676b1cbc-766c-4616-bf39-1787ffd8c72a,ab6386c6-c7e3-422f-9134-e20e92725ee5,ab6386c6-c7e3-422f-9134-e20e92725ee5|29e8121d-6f86-4192-b7af-ab05b77b89fe,efe9989b-5864-48c2-806c-06697024e1da|676b1cbc-766c-4616-bf39-1787ffd8c72a,Emma Nelson|Ting Chieh Wei,Allyce Jones|Etta Tuionetoa,0
34,1,womens,0ca7efd7-9a76-4dd4-bd69-c1fddeb3050e,34,865.0,880.0,15.0,0,10-6-1,point,676b1cbc-766c-4616-bf39-1787ffd8c72a,29e8121d-6f86-4192-b7af-ab05b77b89fe,ab6386c6-c7e3-422f-9134-e20e92725ee5|29e8121d-6f86-4192-b7af-ab05b77b89fe,efe9989b-5864-48c2-806c-06697024e1da|676b1cbc-766c-4616-bf39-1787ffd8c72a,Emma Nelson|Ting Chieh Wei,Allyce Jones|Etta Tuionetoa,0
36,2,mens,1c9ca388-a922-4bed-aa3b-205561187979,2,906.0,956.0,50.0,1,1-0-2,point,50c2125b-406c-41e7-aad6-5432c7cd8e1c,4af4d4d1-9f87-4dc7-95f2-b10751d44c15,50c2125b-406c-41e7-aad6-5432c7cd8e1c|e96d9339-cfb6-473d-bcb3-23f2887a3e0f,4af4d4d1-9f87-4dc7-95f2-b10751d44c15|88fb0858-b9c3-4620-9408-0dda0eb241ef,AJ Koller|John Lucian Goins,Tama Shimabukuro|Tyler Loong,1
37,2,mens,1c9ca388-a922-4bed-aa3b-205561187979,3,955.0,971.0,16.0,1,2-0-2,sideout,50c2125b-406c-41e7-aad6-5432c7cd8e1c,88fb0858-b9c3-4620-9408-0dda0eb241ef,50c2125b-406c-41e7-aad6-5432c7cd8e1c|e96d9339-cfb6-473d-bcb3-23f2887a3e0f,4af4d4d1-9f87-4dc7-95f2-b10751d44c15|88fb0858-b9c3-4620-9408-0dda0eb241ef,AJ Koller|John Lucian Goins,Tama Shimabukuro|Tyler Loong,0
38,2,mens,1c9ca388-a922-4bed-aa3b-205561187979,4,971.0,989.0,18.0,0,0-2-1,point,88fb0858-b9c3-4620-9408-0dda0eb241ef,50c2125b-406c-41e7-aad6-5432c7cd8e1c,50c2125b-406c-41e7-aad6-5432c7cd8e1c|e96d9339-cfb6-473d-bcb3-23f2887a3e0f,4af4d4d1-9f87-4dc7-95f2-b10751d44c15|88fb0858-b9c3-4620-9408-0dda0eb241ef,AJ Koller|John Lucian Goins,Tama Shimabukuro|Tyler Loong,0
39,2,mens,1c9ca388-a922-4bed-aa3b-205561187979,5,995.0,1013.0,18.0,0,1-2-1,second,88fb0858-b9c3-4620-9408-0dda0eb241ef,e96d9339-cfb6-473d-bcb3-23f2887a3e0f,50c2125b-406c-41e7-aad6-5432c7cd8e1c|e96d9339-cfb6-473d-bcb3-23f2887a3e0f,4af4d4d1-9f87-4dc7-95f2-b10751d44c15|88fb0858-b9c3-4620-9408-0dda0eb241ef,AJ Koller|John Lucian Goins,Tama Shimabukuro|Tyler Loong,0
40,2,mens,1c9ca388-a922-4bed-aa3b-205561187979,6,1016.0,1041.0,25.0,1,1-2-2,sideout,4af4d4d1-9f87-4dc7-95f2-b10751d44c15,50c2125b-406c-41e7-aad6-5432c7cd8e1c,50c2125b-406c-41e7-aad6-5432c7cd8e1c|e96d9339-cfb6-473d-bcb3-23f2887a3e0f,4af4d4d1-9f87-4dc7-95f2-b10751d44c15|88fb0858-b9c3-4620-9408-0dda0eb241ef,AJ Koller|John Lucian Goins,Tama Shimabukuro|Tyler Loong,1
41,2,mens,1c9ca388-a922-4bed-aa3b-205561187979,7,1044.0,1097.0,53.0,1,2-1-1,second,50c2125b-406c-41e7-aad6-5432c7cd8e1c,4af4d4d1-9f87-4dc7-95f2-b10751d44c15,50c2125b-406c-41e7-aad6-5432c7cd8e1c|e96d9339-cfb6-473d-bcb3-23f2887a3e0f,4af4d4d1-9f87-4dc7-95f2-b10751d44c15|88fb0858-b9c3-4620-9408-0dda0eb241ef,AJ Koller|John Lucian Goins,Tama Shimabukuro|Tyler Loong,1
42,2,mens,1c9ca388-a922-4bed-aa3b-205561187979,8,1100.0,1121.0,21.0,1,2-1-2,sideout,e96d9339-cfb6-473d-bcb3-23f2887a3e0f,88fb0858-b9c3-4620-9408-0dda0eb241ef,50c2125b-406c-41e7-aad6-5432c7cd8e1c|e96d9339-cfb6-473d-bcb3-23f2887a3e0f,4af4d4d1-9f87-4dc7-95f2-b10751d44c15|88fb0858-b9c3-4620-9408-0dda0eb241ef,AJ Koller|John Lucian Goins,Tama Shimabukuro|Tyler Loong,0
43,2,mens,1c9ca388-a922-4bed-aa3b-205561187979,9,1124.0,1134.0,10.0,0,1-2-1,point,4af4d4d1-9f87-4dc7-95f2-b10751d44c15,50c2125b-406c-41e7-aad6-5432c7cd8e1c,50c2125b-406c-41e7-aad6-5432c7cd8e1c|e96d9339-cfb6-473d-bcb3-23f2887a3e0f,4af4d4d1-9f87-4dc7-95f2-b10751d44c15|88fb0858-b9c3-4620-9408-0dda0eb241ef,AJ Koller|John Lucian Goins,Tama Shimabukuro|Tyler Loong,1
44,2,mens,1c9ca388-a922-4bed-aa3b-205561187979,10,1134.0,1154.0,20.0,0,2-2-1,second,4af4d4d1-9f87-4dc7-95f2-b10751d44c15,e96d9339-cfb6-473d-bcb3-23f2887a3e0f,50c2125b-406c-41e7-aad6-5432c7cd8e1c|e96d9339-cfb6-473d-bcb3-23f2887a3e0f,4af4d4d1-9f87-4dc7-95f2-b10751d44c15|88fb0858-b9c3-4620-9408-0dda0eb241ef,AJ Koller|John Lucian Goins,Tama Shimabukuro|Tyler Loong,0
45,2,mens,1c9ca388-a922-4bed-aa3b-205561187979,11,1154.0,1174.0,20.0,0,2-2-2,sideout,88fb0858-b9c3-4620-9408-0dda0eb241ef,50c2125b-406c-41e7-aad6-5432c7cd8e1c,50c2125b-406c-41e7-aad6-5432c7cd8e1c|e96d9339-cfb6-473d-bcb3-23f2887a3e0f,4af4d4d1-9f87-4dc7-95f2-b10751d44c15|88fb0858-b9c3-4620-9408-0dda0eb241ef,AJ Koller|John Lucian Goins,Tama Shimabukuro|Tyler Loong,0
46,2,mens,1c9ca388-a922-4bed-aa3b-205561187979,12,1174.0,1210.0,36.0,1,2-2-1,second,50c2125b-406c-41e7-aad6-5432c7cd8e1c,88fb0858-b9c3-4620-9408-0dda0eb241ef,50c2125b-406c-41e7-aad6-5432c7cd8e1c|e96d9339-cfb6-473d-bcb3-23f2887a3e0f,4af4d4d1-9f87-4dc7-95f2-b10751d44c15|88fb0858-b9c3-4620-9408-0dda0eb241ef,AJ Koller|John Lucian Goins,Tama Shimabukuro|Tyler Loong,1
47,2,mens,1c9ca388-a922-4bed-aa3b-205561187979,13,1210.0,1224.0,14.0,0,2-2-2,point,e96d9339-cfb6-473d-bcb3-23f2887a3e0f,4af4d4d1-9f87-4dc7-95f2-b10751d44c15,50c2125b-406c-41e7-aad6-5432c7cd8e1c|e96d9339-cfb6-473d-bcb3-23f2887a3e0f,4af4d4d1-9f87-4dc7-95f2-b10751d44c15|88fb0858-b9c3-4620-9408-0dda0eb241ef,AJ Koller|John Lucian Goins,Tama Shimabukuro|Tyler Loong,0
48,2,mens,1c9ca388-a922-4bed-aa3b-205561187979,14,1226.0,1249.0,23.0,0,3-2-2,point,e96d9339-cfb6-473d-bcb3-23f2887a3e0f,88fb0858-b9c3-4620-9408-0dda0eb241ef,50c2125b-406c-41e7-aad6-5432c7cd8e1c|e96d9339-cfb6-473d-bcb3-23f2887a3e0f,4af4d4d1-9f87-4dc7-95f2-b10751d44c15|88fb0858-b9c3-4620-9408-0dda0eb241ef,AJ Koller|John Lucian Goins,Tama Shimabukuro|Tyler Loong,0
49,2,mens,1c9ca388-a922-4bed-aa3b-205561187979,15,1254.0,1282.0,28.0,0,4-2-2,point,e96d9339-cfb6-473d-bcb3-23f2887a3e0f,4af4d4d1-9f87-4dc7-95f2-b10751d44c15,50c2125b-406c-41e7-aad6-5432c7cd8e1c|e96d9339-cfb6-473d-bcb3-23f2887a3e0f,4af4d4d1-9f87-4dc7-95f2-b10751d44c15|88fb0858-b9c3-4620-9408-0dda0eb241ef,AJ Koller|John Lucian Goins,Tama Shimabukuro|Tyler Loong,0
50,2,mens,1c9ca388-a922-4bed-aa3b-205561187979,16,1272.1,1289.1,17.0,1,5-2-2,point,e96d9339-cfb6-473d-bcb3-23f2887a3e0f,88fb0858-b9c3-4620-9408-0dda0eb241ef,50c2125b-406c-41e7-aad6-5432c7cd8e1c|e96d9339-cfb6-473d-bcb3-23f2887a3e0f,4af4d4d1-9f87-4dc7-95f2-b10751d44c15|88fb0858-b9c3-4620-9408-0dda0eb241ef,AJ Koller|John Lucian Goins,Tama Shimabukuro|Tyler Loong,0
51,2,mens,1c9ca388-a922-4bed-aa3b-205561187979,17,1306.9,1336.9,30.0,1,6-2-2,sideout,e96d9339-cfb6-473d-bcb3-23f2887a3e0f,4af4d4d1-9f87-4dc7-95f2-b10751d44c15,50c2125b-406c-41e7-aad6-5432c7cd8e1c|e96d9339-cfb6-473d-bcb3-23f2887a3e0f,4af4d4d1-9f87-4dc7-95f2-b10751d44c15|88fb0858-b9c3-4620-9408-0dda0eb241ef,AJ Koller|John Lucian Goins,Tama Shimabukuro|Tyler Loong,0
52,2,mens,1c9ca388-a922-4bed-aa3b-205561187979,18,1328.0,1344.0,16.0,0,2-6-1,second,88fb0858-b9c3-4620-9408-0dda0eb241ef,50c2125b-406c-41e7-aad6-5432c7cd8e1c,50c2125b-406c-41e7-aad6-5432c7cd8e1c|e96d9339-cfb6-473d-bcb3-23f2887a3e0f,4af4d4d1-9f87-4dc7-95f2-b10751d44c15|88fb0858-b9c3-4620-9408-0dda0eb241ef,AJ Koller|John Lucian Goins,Tama Shimabukuro|Tyler Loong,0
53,2,mens,1c9ca388-a922-4bed-aa3b-205561187979,19,1344.0,1359.0,15.0,0,2-6-2,sideout,4af4d4d1-9f87-4dc7-95f2-b10751d44c15,e96d9339-cfb6-473d-bcb3-23f2887a3e0f,50c2125b-406c-41e7-aad6-5432c7cd8e1c|e96d9339-cfb6-473d-bcb3-23f2887a3e0f,4af4d4d1-9f87-4dc7-95f2-b10751d44c15|88fb0858-b9c3-4620-9408-0dda0eb241ef,AJ Koller|John Lucian Goins,Tama Shimabukuro|Tyler Loong,0
54,2,mens,1c9ca388-a922-4bed-aa3b-205561187979,20,1362.0,1383.0,21.0,0,6-2-1,point,50c2125b-406c-41e7-aad6-5432c7cd8e1c,88fb0858-b9c3-4620-9408-0dda0eb241ef,50c2125b-406c-41e7-aad6-5432c7cd8e1c|e96d9339-cfb6-473d-bcb3-23f2887a3e0f,4af4d4d1-9f87-4dc7-95f2-b10751d44c15|88fb0858-b9c3-4620-9408-0dda0eb241ef,AJ Koller|John Lucian Goins,Tama Shimabukuro|Tyler Loong,0
55,2,mens,1c9ca388-a922-4bed-aa3b-205561187979,21,1379.9,1407.9,28.0,1,6-2-1,second,50c2125b-406c-41e7-aad6-5432c7cd8e1c,4af4d4d1-9f87-4dc7-95f2-b10751d44c15,50c2125b-406c-41e7-aad6-5432c7cd8e1c|e96d9339-cfb6-473d-bcb3-23f2887a3e0f,4af4d4d1-9f87-4dc7-95f2-b10751d44c15|88fb0858-b9c3-4620-9408-0dda0eb241ef,AJ Koller|John Lucian Goins,Tama Shimabukuro|Tyler Loong,0
56,2,mens,1c9ca388-a922-4bed-aa3b-205561187979,22,1409.0,1419.0,10.0,1,7-2-2,point,e96d9339-cfb6-473d-bcb3-23f2887a3e0f,88fb0858-b9c3-4620-9408-0dda0eb241ef,50c2125b-406c-41e7-aad6-5432c7cd8e1c|e96d9339-cfb6-473d-bcb3-23f2887a3e0f,4af4d4d1-9f87-4dc7-95f2-b10751d44c15|88fb0858-b9c3-4620-9408-0dda0eb241ef,AJ Koller|John Lucian Goins,Tama Shimabukuro|Tyler Loong,0
57,2,mens,1c9ca388-a922-4bed-aa3b-205561187979,23,1421.0,1434.0,13.0,0,8-2-2,sideout,e96d9339-cfb6-473d-bcb3-23f2887a3e0f,4af4d4d1-9f87-4dc7-95f2-b10751d44c15,50c2125b-406c-41e7-aad6-5432c7cd8e1c|e96d9339-cfb6-473d-bcb3-23f2887a3e0f,4af4d4d1-9f87-4dc7-95f2-b10751d44c15|88fb0858-b9c3-4620-9408-0dda0eb241ef,AJ Koller|John Lucian Goins,Tama Shimabukuro|Tyler Loong,0
58,2,mens,1c9ca388-a922-4bed-aa3b-205561187979,24,1435.0,1453.0,18.0,1,2-8-1,second,88fb0858-b9c3-4620-9408-0dda0eb241ef,50c2125b-406c-41e7-aad6-5432c7cd8e1c,50c2125b-406c-41e7-aad6-5432c7cd8e1c|e96d9339-cfb6-473d-bcb3-23f2887a3e0f,4af4d4d1-9f87-4dc7-95f2-b10751d44c15|88fb0858-b9c3-4620-9408-0dda0eb241ef,AJ Koller|John Lucian Goins,Tama Shimabukuro|Tyler Loong,0
59,2,mens,1c9ca388-a922-4bed-aa3b-205561187979,25,1453.0,1463.0,10.0,0,2-8-2,sideout,4af4d4d1-9f87-4dc7-95f2-b10751d44c15,e96d9339-cfb6-473d-bcb3-23f2887a3e0f,50c2125b-406c-41e7-aad6-5432c7cd8e1c|e96d9339-cfb6-473d-bcb3-23f2887a3e0f,4af4d4d1-9f87-4dc7-95f2-b10751d44c15|88fb0858-b9c3-4620-9408-0dda0eb241ef,AJ Koller|John Lucian Goins,Tama Shimabukuro|Tyler Loong,0
60,2,mens,1c9ca388-a922-4bed-aa3b-205561187979,26,1462.4,1483.4,21.0,1,8-2-1,point,50c2125b-406c-41e7-aad6-5432c7cd8e1c,88fb0858-b9c3-4620-9408-0dda0eb241ef,50c2125b-406c-41e7-aad6-5432c7cd8e1c|e96d9339-cfb6-473d-bcb3-23f2887a3e0f,4af4d4d1-9f87-4dc7-95f2-b10751d44c15|88fb0858-b9c3-4620-9408-0dda0eb241ef,AJ Koller|John Lucian Goins,Tama Shimabukuro|Tyler Loong,0
61,2,mens,1c9ca388-a922-4bed-aa3b-205561187979,27,1488.6,1506.6,18.0,1,9-2-1,second,50c2125b-406c-41e7-aad6-5432c7cd8e1c,4af4d4d1-9f87-4dc7-95f2-b10751d44c15,50c2125b-406c-41e7-aad6-5432c7cd8e1c|e96d9339-cfb6-473d-bcb3-23f2887a3e0f,4af4d4d1-9f87-4dc7-95f2-b10751d44c15|88fb0858-b9c3-4620-9408-0dda0eb241ef,AJ Koller|John Lucian Goins,Tama Shimabukuro|Tyler Loong,0
62,2,mens,1c9ca388-a922-4bed-aa3b-205561187979,28,1505.0,1527.0,22.0,0,9-2-2,sideout,e96d9339-cfb6-473d-bcb3-23f2887a3e0f,88fb0858-b9c3-4620-9408-0dda0eb241ef,50c2125b-406c-41e7-aad6-5432c7cd8e1c|e96d9339-cfb6-473d-bcb3-23f2887a3e0f,4af4d4d1-9f87-4dc7-95f2-b10751d44c15|88fb0858-b9c3-4620-9408-0dda0eb241ef,AJ Koller|John Lucian Goins,Tama Shimabukuro|Tyler Loong,0
63,2,mens,1c9ca388-a922-4bed-aa3b-205561187979,29,1526.0,1548.0,22.0,1,2-9-1,second,88fb0858-b9c3-4620-9408-0dda0eb241ef,e96d9339-cfb6-473d-bcb3-23f2887a3e0f,50c2125b-406c-41e7-aad6-5432c7cd8e1c|e96d9339-cfb6-473d-bcb3-23f2887a3e0f,4af4d4d1-9f87-4dc7-95f2-b10751d44c15|88fb0858-b9c3-4620-9408-0dda0eb241ef,AJ Koller|John Lucian Goins,Tama Shimabukuro|Tyler Loong,0
64,2,mens,1c9ca388-a922-4bed-aa3b-205561187979,30,1547.0,1565.0,18.0,0,2-9-2,point,4af4d4d1-9f87-4dc7-95f2-b10751d44c15,50c2125b-406c-41e7-aad6-5432c7cd8e1c,50c2125b-406c-41e7-aad6-5432c7cd8e1c|e96d9339-cfb6-473d-bcb3-23f2887a3e0f,4af4d4d1-9f87-4dc7-95f2-b10751d44c15|88fb0858-b9c3-4620-9408-0dda0eb241ef,AJ Koller|John Lucian Goins,Tama Shimabukuro|Tyler Loong,0
65,2,mens,1c9ca388-a922-4bed-aa3b-205561187979,31,1572.0,1583.0,11.0,1,3-9-2,sideout,4af4d4d1-9f87-4dc7-95f2-b10751d44c15,e96d9339-cfb6-473d-bcb3-23f2887a3e0f,50c2125b-406c-41e7-aad6-5432c7cd8e1c|e96d9339-cfb6-473d-bcb3-23f2887a3e0f,4af4d4d1-9f87-4dc7-95f2-b10751d44c15|88fb0858-b9c3-4620-9408-0dda0eb241ef,AJ Koller|John Lucian Goins,Tama Shimabukuro|Tyler Loong,0
66,2,mens,1c9ca388-a922-4bed-aa3b-205561187979,32,1583.0,1601.0,18.0,0,9-3-1,point,e96d9339-cfb6-473d-bcb3-23f2887a3e0f,4af4d4d1-9f87-4dc7-95f2-b10751d44c15,50c2125b-406c-41e7-aad6-5432c7cd8e1c|e96d9339-cfb6-473d-bcb3-23f2887a3e0f,4af4d4d1-9f87-4dc7-95f2-b10751d44c15|88fb0858-b9c3-4620-9408-0dda0eb241ef,AJ Koller|John Lucian Goins,Tama Shimabukuro|Tyler Loong,0
67,2,mens,1c9ca388-a922-4bed-aa3b-205561187979,33,1605.0,1620.0,15.0,0,10-3-1,point,e96d9339-cfb6-473d-bcb3-23f2887a3e0f,88fb0858-b9c3-4620-9408-0dda0eb241ef,50c2125b-406c-41e7-aad6-5432c7cd8e1c|e96d9339-cfb6-473d-bcb3-23f2887a3e0f,4af4d4d1-9f87-4dc7-95f2-b10751d44c15|88fb0858-b9c3-4620-9408-0dda0eb241ef,AJ Koller|John Lucian Goins,Tama Shimabukuro|Tyler Loong,0
68,3,mixed,0a157968-7250-42fa-96e4-62c64da9a24b,1,1621.0,1658.0,37.0,0,0-0-2,sideout,29e8121d-6f86-4192-b7af-ab05b77b89fe,88fb0858-b9c3-4620-9408-0dda0eb241ef,29e8121d-6f86-4192-b7af-ab05b77b89fe|e96d9339-cfb6-473d-bcb3-23f2887a3e0f,676b1cbc-766c-4616-bf39-1787ffd8c72a|88fb0858-b9c3-4620-9408-0dda0eb241ef,Ting Chieh Wei|John Lucian Goins,Etta Tuionetoa|Tyler Loong,1
69,3,mixed,0a157968-7250-42fa-96e4-62c64da9a24b,2,1665.8,1681.8,16.0,1,0-0-1,second,88fb0858-b9c3-4620-9408-0dda0eb241ef,29e8121d-6f86-4192-b7af-ab05b77b89fe,29e8121d-6f86-4192-b7af-ab05b77b89fe|e96d9339-cfb6-473d-bcb3-23f2887a3e0f,676b1cbc-766c-4616-bf39-1787ffd8c72a|88fb0858-b9c3-4620-9408-0dda0eb241ef,Ting Chieh Wei|John Lucian Goins,Etta Tuionetoa|Tyler Loong,0
70,3,mixed,0a157968-7250-42fa-96e4-62c64da9a24b,3,1688.6,1705.6,17.0,1,0-0-2,sideout,676b1cbc-766c-4616-bf39-1787ffd8c72a,e96d9339-cfb6-473d-bcb3-23f2887a3e0f,29e8121d-6f86-4192-b7af-ab05b77b89fe|e96d9339-cfb6-473d-bcb3-23f2887a3e0f,676b1cbc-766c-4616-bf39-1787ffd8c72a|88fb0858-b9c3-4620-9408-0dda0eb241ef,Ting Chieh Wei|John Lucian Goins,Etta Tuionetoa|Tyler Loong,0
71,3,mixed,0a157968-7250-42fa-96e4-62c64da9a24b,4,1717.0,1735.0,18.0,1,0-0-1,second,29e8121d-6f86-4192-b7af-ab05b77b89fe,88fb0858-b9c3-4620-9408-0dda0eb241ef,29e8121d-6f86-4192-b7af-ab05b77b89fe|e96d9339-cfb6-473d-bcb3-23f2887a3e0f,676b1cbc-766c-4616-bf39-1787ffd8c72a|88fb0858-b9c3-4620-9408-0dda0eb241ef,Ting Chieh Wei|John Lucian Goins,Etta Tuionetoa|Tyler Loong,0
72,3,mixed,0a157968-7250-42fa-96e4-62c64da9a24b,5,1747.6,1768.6,21.0,1,0-0-2,sideout,e96d9339-cfb6-473d-bcb3-23f2887a3e0f,676b1cbc-766c-4616-bf39-1787ffd8c72a,29e8121d-6f86-4192-b7af-ab05b77b89fe|e96d9339-cfb6-473d-bcb3-23f2887a3e0f,676b1cbc-766c-4616-bf39-1787ffd8c72a|88fb0858-b9c3-4620-9408-0dda0eb241ef,Ting Chieh Wei|John Lucian Goins,Etta Tuionetoa|Tyler Loong,0
73,3,mixed,0a157968-7250-42fa-96e4-62c64da9a24b,6,1779.0,1798.0,19.0,0,0-0-1,second,88fb0858-b9c3-4620-9408-0dda0eb241ef,29e8121d-6f86-4192-b7af-ab05b77b89fe,29e8121d-6f86-4192-b7af-ab05b77b89fe|e96d9339-cfb6-473d-bcb3-23f2887a3e0f,676b1cbc-766c-4616-bf39-1787ffd8c72a|88fb0858-b9c3-4620-9408-0dda0eb241ef,Ting Chieh Wei|John Lucian Goins,Etta Tuionetoa|Tyler Loong,0
74,3,mixed,0a157968-7250-42fa-96e4-62c64da9a24b,7,1810.0,1829.0,19.0,1,0-0-2,sideout,676b1cbc-766c-4616-bf39-1787ffd8c72a,e96d9339-cfb6-473d-bcb3-23f2887a3e0f,29e8121d-6f86-4192-b7af-ab05b77b89fe|e96d9339-cfb6-473d-bcb3-23f2887a3e0f,676b1cbc-766c-4616-bf39-1787ffd8c72a|88fb0858-b9c3-4620-9408-0dda0eb241ef,Ting Chieh Wei|John Lucian Goins,Etta Tuionetoa|Tyler Loong,0
75,3,mixed,0a157968-7250-42fa-96e4-62c64da9a24b,8,1827.0,1857.0,30.0,1,0-0-1,point,29e8121d-6f86-4192-b7af-ab05b77b89fe,88fb0858-b9c3-4620-9408-0dda0eb241ef,29e8121d-6f86-4192-b7af-ab05b77b89fe|e96d9339-cfb6-473d-bcb3-23f2887a3e0f,676b1cbc-766c-4616-bf39-1787ffd8c72a|88fb0858-b9c3-4620-9408-0dda0eb241ef,Ting Chieh Wei|John Lucian Goins,Etta Tuionetoa|Tyler Loong,0
76,3,mixed,0a157968-7250-42fa-96e4-62c64da9a24b,9,1855.0,1874.0,19.0,1,1-0-1,second,29e8121d-6f86-4192-b7af-ab05b77b89fe,676b1cbc-766c-4616-bf39-1787ffd8c72a,29e8121d-6f86-4192-b7af-ab05b77b89fe|e96d9339-cfb6-473d-bcb3-23f2887a3e0f,676b1cbc-766c-4616-bf39-1787ffd8c72a|88fb0858-b9c3-4620-9408-0dda0eb241ef,Ting Chieh Wei|John Lucian Goins,Etta Tuionetoa|Tyler Loong,0
77,3,mixed,0a157968-7250-42fa-96e4-62c64da9a24b,10,1873.8,1887.8,14.0,1,1-0-2,sideout,e96d9339-cfb6-473d-bcb3-23f2887a3e0f,88fb0858-b9c3-4620-9408-0dda0eb241ef,29e8121d-6f86-4192-b7af-ab05b77b89fe|e96d9339-cfb6-473d-bcb3-23f2887a3e0f,676b1cbc-766c-4616-bf39-1787ffd8c72a|88fb0858-b9c3-4620-9408-0dda0eb241ef,Ting Chieh Wei|John Lucian Goins,Etta Tuionetoa|Tyler Loong,0
78,3,mixed,0a157968-7250-42fa-96e4-62c64da9a24b,11,1888.1,1920.1,32.0,1,0-1-1,second,88fb0858-b9c3-4620-9408-0dda0eb241ef,e96d9339-cfb6-473d-bcb3-23f2887a3e0f,29e8121d-6f86-4192-b7af-ab05b77b89fe|e96d9339-cfb6-473d-bcb3-23f2887a3e0f,676b1cbc-766c-4616-bf39-1787ffd8c72a|88fb0858-b9c3-4620-9408-0dda0eb241ef,Ting Chieh Wei|John Lucian Goins,Etta Tuionetoa|Tyler Loong,0
79,3,mixed,0a157968-7250-42fa-96e4-62c64da9a24b,12,1920.0,1933.0,13.0,1,0-1-2,sideout,676b1cbc-766c-4616-bf39-1787ffd8c72a,29e8121d-6f86-4192-b7af-ab05b77b89fe,29e8121d-6f86-4192-b7af-ab05b77b89fe|e96d9339-cfb6-473d-bcb3-23f2887a3e0f,676b1cbc-766c-4616-bf39-1787ffd8c72a|88fb0858-b9c3-4620-9408-0dda0eb241ef,Ting Chieh Wei|John Lucian Goins,Etta Tuionetoa|Tyler Loong,1
80,3,mixed,0a157968-7250-42fa-96e4-62c64da9a24b,13,1932.0,1955.0,23.0,0,1-0-1,second,e96d9339-cfb6-473d-bcb3-23f2887a3e0f,88fb0858-b9c3-4620-9408-0dda0eb241ef,29e8121d-6f86-4192-b7af-ab05b77b89fe|e96d9339-cfb6-473d-bcb3-23f2887a3e0f,676b1cbc-766c-4616-bf39-1787ffd8c72a|88fb0858-b9c3-4620-9408-0dda0eb241ef,Ting Chieh Wei|John Lucian Goins,Etta Tuionetoa|Tyler Loong,0
81,3,mixed,0a157968-7250-42fa-96e4-62c64da9a24b,14,1956.0,1974.0,18.0,1,1-0-2,sideout,29e8121d-6f86-4192-b7af-ab05b77b89fe,676b1cbc-766c-4616-bf39-1787ffd8c72a,29e8121d-6f86-4192-b7af-ab05b77b89fe|e96d9339-cfb6-473d-bcb3-23f2887a3e0f,676b1cbc-766c-4616-bf39-1787ffd8c72a|88fb0858-b9c3-4620-9408-0dda0eb241ef,Ting Chieh Wei|John Lucian Goins,Etta Tuionetoa|Tyler Loong,1
82,3,mixed,0a157968-7250-42fa-96e4-62c64da9a24b,15,1977.7,1987.7,10.0,1,0-1-1,second,88fb0858-b9c3-4620-9408-0dda0eb241ef,e96d9339-cfb6-473d-bcb3-23f2887a3e0f,29e8121d-6f86-4192-b7af-ab05b77b89fe|e96d9339-cfb6-473d-bcb3-23f2887a3e0f,676b1cbc-766c-4616-bf39-1787ffd8c72a|88fb0858-b9c3-4620-9408-0dda0eb241ef,Ting Chieh Wei|John Lucian Goins,Etta Tuionetoa|Tyler Loong,0
83,3,mixed,0a157968-7250-42fa-96e4-62c64da9a24b,16,1988.0,2016.0,28.0,1,0-1-2,point,676b1cbc-766c-4616-bf39-1787ffd8c72a,29e8121d-6f86-4192-b7af-ab05b77b89fe,29e8121d-6f86-4192-b7af-ab05b77b89fe|e96d9339-cfb6-473d-bcb3-23f2887a3e0f,676b1cbc-766c-4616-bf39-1787ffd8c72a|88fb0858-b9c3-4620-9408-0dda0eb241ef,Ting Chieh Wei|John Lucian Goins,Etta Tuionetoa|Tyler Loong,0
84,3,mixed,0a157968-7250-42fa-96e4-62c64da9a24b,17,2023.1,2042.1,19.0,1,1-1-2,sideout,676b1cbc-766c-4616-bf39-1787ffd8c72a,e96d9339-cfb6-473d-bcb3-23f2887a3e0f,29e8121d-6f86-4192-b7af-ab05b77b89fe|e96d9339-cfb6-473d-bcb3-23f2887a3e0f,676b1cbc-766c-4616-bf39-1787ffd8c72a|88fb0858-b9c3-4620-9408-0dda0eb241ef,Ting Chieh Wei|John Lucian Goins,Etta Tuionetoa|Tyler Loong,0
85,3,mixed,0a157968-7250-42fa-96e4-62c64da9a24b,18,2040.0,2053.0,13.0,0,1-1-1,point,e96d9339-cfb6-473d-bcb3-23f2887a3e0f,676b1cbc-766c-4616-bf39-1787ffd8c72a,29e8121d-6f86-4192-b7af-ab05b77b89fe|e96d9339-cfb6-473d-bcb3-23f2887a3e0f,676b1cbc-766c-4616-bf39-1787ffd8c72a|88fb0858-b9c3-4620-9408-0dda0eb241ef,Ting Chieh Wei|John Lucian Goins,Etta Tuionetoa|Tyler Loong,0
86,3,mixed,0a157968-7250-42fa-96e4-62c64da9a24b,19,2055.0,2093.0,38.0,0,2-1-1,point,e96d9339-cfb6-473d-bcb3-23f2887a3e0f,88fb0858-b9c3-4620-9408-0dda0eb241ef,29e8121d-6f86-4192-b7af-ab05b77b89fe|e96d9339-cfb6-473d-bcb3-23f2887a3e0f,676b1cbc-766c-4616-bf39-1787ffd8c72a|88fb0858-b9c3-4620-9408-0dda0eb241ef,Ting Chieh Wei|John Lucian Goins,Etta Tuionetoa|Tyler Loong,1
87,3,mixed,0a157968-7250-42fa-96e4-62c64da9a24b,20,2092.0,2116.0,24.0,1,3-1-1,point,e96d9339-cfb6-473d-bcb3-23f2887a3e0f,676b1cbc-766c-4616-bf39-1787ffd8c72a,29e8121d-6f86-4192-b7af-ab05b77b89fe|e96d9339-cfb6-473d-bcb3-23f2887a3e0f,676b1cbc-766c-4616-bf39-1787ffd8c72a|88fb0858-b9c3-4620-9408-0dda0eb241ef,Ting Chieh Wei|John Lucian Goins,Etta Tuionetoa|Tyler Loong,0
88,3,mixed,0a157968-7250-42fa-96e4-62c64da9a24b,21,2115.0,2130.0,15.0,1,4-1-1,second,e96d9339-cfb6-473d-bcb3-23f2887a3e0f,88fb0858-b9c3-4620-9408-0dda0eb241ef,29e8121d-6f86-4192-b7af-ab05b77b89fe|e96d9339-cfb6-473d-bcb3-23f2887a3e0f,676b1cbc-766c-4616-bf39-1787ffd8c72a|88fb0858-b9c3-4620-9408-0dda0eb241ef,Ting Chieh Wei|John Lucian Goins,Etta Tuionetoa|Tyler Loong,0
89,3,mixed,0a157968-7250-42fa-96e4-62c64da9a24b,22,2143.0,2159.0,16.0,0,4-1-2,point,29e8121d-6f86-4192-b7af-ab05b77b89fe,676b1cbc-766c-4616-bf39-1787ffd8c72a,29e8121d-6f86-4192-b7af-ab05b77b89fe|e96d9339-cfb6-473d-bcb3-23f2887a3e0f,676b1cbc-766c-4616-bf39-1787ffd8c72a|88fb0858-b9c3-4620-9408-0dda0eb241ef,Ting Chieh Wei|John Lucian Goins,Etta Tuionetoa|Tyler Loong,0
90,3,mixed,0a157968-7250-42fa-96e4-62c64da9a24b,23,2162.0,2183.0,21.0,0,5-1-2,sideout,29e8121d-6f86-4192-b7af-ab05b77b89fe,88fb0858-b9c3-4620-9408-0dda0eb241ef,29e8121d-6f86-4192-b7af-ab05b77b89fe|e96d9339-cfb6-473d-bcb3-23f2887a3e0f,676b1cbc-766c-4616-bf39-1787ffd8c72a|88fb0858-b9c3-4620-9408-0dda0eb241ef,Ting Chieh Wei|John Lucian Goins,Etta Tuionetoa|Tyler Loong,0
91,3,mixed,0a157968-7250-42fa-96e4-62c64da9a24b,24,2192.0,2213.0,21.0,0,1-5-1,point,676b1cbc-766c-4616-bf39-1787ffd8c72a,e96d9339-cfb6-473d-bcb3-23f2887a3e0f,29e8121d-6f86-4192-b7af-ab05b77b89fe|e96d9339-cfb6-473d-bcb3-23f2887a3e0f,676b1cbc-766c-4616-bf39-1787ffd8c72a|88fb0858-b9c3-4620-9408-0dda0eb241ef,Ting Chieh Wei|John Lucian Goins,Etta Tuionetoa|Tyler Loong,0
92,3,mixed,0a157968-7250-42fa-96e4-62c64da9a24b,25,2217.0,2229.0,12.0,1,2-5-1,second,676b1cbc-766c-4616-bf39-1787ffd8c72a,29e8121d-6f86-4192-b7af-ab05b77b89fe,29e8121d-6f86-4192-b7af-ab05b77b89fe|e96d9339-cfb6-473d-bcb3-23f2887a3e0f,676b1cbc-766c-4616-bf39-1787ffd8c72a|88fb0858-b9c3-4620-9408-0dda0eb241ef,Ting Chieh Wei|John Lucian Goins,Etta Tuionetoa|Tyler Loong,0
93,3,mixed,0a157968-7250-42fa-96e4-62c64da9a24b,26,2229.0,2250.0,21.0,0,2-5-2,point,88fb0858-b9c3-4620-9408-0dda0eb241ef,e96d9339-cfb6-473d-bcb3-23f2887a3e0f,29e8121d-6f86-4192-b7af-ab05b77b89fe|e96d9339-cfb6-473d-bcb3-23f2887a3e0f,676b1cbc-766c-4616-bf39-1787ffd8c72a|88fb0858-b9c3-4620-9408-0dda0eb241ef,Ting Chieh Wei|John Lucian Goins,Etta Tuionetoa|Tyler Loong,0
94,3,mixed,0a157968-7250-42fa-96e4-62c64da9a24b,27,2251.0,2269.0,18.0,0,3-5-2,point,88fb0858-b9c3-4620-9408-0dda0eb241ef,29e8121d-6f86-4192-b7af-ab05b77b89fe,29e8121d-6f86-4192-b7af-ab05b77b89fe|e96d9339-cfb6-473d-bcb3-23f2887a3e0f,676b1cbc-766c-4616-bf39-1787ffd8c72a|88fb0858-b9c3-4620-9408-0dda0eb241ef,Ting Chieh Wei|John Lucian Goins,Etta Tuionetoa|Tyler Loong,0
95,3,mixed,0a157968-7250-42fa-96e4-62c64da9a24b,28,2271.0,2300.0,29.0,0,4-5-2,sideout,88fb0858-b9c3-4620-9408-0dda0eb241ef,e96d9339-cfb6-473d-bcb3-23f2887a3e0f,29e8121d-6f86-4192-b7af-ab05b77b89fe|e96d9339-cfb6-473d-bcb3-23f2887a3e0f,676b1cbc-766c-4616-bf39-1787ffd8c72a|88fb0858-b9c3-4620-9408-0dda0eb241ef,Ting Chieh Wei|John Lucian Goins,Etta Tuionetoa|Tyler Loong,0
96,3,mixed,0a157968-7250-42fa-96e4-62c64da9a24b,29,2303.5,2315.5,12.0,1,5-4-1,second,e96d9339-cfb6-473d-bcb3-23f2887a3e0f,88fb0858-b9c3-4620-9408-0dda0eb241ef,29e8121d-6f86-4192-b7af-ab05b77b89fe|e96d9339-cfb6-473d-bcb3-23f2887a3e0f,676b1cbc-766c-4616-bf39-1787ffd8c72a|88fb0858-b9c3-4620-9408-0dda0eb241ef,Ting Chieh Wei|John Lucian Goins,Etta Tuionetoa|Tyler Loong,0
97,3,mixed,0a157968-7250-42fa-96e4-62c64da9a24b,30,2315.0,2333.0,18.0,0,5-4-2,sideout,29e8121d-6f86-4192-b7af-ab05b77b89fe,676b1cbc-766c-4616-bf39-1787ffd8c72a,29e8121d-6f86-4192-b7af-ab05b77b89fe|e96d9339-cfb6-473d-bcb3-23f2887a3e0f,676b1cbc-766c-4616-bf39-1787ffd8c72a|88fb0858-b9c3-4620-9408-0dda0eb241ef,Ting Chieh Wei|John Lucian Goins,Etta Tuionetoa|Tyler Loong,0
98,3,mixed,0a157968-7250-42fa-96e4-62c64da9a24b,31,2343.7,2366.7,23.0,1,4-5-1,second,88fb0858-b9c3-4620-9408-0dda0eb241ef,e96d9339-cfb6-473d-bcb3-23f2887a3e0f,29e8121d-6f86-4192-b7af-ab05b77b89fe|e96d9339-cfb6-473d-bcb3-23f2887a3e0f,676b1cbc-766c-4616-bf39-1787ffd8c72a|88fb0858-b9c3-4620-9408-0dda0eb241ef,Ting Chieh Wei|John Lucian Goins,Etta Tuionetoa|Tyler Loong,0
99,3,mixed,0a157968-7250-42fa-96e4-62c64da9a24b,32,2367.0,2384.0,17.0,0,4-5-2,sideout,676b1cbc-766c-4616-bf39-1787ffd8c72a,29e8121d-6f86-4192-b7af-ab05b77b89fe,29e8121d-6f86-4192-b7af-ab05b77b89fe|e96d9339-cfb6-473d-bcb3-23f2887a3e0f,676b1cbc-766c-4616-bf39-1787ffd8c72a|88fb0858-b9c3-4620-9408-0dda0eb241ef,Ting Chieh Wei|John Lucian Goins,Etta Tuionetoa|Tyler Loong,0
100,3,mixed,0a157968-7250-42fa-96e4-62c64da9a24b,33,2386.6,2409.6,23.0,1,5-4-1,second,e96d9339-cfb6-473d-bcb3-23f2887a3e0f,88fb0858-b9c3-4620-9408-0dda0eb241ef,29e8121d-6f86-4192-b7af-ab05b77b89fe|e96d9339-cfb6-473d-bcb3-23f2887a3e0f,676b1cbc-766c-4616-bf39-1787ffd8c72a|88fb0858-b9c3-4620-9408-0dda0eb241ef,Ting Chieh Wei|John Lucian Goins,Etta Tuionetoa|Tyler Loong,0
101,3,mixed,0a157968-7250-42fa-96e4-62c64da9a24b,34,2411.0,2426.0,15.0,0,5-4-2,sideout,29e8121d-6f86-4192-b7af-ab05b77b89fe,676b1cbc-766c-4616-bf39-1787ffd8c72a,29e8121d-6f86-4192-b7af-ab05b77b89fe|e96d9339-cfb6-473d-bcb3-23f2887a3e0f,676b1cbc-766c-4616-bf39-1787ffd8c72a|88fb0858-b9c3-4620-9408-0dda0eb241ef,Ting Chieh Wei|John Lucian Goins,Etta Tuionetoa|Tyler Loong,0
102,3,mixed,0a157968-7250-42fa-96e4-62c64da9a24b,35,2434.5,2451.5,17.0,1,4-5-1,second,88fb0858-b9c3-4620-9408-0dda0eb241ef,e96d9339-cfb6-473d-bcb3-23f2887a3e0f,29e8121d-6f86-4192-b7af-ab05b77b89fe|e96d9339-cfb6-473d-bcb3-23f2887a3e0f,676b1cbc-766c-4616-bf39-1787ffd8c72a|88fb0858-b9c3-4620-9408-0dda0eb241ef,Ting Chieh Wei|John Lucian Goins,Etta Tuionetoa|Tyler Loong,0
103,3,mixed,0a157968-7250-42fa-96e4-62c64da9a24b,36,2453.0,2481.0,28.0,0,4-5-2,point,676b1cbc-766c-4616-bf39-1787ffd8c72a,29e8121d-6f86-4192-b7af-ab05b77b89fe,29e8121d-6f86-4192-b7af-ab05b77b89fe|e96d9339-cfb6-473d-bcb3-23f2887a3e0f,676b1cbc-766c-4616-bf39-1787ffd8c72a|88fb0858-b9c3-4620-9408-0dda0eb241ef,Ting Chieh Wei|John Lucian Goins,Etta Tuionetoa|Tyler Loong,0
104,3,mixed,0a157968-7250-42fa-96e4-62c64da9a24b,37,2484.0,2515.0,31.0,0,5-5-2,point,676b1cbc-766c-4616-bf39-1787ffd8c72a,e96d9339-cfb6-473d-bcb3-23f2887a3e0f,29e8121d-6f86-4192-b7af-ab05b77b89fe|e96d9339-cfb6-473d-bcb3-23f2887a3e0f,676b1cbc-766c-4616-bf39-1787ffd8c72a|88fb0858-b9c3-4620-9408-0dda0eb241ef,Ting Chieh Wei|John Lucian Goins,Etta Tuionetoa|Tyler Loong,0
105,3,mixed,0a157968-7250-42fa-96e4-62c64da9a24b,38,2536.8,2559.8,23.0,1,6-5-2,sideout,676b1cbc-766c-4616-bf39-1787ffd8c72a,29e8121d-6f86-4192-b7af-ab05b77b89fe,29e8121d-6f86-4192-b7af-ab05b77b89fe|e96d9339-cfb6-473d-bcb3-23f2887a3e0f,676b1cbc-766c-4616-bf39-1787ffd8c72a|88fb0858-b9c3-4620-9408-0dda0eb241ef,Ting Chieh Wei|John Lucian Goins,Etta Tuionetoa|Tyler Loong,0
106,3,mixed,0a157968-7250-42fa-96e4-62c64da9a24b,39,2537.0,2569.0,32.0,1,5-6-1,second,e96d9339-cfb6-473d-bcb3-23f2887a3e0f,88fb0858-b9c3-4620-9408-0dda0eb241ef,29e8121d-6f86-4192-b7af-ab05b77b89fe|e96d9339-cfb6-473d-bcb3-23f2887a3e0f,676b1cbc-766c-4616-bf39-1787ffd8c72a|88fb0858-b9c3-4620-9408-0dda0eb241ef,Ting Chieh Wei|John Lucian Goins,Etta Tuionetoa|Tyler Loong,0
107,3,mixed,0a157968-7250-42fa-96e4-62c64da9a24b,40,2569.0,2588.0,19.0,1,5-6-2,sideout,29e8121d-6f86-4192-b7af-ab05b77b89fe,676b1cbc-766c-4616-bf39-1787ffd8c72a,29e8121d-6f86-4192-b7af-ab05b77b89fe|e96d9339-cfb6-473d-bcb3-23f2887a3e0f,676b1cbc-766c-4616-bf39-1787ffd8c72a|88fb0858-b9c3-4620-9408-0dda0eb241ef,Ting Chieh Wei|John Lucian Goins,Etta Tuionetoa|Tyler Loong,0
108,3,mixed,0a157968-7250-42fa-96e4-62c64da9a24b,41,2580.5,2595.5,15.0,1,6-5-1,point,88fb0858-b9c3-4620-9408-0dda0eb241ef,e96d9339-cfb6-473d-bcb3-23f2887a3e0f,29e8121d-6f86-4192-b7af-ab05b77b89fe|e96d9339-cfb6-473d-bcb3-23f2887a3e0f,676b1cbc-766c-4616-bf39-1787ffd8c72a|88fb0858-b9c3-4620-9408-0dda0eb241ef,Ting Chieh Wei|John Lucian Goins,Etta Tuionetoa|Tyler Loong,0
109,3,mixed,0a157968-7250-42fa-96e4-62c64da9a24b,42,2610.3,2643.3,33.0,1,7-5-1,point,88fb0858-b9c3-4620-9408-0dda0eb241ef,29e8121d-6f86-4192-b7af-ab05b77b89fe,29e8121d-6f86-4192-b7af-ab05b77b89fe|e96d9339-cfb6-473d-bcb3-23f2887a3e0f,676b1cbc-766c-4616-bf39-1787ffd8c72a|88fb0858-b9c3-4620-9408-0dda0eb241ef,Ting Chieh Wei|John Lucian Goins,Etta Tuionetoa|Tyler Loong,0
110,3,mixed,0a157968-7250-42fa-96e4-62c64da9a24b,43,2636.8,2650.8,14.0,1,8-5-1,point,88fb0858-b9c3-4620-9408-0dda0eb241ef,e96d9339-cfb6-473d-bcb3-23f2887a3e0f,29e8121d-6f86-4192-b7af-ab05b77b89fe|e96d9339-cfb6-473d-bcb3-23f2887a3e0f,676b1cbc-766c-4616-bf39-1787ffd8c72a|88fb0858-b9c3-4620-9408-0dda0eb241ef,Ting Chieh Wei|John Lucian Goins,Etta Tuionetoa|Tyler Loong,0
111,3,mixed,0a157968-7250-42fa-96e4-62c64da9a24b,44,2649.0,2661.0,12.0,1,9-5-1,second,88fb0858-b9c3-4620-9408-0dda0eb241ef,29e8121d-6f86-4192-b7af-ab05b77b89fe,29e8121d-6f86-4192-b7af-ab05b77b89fe|e96d9339-cfb6-473d-bcb3-23f2887a3e0f,676b1cbc-766c-4616-bf39-1787ffd8c72a|88fb0858-b9c3-4620-9408-0dda0eb241ef,Ting Chieh Wei|John Lucian Goins,Etta Tuionetoa|Tyler Loong,0
112,3,mixed,0a157968-7250-42fa-96e4-62c64da9a24b,45,2658.0,2678.0,20.0,1,9-5-2,sideout,676b1cbc-766c-4616-bf39-1787ffd8c72a,e96d9339-cfb6-473d-bcb3-23f2887a3e0f,29e8121d-6f86-4192-b7af-ab05b77b89fe|e96d9339-cfb6-473d-bcb3-23f2887a3e0f,676b1cbc-766c-4616-bf39-1787ffd8c72a|88fb0858-b9c3-4620-9408-0dda0eb241ef,Ting Chieh Wei|John Lucian Goins,Etta Tuionetoa|Tyler Loong,0
113,3,mixed,0a157968-7250-42fa-96e4-62c64da9a24b,46,2681.0,2700.0,19.0,1,5-9-1,second,e96d9339-cfb6-473d-bcb3-23f2887a3e0f,676b1cbc-766c-4616-bf39-1787ffd8c72a,29e8121d-6f86-4192-b7af-ab05b77b89fe|e96d9339-cfb6-473d-bcb3-23f2887a3e0f,676b1cbc-766c-4616-bf39-1787ffd8c72a|88fb0858-b9c3-4620-9408-0dda0eb241ef,Ting Chieh Wei|John Lucian Goins,Etta Tuionetoa|Tyler Loong,0
114,3,mixed,0a157968-7250-42fa-96e4-62c64da9a24b,47,2701.0,2726.0,25.0,1,5-9-2,sideout,29e8121d-6f86-4192-b7af-ab05b77b89fe,88fb0858-b9c3-4620-9408-0dda0eb241ef,29e8121d-6f86-4192-b7af-ab05b77b89fe|e96d9339-cfb6-473d-bcb3-23f2887a3e0f,676b1cbc-766c-4616-bf39-1787ffd8c72a|88fb0858-b9c3-4620-9408-0dda0eb241ef,Ting Chieh Wei|John Lucian Goins,Etta Tuionetoa|Tyler Loong,0
115,3,mixed,0a157968-7250-42fa-96e4-62c64da9a24b,48,2729.0,2744.0,15.0,1,9-5-1,second,676b1cbc-766c-4616-bf39-1787ffd8c72a,e96d9339-cfb6-473d-bcb3-23f2887a3e0f,29e8121d-6f86-4192-b7af-ab05b77b89fe|e96d9339-cfb6-473d-bcb3-23f2887a3e0f,676b1cbc-766c-4616-bf39-1787ffd8c72a|88fb0858-b9c3-4620-9408-0dda0eb241ef,Ting Chieh Wei|John Lucian Goins,Etta Tuionetoa|Tyler Loong,0
116,3,mixed,0a157968-7250-42fa-96e4-62c64da9a24b,49,2739.9,2761.9,22.0,1,9-5-2,sideout,88fb0858-b9c3-4620-9408-0dda0eb241ef,29e8121d-6f86-4192-b7af-ab05b77b89fe,29e8121d-6f86-4192-b7af-ab05b77b89fe|e96d9339-cfb6-473d-bcb3-23f2887a3e0f,676b1cbc-766c-4616-bf39-1787ffd8c72a|88fb0858-b9c3-4620-9408-0dda0eb241ef,Ting Chieh Wei|John Lucian Goins,Etta Tuionetoa|Tyler Loong,0
117,3,mixed,0a157968-7250-42fa-96e4-62c64da9a24b,50,2764.0,2783.0,19.0,0,5-9-1,point,e96d9339-cfb6-473d-bcb3-23f2887a3e0f,676b1cbc-766c-4616-bf39-1787ffd8c72a,29e8121d-6f86-4192-b7af-ab05b77b89fe|e96d9339-cfb6-473d-bcb3-23f2887a3e0f,676b1cbc-766c-4616-bf39-1787ffd8c72a|88fb0858-b9c3-4620-9408-0dda0eb241ef,Ting Chieh Wei|John Lucian Goins,Etta Tuionetoa|Tyler Loong,0
118,3,mixed,0a157968-7250-42fa-96e4-62c64da9a24b,51,2785.0,2797.0,12.0,1,6-9-1,point,e96d9339-cfb6-473d-bcb3-23f2887a3e0f,88fb0858-b9c3-4620-9408-0dda0eb241ef,29e8121d-6f86-4192-b7af-ab05b77b89fe|e96d9339-cfb6-473d-bcb3-23f2887a3e0f,676b1cbc-766c-4616-bf39-1787ffd8c72a|88fb0858-b9c3-4620-9408-0dda0eb241ef,Ting Chieh Wei|John Lucian Goins,Etta Tuionetoa|Tyler Loong,0
119,3,mixed,0a157968-7250-42fa-96e4-62c64da9a24b,52,2795.0,2824.0,29.0,1,7-9-1,point,e96d9339-cfb6-473d-bcb3-23f2887a3e0f,676b1cbc-766c-4616-bf39-1787ffd8c72a,29e8121d-6f86-4192-b7af-ab05b77b89fe|e96d9339-cfb6-473d-bcb3-23f2887a3e0f,676b1cbc-766c-4616-bf39-1787ffd8c72a|88fb0858-b9c3-4620-9408-0dda0eb241ef,Ting Chieh Wei|John Lucian Goins,Etta Tuionetoa|Tyler Loong,0
120,3,mixed,0a157968-7250-42fa-96e4-62c64da9a24b,53,2824.0,2852.0,28.0,1,8-9-1,second,e96d9339-cfb6-473d-bcb3-23f2887a3e0f,88fb0858-b9c3-4620-9408-0dda0eb241ef,29e8121d-6f86-4192-b7af-ab05b77b89fe|e96d9339-cfb6-473d-bcb3-23f2887a3e0f,676b1cbc-766c-4616-bf39-1787ffd8c72a|88fb0858-b9c3-4620-9408-0dda0eb241ef,Ting Chieh Wei|John Lucian Goins,Etta Tuionetoa|Tyler Loong,0
121,3,mixed,0a157968-7250-42fa-96e4-62c64da9a24b,54,2851.5,2877.5,26.0,1,8-9-2,sideout,29e8121d-6f86-4192-b7af-ab05b77b89fe,676b1cbc-766c-4616-bf39-1787ffd8c72a,29e8121d-6f86-4192-b7af-ab05b77b89fe|e96d9339-cfb6-473d-bcb3-23f2887a3e0f,676b1cbc-766c-4616-bf39-1787ffd8c72a|88fb0858-b9c3-4620-9408-0dda0eb241ef,Ting Chieh Wei|John Lucian Goins,Etta Tuionetoa|Tyler Loong,0
122,3,mixed,0a157968-7250-42fa-96e4-62c64da9a24b,55,2880.0,2904.0,24.0,1,9-8-1,second,676b1cbc-766c-4616-bf39-1787ffd8c72a,29e8121d-6f86-4192-b7af-ab05b77b89fe,29e8121d-6f86-4192-b7af-ab05b77b89fe|e96d9339-cfb6-473d-bcb3-23f2887a3e0f,676b1cbc-766c-4616-bf39-1787ffd8c72a|88fb0858-b9c3-4620-9408-0dda0eb241ef,Ting Chieh Wei|John Lucian Goins,Etta Tuionetoa|Tyler Loong,0
123,3,mixed,0a157968-7250-42fa-96e4-62c64da9a24b,56,2902.0,2915.0,13.0,1,9-8-2,sideout,88fb0858-b9c3-4620-9408-0dda0eb241ef,e96d9339-cfb6-473d-bcb3-23f2887a3e0f,29e8121d-6f86-4192-b7af-ab05b77b89fe|e96d9339-cfb6-473d-bcb3-23f2887a3e0f,676b1cbc-766c-4616-bf39-1787ffd8c72a|88fb0858-b9c3-4620-9408-0dda0eb241ef,Ting Chieh Wei|John Lucian Goins,Etta Tuionetoa|Tyler Loong,0
124,3,mixed,0a157968-7250-42fa-96e4-62c64da9a24b,57,2914.8,2937.8,23.0,1,8-9-1,second,29e8121d-6f86-4192-b7af-ab05b77b89fe,676b1cbc-766c-4616-bf39-1787ffd8c72a,29e8121d-6f86-4192-b7af-ab05b77b89fe|e96d9339-cfb6-473d-bcb3-23f2887a3e0f,676b1cbc-766c-4616-bf39-1787ffd8c72a|88fb0858-b9c3-4620-9408-0dda0eb241ef,Ting Chieh Wei|John Lucian Goins,Etta Tuionetoa|Tyler Loong,0
125,3,mixed,0a157968-7250-42fa-96e4-62c64da9a24b,58,2935.4,2961.4,26.0,1,8-9-2,point,e96d9339-cfb6-473d-bcb3-23f2887a3e0f,88fb0858-b9c3-4620-9408-0dda0eb241ef,29e8121d-6f86-4192-b7af-ab05b77b89fe|e96d9339-cfb6-473d-bcb3-23f2887a3e0f,676b1cbc-766c-4616-bf39-1787ffd8c72a|88fb0858-b9c3-4620-9408-0dda0eb241ef,Ting Chieh Wei|John Lucian Goins,Etta Tuionetoa|Tyler Loong,0
126,3,mixed,0a157968-7250-42fa-96e4-62c64da9a24b,59,2962.0,2985.0,23.0,0,9-9-2,sideout,e96d9339-cfb6-473d-bcb3-23f2887a3e0f,676b1cbc-766c-4616-bf39-1787ffd8c72a,29e8121d-6f86-4192-b7af-ab05b77b89fe|e96d9339-cfb6-473d-bcb3-23f2887a3e0f,676b1cbc-766c-4616-bf39-1787ffd8c72a|88fb0858-b9c3-4620-9408-0dda0eb241ef,Ting Chieh Wei|John Lucian Goins,Etta Tuionetoa|Tyler Loong,0
127,3,mixed,0a157968-7250-42fa-96e4-62c64da9a24b,60,2990.8,3009.8,19.0,1,9-9-1,second,676b1cbc-766c-4616-bf39-1787ffd8c72a,e96d9339-cfb6-473d-bcb3-23f2887a3e0f,29e8121d-6f86-4192-b7af-ab05b77b89fe|e96d9339-cfb6-473d-bcb3-23f2887a3e0f,676b1cbc-766c-4616-bf39-1787ffd8c72a|88fb0858-b9c3-4620-9408-0dda0eb241ef,Ting Chieh Wei|John Lucian Goins,Etta Tuionetoa|Tyler Loong,0
128,3,mixed,0a157968-7250-42fa-96e4-62c64da9a24b,61,3014.0,3030.0,16.0,1,9-9-2,sideout,88fb0858-b9c3-4620-9408-0dda0eb241ef,29e8121d-6f86-4192-b7af-ab05b77b89fe,29e8121d-6f86-4192-b7af-ab05b77b89fe|e96d9339-cfb6-473d-bcb3-23f2887a3e0f,676b1cbc-766c-4616-bf39-1787ffd8c72a|88fb0858-b9c3-4620-9408-0dda0eb241ef,Ting Chieh Wei|John Lucian Goins,Etta Tuionetoa|Tyler Loong,0
129,3,mixed,0a157968-7250-42fa-96e4-62c64da9a24b,62,3028.3,3064.3,36.0,1,9-9-1,point,e96d9339-cfb6-473d-bcb3-23f2887a3e0f,676b1cbc-766c-4616-bf39-1787ffd8c72a,29e8121d-6f86-4192-b7af-ab05b77b89fe|e96d9339-cfb6-473d-bcb3-23f2887a3e0f,676b1cbc-766c-4616-bf39-1787ffd8c72a|88fb0858-b9c3-4620-9408-0dda0eb241ef,Ting Chieh Wei|John Lucian Goins,Etta Tuionetoa|Tyler Loong,0
130,3,mixed,0a157968-7250-42fa-96e4-62c64da9a24b,63,3065.0,3081.0,16.0,0,10-9-1,second,e96d9339-cfb6-473d-bcb3-23f2887a3e0f,88fb0858-b9c3-4620-9408-0dda0eb241ef,29e8121d-6f86-4192-b7af-ab05b77b89fe|e96d9339-cfb6-473d-bcb3-23f2887a3e0f,676b1cbc-766c-4616-bf39-1787ffd8c72a|88fb0858-b9c3-4620-9408-0dda0eb241ef,Ting Chieh Wei|John Lucian Goins,Etta Tuionetoa|Tyler Loong,0
131,3,mixed,0a157968-7250-42fa-96e4-62c64da9a24b,64,3078.2,3106.2,28.0,1,10-9-2,sideout,29e8121d-6f86-4192-b7af-ab05b77b89fe,676b1cbc-766c-4616-bf39-1787ffd8c72a,29e8121d-6f86-4192-b7af-ab05b77b89fe|e96d9339-cfb6-473d-bcb3-23f2887a3e0f,676b1cbc-766c-4616-bf39-1787ffd8c72a|88fb0858-b9c3-4620-9408-0dda0eb241ef,Ting Chieh Wei|John Lucian Goins,Etta Tuionetoa|Tyler Loong,0
132,3,mixed,0a157968-7250-42fa-96e4-62c64da9a24b,65,3108.0,3135.0,27.0,1,9-10-1,second,676b1cbc-766c-4616-bf39-1787ffd8c72a,29e8121d-6f86-4192-b7af-ab05b77b89fe,29e8121d-6f86-4192-b7af-ab05b77b89fe|e96d9339-cfb6-473d-bcb3-23f2887a3e0f,676b1cbc-766c-4616-bf39-1787ffd8c72a|88fb0858-b9c3-4620-9408-0dda0eb241ef,Ting Chieh Wei|John Lucian Goins,Etta Tuionetoa|Tyler Loong,0
133,3,mixed,0a157968-7250-42fa-96e4-62c64da9a24b,66,3133.4,3155.4,22.0,1,9-10-2,sideout,88fb0858-b9c3-4620-9408-0dda0eb241ef,e96d9339-cfb6-473d-bcb3-23f2887a3e0f,29e8121d-6f86-4192-b7af-ab05b77b89fe|e96d9339-cfb6-473d-bcb3-23f2887a3e0f,676b1cbc-766c-4616-bf39-1787ffd8c72a|88fb0858-b9c3-4620-9408-0dda0eb241ef,Ting Chieh Wei|John Lucian Goins,Etta Tuionetoa|Tyler Loong,0
134,3,mixed,0a157968-7250-42fa-96e4-62c64da9a24b,67,3158.7,3176.7,18.0,1,10-9-1,second,29e8121d-6f86-4192-b7af-ab05b77b89fe,676b1cbc-766c-4616-bf39-1787ffd8c72a,29e8121d-6f86-4192-b7af-ab05b77b89fe|e96d9339-cfb6-473d-bcb3-23f2887a3e0f,676b1cbc-766c-4616-bf39-1787ffd8c72a|88fb0858-b9c3-4620-9408-0dda0eb241ef,Ting Chieh Wei|John Lucian Goins,Etta Tuionetoa|Tyler Loong,0
135,3,mixed,0a157968-7250-42fa-96e4-62c64da9a24b,68,3174.6,3202.6,28.0,1,10-9-2,sideout,e96d9339-cfb6-473d-bcb3-23f2887a3e0f,88fb0858-b9c3-4620-9408-0dda0eb241ef,29e8121d-6f86-4192-b7af-ab05b77b89fe|e96d9339-cfb6-473d-bcb3-23f2887a3e0f,676b1cbc-766c-4616-bf39-1787ffd8c72a|88fb0858-b9c3-4620-9408-0dda0eb241ef,Ting Chieh Wei|John Lucian Goins,Etta Tuionetoa|Tyler Loong,0
136,3,mixed,0a157968-7250-42fa-96e4-62c64da9a24b,69,3202.0,3235.0,33.0,1,9-10-1,point,676b1cbc-766c-4616-bf39-1787ffd8c72a,29e8121d-6f86-4192-b7af-ab05b77b89fe,29e8121d-6f86-4192-b7af-ab05b77b89fe|e96d9339-cfb6-473d-bcb3-23f2887a3e0f,676b1cbc-766c-4616-bf39-1787ffd8c72a|88fb0858-b9c3-4620-9408-0dda0eb241ef,Ting Chieh Wei|John Lucian Goins,Etta Tuionetoa|Tyler Loong,0
137,3,mixed,0a157968-7250-42fa-96e4-62c64da9a24b,70,3241.0,3259.0,18.0,1,10-10-1,second,676b1cbc-766c-4616-bf39-1787ffd8c72a,e96d9339-cfb6-473d-bcb3-23f2887a3e0f,29e8121d-6f86-4192-b7af-ab05b77b89fe|e96d9339-cfb6-473d-bcb3-23f2887a3e0f,676b1cbc-766c-4616-bf39-1787ffd8c72a|88fb0858-b9c3-4620-9408-0dda0eb241ef,Ting Chieh Wei|John Lucian Goins,Etta Tuionetoa|Tyler Loong,0
138,3,mixed,0a157968-7250-42fa-96e4-62c64da9a24b,71,3257.5,3278.5,21.0,1,10-10-2,sideout,88fb0858-b9c3-4620-9408-0dda0eb241ef,29e8121d-6f86-4192-b7af-ab05b77b89fe,29e8121d-6f86-4192-b7af-ab05b77b89fe|e96d9339-cfb6-473d-bcb3-23f2887a3e0f,676b1cbc-766c-4616-bf39-1787ffd8c72a|88fb0858-b9c3-4620-9408-0dda0eb241ef,Ting Chieh Wei|John Lucian Goins,Etta Tuionetoa|Tyler Loong,0
139,3,mixed,0a157968-7250-42fa-96e4-62c64da9a24b,72,3277.3,3311.3,34.0,1,10-10-1,second,29e8121d-6f86-4192-b7af-ab05b77b89fe,88fb0858-b9c3-4620-9408-0dda0eb241ef,29e8121d-6f86-4192-b7af-ab05b77b89fe|e96d9339-cfb6-473d-bcb3-23f2887a3e0f,676b1cbc-766c-4616-bf39-1787ffd8c72a|88fb0858-b9c3-4620-9408-0dda0eb241ef,Ting Chieh Wei|John Lucian Goins,Etta Tuionetoa|Tyler Loong,0
140,3,mixed,0a157968-7250-42fa-96e4-62c64da9a24b,73,3311.2,3328.2,17.0,1,10-10-2,sideout,e96d9339-cfb6-473d-bcb3-23f2887a3e0f,676b1cbc-766c-4616-bf39-1787ffd8c72a,29e8121d-6f86-4192-b7af-ab05b77b89fe|e96d9339-cfb6-473d-bcb3-23f2887a3e0f,676b1cbc-766c-4616-bf39-1787ffd8c72a|88fb0858-b9c3-4620-9408-0dda0eb241ef,Ting Chieh Wei|John Lucian Goins,Etta Tuionetoa|Tyler Loong,1
141,3,mixed,0a157968-7250-42fa-96e4-62c64da9a24b,74,3326.0,3353.0,27.0,0,10-10-1,point,88fb0858-b9c3-4620-9408-0dda0eb241ef,29e8121d-6f86-4192-b7af-ab05b77b89fe,29e8121d-6f86-4192-b7af-ab05b77b89fe|e96d9339-cfb6-473d-bcb3-23f2887a3e0f,676b1cbc-766c-4616-bf39-1787ffd8c72a|88fb0858-b9c3-4620-9408-0dda0eb241ef,Ting Chieh Wei|John Lucian Goins,Etta Tuionetoa|Tyler Loong,0
142,3,mixed,0a157968-7250-42fa-96e4-62c64da9a24b,75,3368.0,3383.0,15.0,1,11-10-1,point,88fb0858-b9c3-4620-9408-0dda0eb241ef,e96d9339-cfb6-473d-bcb3-23f2887a3e0f,29e8121d-6f86-4192-b7af-ab05b77b89fe|e96d9339-cfb6-473d-bcb3-23f2887a3e0f,676b1cbc-766c-4616-bf39-1787ffd8c72a|88fb0858-b9c3-4620-9408-0dda0eb241ef,Ting Chieh Wei|John Lucian Goins,Etta Tuionetoa|Tyler Loong,0
144,4,mixed,56520919-20b9-41be-82a3-7d2b1bea6c97,2,3395.0,3440.0,45.0,1,1-0-2,sideout,ab6386c6-c7e3-422f-9134-e20e92725ee5,4af4d4d1-9f87-4dc7-95f2-b10751d44c15,ab6386c6-c7e3-422f-9134-e20e92725ee5|50c2125b-406c-41e7-aad6-5432c7cd8e1c,efe9989b-5864-48c2-806c-06697024e1da|4af4d4d1-9f87-4dc7-95f2-b10751d44c15,Emma Nelson|AJ Koller,Allyce Jones|Tama Shimabukuro,1
145,4,mixed,56520919-20b9-41be-82a3-7d2b1bea6c97,3,3442.0,3459.0,17.0,0,0-1-1,point,efe9989b-5864-48c2-806c-06697024e1da,50c2125b-406c-41e7-aad6-5432c7cd8e1c,ab6386c6-c7e3-422f-9134-e20e92725ee5|50c2125b-406c-41e7-aad6-5432c7cd8e1c,efe9989b-5864-48c2-806c-06697024e1da|4af4d4d1-9f87-4dc7-95f2-b10751d44c15,Emma Nelson|AJ Koller,Allyce Jones|Tama Shimabukuro,0
146,4,mixed,56520919-20b9-41be-82a3-7d2b1bea6c97,4,3461.0,3484.0,23.0,1,1-1-1,second,efe9989b-5864-48c2-806c-06697024e1da,ab6386c6-c7e3-422f-9134-e20e92725ee5,ab6386c6-c7e3-422f-9134-e20e92725ee5|50c2125b-406c-41e7-aad6-5432c7cd8e1c,efe9989b-5864-48c2-806c-06697024e1da|4af4d4d1-9f87-4dc7-95f2-b10751d44c15,Emma Nelson|AJ Koller,Allyce Jones|Tama Shimabukuro,0
147,4,mixed,56520919-20b9-41be-82a3-7d2b1bea6c97,5,3486.0,3498.0,12.0,0,1-1-2,point,4af4d4d1-9f87-4dc7-95f2-b10751d44c15,50c2125b-406c-41e7-aad6-5432c7cd8e1c,ab6386c6-c7e3-422f-9134-e20e92725ee5|50c2125b-406c-41e7-aad6-5432c7cd8e1c,efe9989b-5864-48c2-806c-06697024e1da|4af4d4d1-9f87-4dc7-95f2-b10751d44c15,Emma Nelson|AJ Koller,Allyce Jones|Tama Shimabukuro,0
148,4,mixed,56520919-20b9-41be-82a3-7d2b1bea6c97,6,3499.0,3532.0,33.0,0,2-1-2,sideout,4af4d4d1-9f87-4dc7-95f2-b10751d44c15,ab6386c6-c7e3-422f-9134-e20e92725ee5,ab6386c6-c7e3-422f-9134-e20e92725ee5|50c2125b-406c-41e7-aad6-5432c7cd8e1c,efe9989b-5864-48c2-806c-06697024e1da|4af4d4d1-9f87-4dc7-95f2-b10751d44c15,Emma Nelson|AJ Koller,Allyce Jones|Tama Shimabukuro,0
149,4,mixed,56520919-20b9-41be-82a3-7d2b1bea6c97,7,3537.0,3560.0,23.0,0,1-2-1,second,50c2125b-406c-41e7-aad6-5432c7cd8e1c,efe9989b-5864-48c2-806c-06697024e1da,ab6386c6-c7e3-422f-9134-e20e92725ee5|50c2125b-406c-41e7-aad6-5432c7cd8e1c,efe9989b-5864-48c2-806c-06697024e1da|4af4d4d1-9f87-4dc7-95f2-b10751d44c15,Emma Nelson|AJ Koller,Allyce Jones|Tama Shimabukuro,0
150,4,mixed,56520919-20b9-41be-82a3-7d2b1bea6c97,8,3561.0,3575.0,14.0,1,1-2-2,sideout,ab6386c6-c7e3-422f-9134-e20e92725ee5,4af4d4d1-9f87-4dc7-95f2-b10751d44c15,ab6386c6-c7e3-422f-9134-e20e92725ee5|50c2125b-406c-41e7-aad6-5432c7cd8e1c,efe9989b-5864-48c2-806c-06697024e1da|4af4d4d1-9f87-4dc7-95f2-b10751d44c15,Emma Nelson|AJ Koller,Allyce Jones|Tama Shimabukuro,0
151,4,mixed,56520919-20b9-41be-82a3-7d2b1bea6c97,9,3577.0,3595.0,18.0,0,2-1-1,second,efe9989b-5864-48c2-806c-06697024e1da,50c2125b-406c-41e7-aad6-5432c7cd8e1c,ab6386c6-c7e3-422f-9134-e20e92725ee5|50c2125b-406c-41e7-aad6-5432c7cd8e1c,efe9989b-5864-48c2-806c-06697024e1da|4af4d4d1-9f87-4dc7-95f2-b10751d44c15,Emma Nelson|AJ Koller,Allyce Jones|Tama Shimabukuro,0
152,4,mixed,56520919-20b9-41be-82a3-7d2b1bea6c97,10,3603.0,3641.0,38.0,0,2-1-2,point,4af4d4d1-9f87-4dc7-95f2-b10751d44c15,ab6386c6-c7e3-422f-9134-e20e92725ee5,ab6386c6-c7e3-422f-9134-e20e92725ee5|50c2125b-406c-41e7-aad6-5432c7cd8e1c,efe9989b-5864-48c2-806c-06697024e1da|4af4d4d1-9f87-4dc7-95f2-b10751d44c15,Emma Nelson|AJ Koller,Allyce Jones|Tama Shimabukuro,0
153,4,mixed,56520919-20b9-41be-82a3-7d2b1bea6c97,11,3685.0,3685.0,0.0,0,3-1-2,sideout,4af4d4d1-9f87-4dc7-95f2-b10751d44c15,50c2125b-406c-41e7-aad6-5432c7cd8e1c,ab6386c6-c7e3-422f-9134-e20e92725ee5|50c2125b-406c-41e7-aad6-5432c7cd8e1c,efe9989b-5864-48c2-806c-06697024e1da|4af4d4d1-9f87-4dc7-95f2-b10751d44c15,Emma Nelson|AJ Koller,Allyce Jones|Tama Shimabukuro,0
154,4,mixed,56520919-20b9-41be-82a3-7d2b1bea6c97,12,3687.0,3720.0,33.0,0,1-3-1,second,50c2125b-406c-41e7-aad6-5432c7cd8e1c,4af4d4d1-9f87-4dc7-95f2-b10751d44c15,ab6386c6-c7e3-422f-9134-e20e92725ee5|50c2125b-406c-41e7-aad6-5432c7cd8e1c,efe9989b-5864-48c2-806c-06697024e1da|4af4d4d1-9f87-4dc7-95f2-b10751d44c15,Emma Nelson|AJ Koller,Allyce Jones|Tama Shimabukuro,0
155,4,mixed,56520919-20b9-41be-82a3-7d2b1bea6c97,13,3720.0,3741.0,21.0,0,1-3-2,sideout,ab6386c6-c7e3-422f-9134-e20e92725ee5,efe9989b-5864-48c2-806c-06697024e1da,ab6386c6-c7e3-422f-9134-e20e92725ee5|50c2125b-406c-41e7-aad6-5432c7cd8e1c,efe9989b-5864-48c2-806c-06697024e1da|4af4d4d1-9f87-4dc7-95f2-b10751d44c15,Emma Nelson|AJ Koller,Allyce Jones|Tama Shimabukuro,0
156,4,mixed,56520919-20b9-41be-82a3-7d2b1bea6c97,14,3743.0,3755.0,12.0,0,3-1-1,point,4af4d4d1-9f87-4dc7-95f2-b10751d44c15,50c2125b-406c-41e7-aad6-5432c7cd8e1c,ab6386c6-c7e3-422f-9134-e20e92725ee5|50c2125b-406c-41e7-aad6-5432c7cd8e1c,efe9989b-5864-48c2-806c-06697024e1da|4af4d4d1-9f87-4dc7-95f2-b10751d44c15,Emma Nelson|AJ Koller,Allyce Jones|Tama Shimabukuro,0
157,4,mixed,56520919-20b9-41be-82a3-7d2b1bea6c97,15,3756.0,3772.0,16.0,1,4-1-1,second,4af4d4d1-9f87-4dc7-95f2-b10751d44c15,ab6386c6-c7e3-422f-9134-e20e92725ee5,ab6386c6-c7e3-422f-9134-e20e92725ee5|50c2125b-406c-41e7-aad6-5432c7cd8e1c,efe9989b-5864-48c2-806c-06697024e1da|4af4d4d1-9f87-4dc7-95f2-b10751d44c15,Emma Nelson|AJ Koller,Allyce Jones|Tama Shimabukuro,0
158,4,mixed,56520919-20b9-41be-82a3-7d2b1bea6c97,16,3772.0,3799.0,27.0,1,4-1-2,sideout,efe9989b-5864-48c2-806c-06697024e1da,50c2125b-406c-41e7-aad6-5432c7cd8e1c,ab6386c6-c7e3-422f-9134-e20e92725ee5|50c2125b-406c-41e7-aad6-5432c7cd8e1c,efe9989b-5864-48c2-806c-06697024e1da|4af4d4d1-9f87-4dc7-95f2-b10751d44c15,Emma Nelson|AJ Koller,Allyce Jones|Tama Shimabukuro,0
159,4,mixed,56520919-20b9-41be-82a3-7d2b1bea6c97,17,3802.0,3821.0,19.0,0,1-4-1,point,50c2125b-406c-41e7-aad6-5432c7cd8e1c,efe9989b-5864-48c2-806c-06697024e1da,ab6386c6-c7e3-422f-9134-e20e92725ee5|50c2125b-406c-41e7-aad6-5432c7cd8e1c,efe9989b-5864-48c2-806c-06697024e1da|4af4d4d1-9f87-4dc7-95f2-b10751d44c15,Emma Nelson|AJ Koller,Allyce Jones|Tama Shimabukuro,0
160,4,mixed,56520919-20b9-41be-82a3-7d2b1bea6c97,18,3837.0,3850.0,13.0,1,2-4-1,second,50c2125b-406c-41e7-aad6-5432c7cd8e1c,4af4d4d1-9f87-4dc7-95f2-b10751d44c15,ab6386c6-c7e3-422f-9134-e20e92725ee5|50c2125b-406c-41e7-aad6-5432c7cd8e1c,efe9989b-5864-48c2-806c-06697024e1da|4af4d4d1-9f87-4dc7-95f2-b10751d44c15,Emma Nelson|AJ Koller,Allyce Jones|Tama Shimabukuro,0
161,4,mixed,56520919-20b9-41be-82a3-7d2b1bea6c97,19,3853.0,3869.0,16.0,0,2-4-2,sideout,ab6386c6-c7e3-422f-9134-e20e92725ee5,efe9989b-5864-48c2-806c-06697024e1da,ab6386c6-c7e3-422f-9134-e20e92725ee5|50c2125b-406c-41e7-aad6-5432c7cd8e1c,efe9989b-5864-48c2-806c-06697024e1da|4af4d4d1-9f87-4dc7-95f2-b10751d44c15,Emma Nelson|AJ Koller,Allyce Jones|Tama Shimabukuro,0
162,4,mixed,56520919-20b9-41be-82a3-7d2b1bea6c97,20,3871.0,3896.0,25.0,0,4-2-1,second,efe9989b-5864-48c2-806c-06697024e1da,ab6386c6-c7e3-422f-9134-e20e92725ee5,ab6386c6-c7e3-422f-9134-e20e92725ee5|50c2125b-406c-41e7-aad6-5432c7cd8e1c,efe9989b-5864-48c2-806c-06697024e1da|4af4d4d1-9f87-4dc7-95f2-b10751d44c15,Emma Nelson|AJ Koller,Allyce Jones|Tama Shimabukuro,0
163,4,mixed,56520919-20b9-41be-82a3-7d2b1bea6c97,21,3896.0,3911.0,15.0,0,4-2-2,sideout,4af4d4d1-9f87-4dc7-95f2-b10751d44c15,50c2125b-406c-41e7-aad6-5432c7cd8e1c,ab6386c6-c7e3-422f-9134-e20e92725ee5|50c2125b-406c-41e7-aad6-5432c7cd8e1c,efe9989b-5864-48c2-806c-06697024e1da|4af4d4d1-9f87-4dc7-95f2-b10751d44c15,Emma Nelson|AJ Koller,Allyce Jones|Tama Shimabukuro,0
164,4,mixed,56520919-20b9-41be-82a3-7d2b1bea6c97,22,3914.0,3935.0,21.0,0,2-4-1,second,ab6386c6-c7e3-422f-9134-e20e92725ee5,efe9989b-5864-48c2-806c-06697024e1da,ab6386c6-c7e3-422f-9134-e20e92725ee5|50c2125b-406c-41e7-aad6-5432c7cd8e1c,efe9989b-5864-48c2-806c-06697024e1da|4af4d4d1-9f87-4dc7-95f2-b10751d44c15,Emma Nelson|AJ Koller,Allyce Jones|Tama Shimabukuro,0
165,4,mixed,56520919-20b9-41be-82a3-7d2b1bea6c97,23,3934.0,3953.0,19.0,0,2-4-2,sideout,50c2125b-406c-41e7-aad6-5432c7cd8e1c,4af4d4d1-9f87-4dc7-95f2-b10751d44c15,ab6386c6-c7e3-422f-9134-e20e92725ee5|50c2125b-406c-41e7-aad6-5432c7cd8e1c,efe9989b-5864-48c2-806c-06697024e1da|4af4d4d1-9f87-4dc7-95f2-b10751d44c15,Emma Nelson|AJ Koller,Allyce Jones|Tama Shimabukuro,0
166,4,mixed,56520919-20b9-41be-82a3-7d2b1bea6c97,24,3955.0,3968.0,13.0,0,4-2-1,point,efe9989b-5864-48c2-806c-06697024e1da,ab6386c6-c7e3-422f-9134-e20e92725ee5,ab6386c6-c7e3-422f-9134-e20e92725ee5|50c2125b-406c-41e7-aad6-5432c7cd8e1c,efe9989b-5864-48c2-806c-06697024e1da|4af4d4d1-9f87-4dc7-95f2-b10751d44c15,Emma Nelson|AJ Koller,Allyce Jones|Tama Shimabukuro,0
167,4,mixed,56520919-20b9-41be-82a3-7d2b1bea6c97,25,3968.0,3986.0,18.0,0,5-2-1,point,efe9989b-5864-48c2-806c-06697024e1da,50c2125b-406c-41e7-aad6-5432c7cd8e1c,ab6386c6-c7e3-422f-9134-e20e92725ee5|50c2125b-406c-41e7-aad6-5432c7cd8e1c,efe9989b-5864-48c2-806c-06697024e1da|4af4d4d1-9f87-4dc7-95f2-b10751d44c15,Emma Nelson|AJ Koller,Allyce Jones|Tama Shimabukuro,0
168,4,mixed,56520919-20b9-41be-82a3-7d2b1bea6c97,26,4017.2,4051.2,34.0,1,6-2-1,second,efe9989b-5864-48c2-806c-06697024e1da,ab6386c6-c7e3-422f-9134-e20e92725ee5,ab6386c6-c7e3-422f-9134-e20e92725ee5|50c2125b-406c-41e7-aad6-5432c7cd8e1c,efe9989b-5864-48c2-806c-06697024e1da|4af4d4d1-9f87-4dc7-95f2-b10751d44c15,Emma Nelson|AJ Koller,Allyce Jones|Tama Shimabukuro,0
169,4,mixed,56520919-20b9-41be-82a3-7d2b1bea6c97,27,4029.0,4070.0,41.0,1,6-2-2,sideout,4af4d4d1-9f87-4dc7-95f2-b10751d44c15,50c2125b-406c-41e7-aad6-5432c7cd8e1c,ab6386c6-c7e3-422f-9134-e20e92725ee5|50c2125b-406c-41e7-aad6-5432c7cd8e1c,efe9989b-5864-48c2-806c-06697024e1da|4af4d4d1-9f87-4dc7-95f2-b10751d44c15,Emma Nelson|AJ Koller,Allyce Jones|Tama Shimabukuro,1
170,4,mixed,56520919-20b9-41be-82a3-7d2b1bea6c97,28,4070.0,4087.0,17.0,0,2-6-1,point,ab6386c6-c7e3-422f-9134-e20e92725ee5,efe9989b-5864-48c2-806c-06697024e1da,ab6386c6-c7e3-422f-9134-e20e92725ee5|50c2125b-406c-41e7-aad6-5432c7cd8e1c,efe9989b-5864-48c2-806c-06697024e1da|4af4d4d1-9f87-4dc7-95f2-b10751d44c15,Emma Nelson|AJ Koller,Allyce Jones|Tama Shimabukuro,0
171,4,mixed,56520919-20b9-41be-82a3-7d2b1bea6c97,29,4095.0,4111.0,16.0,0,3-6-1,second,ab6386c6-c7e3-422f-9134-e20e92725ee5,4af4d4d1-9f87-4dc7-95f2-b10751d44c15,ab6386c6-c7e3-422f-9134-e20e92725ee5|50c2125b-406c-41e7-aad6-5432c7cd8e1c,efe9989b-5864-48c2-806c-06697024e1da|4af4d4d1-9f87-4dc7-95f2-b10751d44c15,Emma Nelson|AJ Koller,Allyce Jones|Tama Shimabukuro,0
172,4,mixed,56520919-20b9-41be-82a3-7d2b1bea6c97,30,4117.0,4141.0,24.0,1,3-6-2,point,50c2125b-406c-41e7-aad6-5432c7cd8e1c,efe9989b-5864-48c2-806c-06697024e1da,ab6386c6-c7e3-422f-9134-e20e92725ee5|50c2125b-406c-41e7-aad6-5432c7cd8e1c,efe9989b-5864-48c2-806c-06697024e1da|4af4d4d1-9f87-4dc7-95f2-b10751d44c15,Emma Nelson|AJ Koller,Allyce Jones|Tama Shimabukuro,0
173,4,mixed,56520919-20b9-41be-82a3-7d2b1bea6c97,31,4139.0,4162.0,23.0,1,4-6-2,point,50c2125b-406c-41e7-aad6-5432c7cd8e1c,4af4d4d1-9f87-4dc7-95f2-b10751d44c15,ab6386c6-c7e3-422f-9134-e20e92725ee5|50c2125b-406c-41e7-aad6-5432c7cd8e1c,efe9989b-5864-48c2-806c-06697024e1da|4af4d4d1-9f87-4dc7-95f2-b10751d44c15,Emma Nelson|AJ Koller,Allyce Jones|Tama Shimabukuro,1
174,4,mixed,56520919-20b9-41be-82a3-7d2b1bea6c97,32,4167.0,4185.0,18.0,0,5-6-2,point,50c2125b-406c-41e7-aad6-5432c7cd8e1c,efe9989b-5864-48c2-806c-06697024e1da,ab6386c6-c7e3-422f-9134-e20e92725ee5|50c2125b-406c-41e7-aad6-5432c7cd8e1c,efe9989b-5864-48c2-806c-06697024e1da|4af4d4d1-9f87-4dc7-95f2-b10751d44c15,Emma Nelson|AJ Koller,Allyce Jones|Tama Shimabukuro,0
175,4,mixed,56520919-20b9-41be-82a3-7d2b1bea6c97,33,4194.7,4224.7,30.0,1,6-6-2,point,50c2125b-406c-41e7-aad6-5432c7cd8e1c,4af4d4d1-9f87-4dc7-95f2-b10751d44c15,ab6386c6-c7e3-422f-9134-e20e92725ee5|50c2125b-406c-41e7-aad6-5432c7cd8e1c,efe9989b-5864-48c2-806c-06697024e1da|4af4d4d1-9f87-4dc7-95f2-b10751d44c15,Emma Nelson|AJ Koller,Allyce Jones|Tama Shimabukuro,0
176,4,mixed,56520919-20b9-41be-82a3-7d2b1bea6c97,34,4216.0,4240.0,24.0,1,7-6-2,sideout,50c2125b-406c-41e7-aad6-5432c7cd8e1c,efe9989b-5864-48c2-806c-06697024e1da,ab6386c6-c7e3-422f-9134-e20e92725ee5|50c2125b-406c-41e7-aad6-5432c7cd8e1c,efe9989b-5864-48c2-806c-06697024e1da|4af4d4d1-9f87-4dc7-95f2-b10751d44c15,Emma Nelson|AJ Koller,Allyce Jones|Tama Shimabukuro,0
177,4,mixed,56520919-20b9-41be-82a3-7d2b1bea6c97,35,4243.9,4274.9,31.0,1,6-7-1,point,efe9989b-5864-48c2-806c-06697024e1da,50c2125b-406c-41e7-aad6-5432c7cd8e1c,ab6386c6-c7e3-422f-9134-e20e92725ee5|50c2125b-406c-41e7-aad6-5432c7cd8e1c,efe9989b-5864-48c2-806c-06697024e1da|4af4d4d1-9f87-4dc7-95f2-b10751d44c15,Emma Nelson|AJ Koller,Allyce Jones|Tama Shimabukuro,0
178,4,mixed,56520919-20b9-41be-82a3-7d2b1bea6c97,36,4279.4,4297.4,18.0,1,7-7-1,second,efe9989b-5864-48c2-806c-06697024e1da,ab6386c6-c7e3-422f-9134-e20e92725ee5,ab6386c6-c7e3-422f-9134-e20e92725ee5|50c2125b-406c-41e7-aad6-5432c7cd8e1c,efe9989b-5864-48c2-806c-06697024e1da|4af4d4d1-9f87-4dc7-95f2-b10751d44c15,Emma Nelson|AJ Koller,Allyce Jones|Tama Shimabukuro,0
179,4,mixed,56520919-20b9-41be-82a3-7d2b1bea6c97,37,4306.0,4366.0,60.0,1,7-7-2,point,4af4d4d1-9f87-4dc7-95f2-b10751d44c15,50c2125b-406c-41e7-aad6-5432c7cd8e1c,ab6386c6-c7e3-422f-9134-e20e92725ee5|50c2125b-406c-41e7-aad6-5432c7cd8e1c,efe9989b-5864-48c2-806c-06697024e1da|4af4d4d1-9f87-4dc7-95f2-b10751d44c15,Emma Nelson|AJ Koller,Allyce Jones|Tama Shimabukuro,1
180,4,mixed,56520919-20b9-41be-82a3-7d2b1bea6c97,38,4364.0,4406.0,42.0,1,8-7-2,sideout,4af4d4d1-9f87-4dc7-95f2-b10751d44c15,ab6386c6-c7e3-422f-9134-e20e92725ee5,ab6386c6-c7e3-422f-9134-e20e92725ee5|50c2125b-406c-41e7-aad6-5432c7cd8e1c,efe9989b-5864-48c2-806c-06697024e1da|4af4d4d1-9f87-4dc7-95f2-b10751d44c15,Emma Nelson|AJ Koller,Allyce Jones|Tama Shimabukuro,0
181,4,mixed,56520919-20b9-41be-82a3-7d2b1bea6c97,39,4411.0,4447.0,36.0,1,7-8-1,second,50c2125b-406c-41e7-aad6-5432c7cd8e1c,efe9989b-5864-48c2-806c-06697024e1da,ab6386c6-c7e3-422f-9134-e20e92725ee5|50c2125b-406c-41e7-aad6-5432c7cd8e1c,efe9989b-5864-48c2-806c-06697024e1da|4af4d4d1-9f87-4dc7-95f2-b10751d44c15,Emma Nelson|AJ Koller,Allyce Jones|Tama Shimabukuro,0
182,4,mixed,56520919-20b9-41be-82a3-7d2b1bea6c97,40,4428.9,4458.9,30.0,1,7-8-2,sideout,ab6386c6-c7e3-422f-9134-e20e92725ee5,4af4d4d1-9f87-4dc7-95f2-b10751d44c15,ab6386c6-c7e3-422f-9134-e20e92725ee5|50c2125b-406c-41e7-aad6-5432c7cd8e1c,efe9989b-5864-48c2-806c-06697024e1da|4af4d4d1-9f87-4dc7-95f2-b10751d44c15,Emma Nelson|AJ Koller,Allyce Jones|Tama Shimabukuro,0
183,4,mixed,56520919-20b9-41be-82a3-7d2b1bea6c97,41,4476.0,4504.0,28.0,0,8-7-1,second,efe9989b-5864-48c2-806c-06697024e1da,50c2125b-406c-41e7-aad6-5432c7cd8e1c,ab6386c6-c7e3-422f-9134-e20e92725ee5|50c2125b-406c-41e7-aad6-5432c7cd8e1c,efe9989b-5864-48c2-806c-06697024e1da|4af4d4d1-9f87-4dc7-95f2-b10751d44c15,Emma Nelson|AJ Koller,Allyce Jones|Tama Shimabukuro,0
184,4,mixed,56520919-20b9-41be-82a3-7d2b1bea6c97,42,4505.0,4517.0,12.0,0,8-7-2,sideout,4af4d4d1-9f87-4dc7-95f2-b10751d44c15,ab6386c6-c7e3-422f-9134-e20e92725ee5,ab6386c6-c7e3-422f-9134-e20e92725ee5|50c2125b-406c-41e7-aad6-5432c7cd8e1c,efe9989b-5864-48c2-806c-06697024e1da|4af4d4d1-9f87-4dc7-95f2-b10751d44c15,Emma Nelson|AJ Koller,Allyce Jones|Tama Shimabukuro,0
185,4,mixed,56520919-20b9-41be-82a3-7d2b1bea6c97,43,4520.0,4553.0,33.0,0,7-8-1,point,50c2125b-406c-41e7-aad6-5432c7cd8e1c,efe9989b-5864-48c2-806c-06697024e1da,ab6386c6-c7e3-422f-9134-e20e92725ee5|50c2125b-406c-41e7-aad6-5432c7cd8e1c,efe9989b-5864-48c2-806c-06697024e1da|4af4d4d1-9f87-4dc7-95f2-b10751d44c15,Emma Nelson|AJ Koller,Allyce Jones|Tama Shimabukuro,0
186,4,mixed,56520919-20b9-41be-82a3-7d2b1bea6c97,44,4555.0,4579.0,24.0,1,8-8-1,second,50c2125b-406c-41e7-aad6-5432c7cd8e1c,4af4d4d1-9f87-4dc7-95f2-b10751d44c15,ab6386c6-c7e3-422f-9134-e20e92725ee5|50c2125b-406c-41e7-aad6-5432c7cd8e1c,efe9989b-5864-48c2-806c-06697024e1da|4af4d4d1-9f87-4dc7-95f2-b10751d44c15,Emma Nelson|AJ Koller,Allyce Jones|Tama Shimabukuro,1
187,4,mixed,56520919-20b9-41be-82a3-7d2b1bea6c97,45,4578.0,4607.0,29.0,0,8-8-2,point,ab6386c6-c7e3-422f-9134-e20e92725ee5,efe9989b-5864-48c2-806c-06697024e1da,ab6386c6-c7e3-422f-9134-e20e92725ee5|50c2125b-406c-41e7-aad6-5432c7cd8e1c,efe9989b-5864-48c2-806c-06697024e1da|4af4d4d1-9f87-4dc7-95f2-b10751d44c15,Emma Nelson|AJ Koller,Allyce Jones|Tama Shimabukuro,0
188,4,mixed,56520919-20b9-41be-82a3-7d2b1bea6c97,46,4607.0,4635.0,28.0,0,9-8-2,sideout,ab6386c6-c7e3-422f-9134-e20e92725ee5,4af4d4d1-9f87-4dc7-95f2-b10751d44c15,ab6386c6-c7e3-422f-9134-e20e92725ee5|50c2125b-406c-41e7-aad6-5432c7cd8e1c,efe9989b-5864-48c2-806c-06697024e1da|4af4d4d1-9f87-4dc7-95f2-b10751d44c15,Emma Nelson|AJ Koller,Allyce Jones|Tama Shimabukuro,0
189,4,mixed,56520919-20b9-41be-82a3-7d2b1bea6c97,47,4639.0,4673.0,34.0,0,8-9-1,second,efe9989b-5864-48c2-806c-06697024e1da,50c2125b-406c-41e7-aad6-5432c7cd8e1c,ab6386c6-c7e3-422f-9134-e20e92725ee5|50c2125b-406c-41e7-aad6-5432c7cd8e1c,efe9989b-5864-48c2-806c-06697024e1da|4af4d4d1-9f87-4dc7-95f2-b10751d44c15,Emma Nelson|AJ Koller,Allyce Jones|Tama Shimabukuro,0
190,4,mixed,56520919-20b9-41be-82a3-7d2b1bea6c97,48,4673.0,4689.0,16.0,0,8-9-2,point,4af4d4d1-9f87-4dc7-95f2-b10751d44c15,ab6386c6-c7e3-422f-9134-e20e92725ee5,ab6386c6-c7e3-422f-9134-e20e92725ee5|50c2125b-406c-41e7-aad6-5432c7cd8e1c,efe9989b-5864-48c2-806c-06697024e1da|4af4d4d1-9f87-4dc7-95f2-b10751d44c15,Emma Nelson|AJ Koller,Allyce Jones|Tama Shimabukuro,0
191,4,mixed,56520919-20b9-41be-82a3-7d2b1bea6c97,49,4694.0,4725.0,31.0,0,9-9-2,point,4af4d4d1-9f87-4dc7-95f2-b10751d44c15,50c2125b-406c-41e7-aad6-5432c7cd8e1c,ab6386c6-c7e3-422f-9134-e20e92725ee5|50c2125b-406c-41e7-aad6-5432c7cd8e1c,efe9989b-5864-48c2-806c-06697024e1da|4af4d4d1-9f87-4dc7-95f2-b10751d44c15,Emma Nelson|AJ Koller,Allyce Jones|Tama Shimabukuro,0
192,4,mixed,56520919-20b9-41be-82a3-7d2b1bea6c97,50,4730.0,4749.0,19.0,0,10-9-2,sideout,4af4d4d1-9f87-4dc7-95f2-b10751d44c15,ab6386c6-c7e3-422f-9134-e20e92725ee5,ab6386c6-c7e3-422f-9134-e20e92725ee5|50c2125b-406c-41e7-aad6-5432c7cd8e1c,efe9989b-5864-48c2-806c-06697024e1da|4af4d4d1-9f87-4dc7-95f2-b10751d44c15,Emma Nelson|AJ Koller,Allyce Jones|Tama Shimabukuro,0
193,4,mixed,56520919-20b9-41be-82a3-7d2b1bea6c97,51,4730.0,4752.0,22.0,1,10-9-2,point,4af4d4d1-9f87-4dc7-95f2-b10751d44c15,ab6386c6-c7e3-422f-9134-e20e92725ee5,ab6386c6-c7e3-422f-9134-e20e92725ee5|50c2125b-406c-41e7-aad6-5432c7cd8e1c,efe9989b-5864-48c2-806c-06697024e1da|4af4d4d1-9f87-4dc7-95f2-b10751d44c15,Emma Nelson|AJ Koller,Allyce Jones|Tama Shimabukuro,0
