player_id,full_name,gender,doubles_value,singles_value,V_total,V_regular,V_db
129b2771-34b5-4b7f-9c23-e020a6aa3e6a,Anna Leigh Waters,F,1.7994,2.5104,0.42216,0.35956,0.0626
db5eef5c-99dd-49d9-bbfc-65171a366bda,Anna Bright,F,1.3267,1.8293,0.34235,0.29505,0.0473
1728d016-1f02-4789-be73-63d12d5a5b42,Parris Todd,F,1.139,1.9265,0.29625,0.24079,0.05546
b51ea0fb-c243-4427-85f8-b798febb51ff,Jorja Johnson,F,1.1731,1.4531,0.28752,0.25243,0.0351
3af01041-5679-400a-87b8-12c01db8cec4,Kate Fahey,F,1.0808,2.0328,0.28219,0.22109,0.0611
6cae3a50-eee6-45ea-8b28-85ef9c50e3c4,Jade Kawamoto,F,1.1558,1.2202,0.27133,0.24596,0.02538
6f862c1d-1317-4fe7-bdcd-64caa0dbb088,Ben Johns,M,1.1139,1.9098,0.26913,0.21907,0.05006
50908953-a944-4a34-898b-16af312bc814,Rachel Rohrabacher,F,1.1172,1.3087,0.26338,0.23373,0.02966
f879086b-e0e5-4772-b0a6-4055c265da69,Tina Pisnik,F,1.1255,1.1198,0.25765,0.2365,0.02115
be33755f-9262-461b-aedd-e9a7a686a82c,Jackie Kawamoto,F,1.0882,1.2305,0.24865,0.22215,0.0265
bd061b42-2f82-4bbe-82be-d8bcfb37f9e1,JW Johnson,M,1.0854,1.5994,0.24476,0.20782,0.03694
fec65f7e-f2c8-482f-ab5b-541cf53b1064,Tyra Hurricane Black,F,1.0877,1.1177,0.24453,0.22302,0.02151
fc05556e-3e38-4a38-99c2-f855174a7c28,Hayden Patriquin,M,1.0803,1.529,0.24038,0.20648,0.0339
79a11da1-6aeb-4719-9b1e-9918e0163cec,Christian Alshon,M,1.0143,1.9393,0.23347,0.18015,0.05333
d50310a6-9378-4228-823f-7fb54f7bd698,Gabriel Tardio,M,1.0708,1.4509,0.23334,0.20294,0.0304
b9bacc1e-29b5-4a92-a9c1-24e08ac72215,Sofia Sewing,F,1.0173,1.1429,0.21737,0.19411,0.02327
2c4de762-88d6-47c3-8b2b-af562c5d1f93,Danni-Elle Townsend,F,1.0217,0.971,0.21189,0.19668,0.01521
b1ab7d76-a859-4136-8405-3ed7c9be287a,Mari Humberg,F,0.9922,1.0259,0.20289,0.1848,0.0181
7edb882c-6d17-4129-8208-710e3c82364c,Federico Staksrud,M,0.905,2.0662,0.19347,0.13236,0.06111
9b97206b-783a-4fab-85e9-45a6240325a5,Catherine Parenteau,F,0.8946,1.6707,0.1919,0.14234,0.04955
581183e8-3d9e-459e-b69f-7337d8b6f3d2,Andrei Daescu,M,0.975,1.3466,0.19027,0.16361,0.02666
ff789b9c-80c4-442c-b97e-2e2311298cfb,Vivian Glozman,F,0.923,1.442,0.18894,0.15036,0.03858
52690a0c-ed4a-4e0b-bf69-4ef416cf7d55,Eric Oncins,M,0.9479,1.4889,0.18529,0.15163,0.03367
295e343a-31a0-4e1d-a286-d62592291435,Jay Devilliers,M,0.9207,1.5818,0.17751,0.13897,0.03854
7f36e416-0907-43b2-8ec4-e9533088e30f,Bobbi Oshiro,F,0.8971,1.4317,0.17173,0.13323,0.0385
a3ed7970-35d2-485c-8285-187c298a2d83,Lacy Schneemann,F,0.895,1.1123,0.16502,0.14218,0.02284
20684550-cb89-4ea2-9e2f-0f44eb920b45,Chao Yi Wang,F,0.8588,1.4524,0.16483,0.12502,0.03981
051f5c82-82ce-4ab8-b4f8-36976638a89b,Sahra Dennehy,F,0.829,1.5878,0.15696,0.11039,0.04656
3a43c56f-b9d8-4e72-ae8a-58fd69291946,Jack Sock,M,0.8369,1.7843,0.14895,0.09976,0.04919
afc0bfc9-8cd8-4600-bd45-681092186db3,Vivienne David,F,0.8795,0.9926,0.14883,0.13164,0.01719
05b194b3-db88-4f77-a26f-5ef5cfbf6146,Riley Newman,M,0.9049,1.126,0.1484,0.13196,0.01644
676b1cbc-766c-4616-bf39-1787ffd8c72a,Etta Tuionetoa,F,0.8619,0.9197,0.14014,0.12648,0.01366
ff38654d-daae-4bad-a1a7-690e4e5706eb,Connor Garnett,M,0.8096,1.7966,0.13687,0.08684,0.05003
8f521dcc-1cb5-4c8d-933c-af6b267bd395,Meghan Dizon,F,0.8478,0.9632,0.13562,0.11982,0.0158
14d61e81-14d5-4cb3-ae33-d427fbc1b4f6,Quang Duong,M,0.7965,1.9533,0.13505,0.07737,0.05767
0763ffeb-1b1f-41c5-ab37-d17b66e50b50,Phuc Huynh,M,0.8298,1.6625,0.13427,0.09077,0.0435
1d51becb-4ea0-4878-9660-e3fd2dfaa0ea,Ewa Radzikowska,F,0.8522,0.8539,0.13023,0.11975,0.01048
efe9989b-5864-48c2-806c-06697024e1da,Allyce Jones,F,0.8269,0.9688,0.12611,0.10983,0.01627
55ed7e0a-ff2d-4ac2-aad6-b6772ef4f448,Layne Sleeth,F,0.7881,1.3162,0.12417,0.09039,0.03379
1bb8b2c1-ca6f-45ac-afdd-fab7e77d69d4,Noe Khlif,M,0.7918,1.6911,0.12329,0.07827,0.04503
f6fa549d-8a9c-46fd-aeb8-af8a3f0f7a59,Robert Slutsky,M,0.8246,1.3752,0.12106,0.09183,0.02922
12d79cbe-b5c7-4504-ab8f-f352a6bb8629,Thomas Wilson,M,0.8655,1.0278,0.11725,0.10554,0.01171
1bfba782-55f3-42e4-9889-9018e793c0b5,Leigh Waters,F,0.8277,0.8274,0.1161,0.10688,0.00922
98c2531f-f5ce-48b5-b251-eb69425d409c,Jillian Braverman,F,0.7966,1.1985,0.11484,0.08688,0.02795
06dc9b8a-5c01-49cf-bb4d-70d7b5f85acf,Brooke Buckner,F,0.7261,1.7514,0.11474,0.05927,0.05547
d0f19d1e-2a6e-4eb3-b10c-1311edd599a8,Will Howells,M,0.7824,1.5204,0.11025,0.07339,0.03685
646f7432-e6ad-4ccf-95ee-a0e5d9514d28,Alix Truong,F,0.7944,0.9522,0.10925,0.09381,0.01544
f90428f0-e4a3-4a08-a664-518ba7f188d2,Jack Munro,M,0.8066,1.3501,0.10789,0.07966,0.02823
655e0349-7e66-4233-b999-b6cca2298f9b,Yana Newell,F,0.8122,0.8106,0.10757,0.09928,0.00829
a000a067-1bf1-442f-a961-e6c97cb50006,Nicolas Acevedo,M,0.8422,0.8503,0.10514,0.10226,0.00289
8160ad59-4654-46b1-b229-8d5f2a9a45f9,Hunter Johnson,M,0.7204,1.9754,0.10151,0.04217,0.05934
7319013d-d511-4aa5-a356-4aa2cccf94f5,Lea Jansen,F,0.7014,1.7328,0.10135,0.04662,0.05473
1de884f8-7bf7-4b49-9de8-3f1fd74cabd6,Dylan Frazier,M,0.7531,1.6097,0.10012,0.05874,0.04138
34049405-b415-4f3a-aade-5be0111ac7db,Bruno Faletto,M,0.782,1.305,0.09797,0.07197,0.026
33292af3-984d-4752-8d18-b3a5c147e9fe,Armaan Bhatia,M,0.7666,1.3621,0.0942,0.06526,0.02894
ec4cdfe2-c6f6-4de1-824e-9adcaeb31196,Judit Castillo,F,0.7037,1.5686,0.09418,0.04742,0.04676
29e8121d-6f86-4192-b7af-ab05b77b89fe,Ting Chieh Wei,F,0.7522,1.0546,0.09339,0.07259,0.0208
70c18684-f615-4d05-9aa9-5cbdbd53ab9f,Carlota Trevino,F,0.7437,1.1431,0.0932,0.06793,0.02527
6794d224-7da3-43d9-8300-e24e731f5dea,Samantha Parker,F,0.7293,1.2819,0.0929,0.06046,0.03244
719e2d3b-d10d-402d-a195-41f072214679,Isabella Dunlap,F,0.7124,1.3075,0.08606,0.05222,0.03385
4798e757-53f5-4e52-92aa-98172c8f7862,Roos Van Reek,F,0.7007,1.4596,0.08581,0.04448,0.04133
925c1306-6b3b-4510-8482-f34168a0842a,Roscoe Bellamy,M,0.7114,1.73,0.08509,0.03767,0.04741
eb14fc6e-ede1-4999-bec3-e36695e7f94e,Milan Rane,F,0.7214,1.1347,0.08197,0.05701,0.02496
bf84d952-c6a8-4494-943d-064b223e764f,Estee Widdershoven,F,0.7236,1.0819,0.07989,0.05764,0.02225
6866df42-48ad-423c-9e57-d7d4d6fb66ef,Vanshik Kapadia,M,0.782,0.998,0.07945,0.06912,0.01034
8e2f9629-19d0-409d-81dc-b64fe2f3d3ff,Jessie Irvine,F,0.7421,0.8618,0.07868,0.06755,0.01112
cc8832b9-9a8f-4cbc-8eff-b20e9a7ff09a,Jaume Martinez Vich,M,0.6923,1.7804,0.07819,0.02809,0.0501
3e6b668a-8d26-4424-9420-3ceb18486b65,Daria Walczak,F,0.7092,1.1894,0.07799,0.05008,0.02791
ba491f1c-0112-47a8-a348-4695289e958a,Augustus Ge,M,0.7419,1.2649,0.07754,0.05332,0.02422
ead35052-7367-4296-96d4-064f546cc2b9,CJ Klinger,M,0.7577,1.1036,0.07698,0.06116,0.01582
ce4f0e14-80ea-4ed0-a81c-7341d356d427,Yuta Funemizu,M,0.7681,0.9896,0.07594,0.06598,0.00996
20945292-032a-47f1-93c5-d44ada6e4783,Yufei Long,F,0.6852,1.335,0.0722,0.03691,0.0353
2c2a2b82-9ec7-4046-97cb-3a199ed507af,Oscar Serra,M,0.728,1.2388,0.06794,0.04504,0.0229
1d701c30-6b5d-485f-ae97-60f3b0c50896,Zoey Weil,F,0.6966,1.1023,0.06748,0.04398,0.02349
8c94d7b2-0dce-455e-916f-e35927d53547,Thomas Yu,M,0.7057,1.4398,0.06661,0.03359,0.03302
736475dd-7ccd-40d8-8b43-8c2d9ef9e674,Maggie Brascia,F,0.734,0.7259,0.06603,0.06192,0.00411
71992955-8b6f-470b-a991-796cfa56a826,Liz Truluck,F,0.6809,1.2274,0.06574,0.03582,0.02992
89843e44-48fd-4a3f-b8c0-5f5aa6ae5741,Dekel Bar,M,0.7618,0.8373,0.06527,0.06312,0.00215
ded801fd-297a-4761-b63e-d8fbbfeb5762,Shelby Bates,F,0.6967,1.0921,0.06494,0.04203,0.02292
e96d9339-cfb6-473d-bcb3-23f2887a3e0f,John Lucian Goins,M,0.6718,1.7081,0.06403,0.01743,0.0466
a91e2b68-7357-4518-baf9-f59b0b4c2477,Christopher Haworth,M,0.6193,2.0679,0.06394,-0.0,0.06394
12890797-7355-49ca-848e-56d67e33c4de,Marianna Petrei,F,0.6522,1.4826,0.06268,0.02005,0.04263
504e8c08-caf6-4db8-b454-11ffa321261c,Lucy Kovalova,F,0.731,0.6083,0.06062,0.06062,0.0
66a6c35b-33a2-4a23-b5db-fa53c96d643a,Kaitlyn Christian,F,0.6287,1.6866,0.0603,0.00751,0.05279
52726ab1-2ac9-46c0-be90-6b0e7a2d56eb,Pablo Tellez,M,0.6926,1.4075,0.05963,0.02813,0.0315
524b89ad-b76b-40b4-a0db-736bdc7b8adb,Hien Truong,M,0.6979,1.367,0.05919,0.02982,0.02937
3d9c8684-953f-4008-b355-b6104ee56a5b,Connor Mogle,M,0.6884,1.3728,0.05568,0.0259,0.02977
461f063e-a587-4638-bad9-421ff33d91d7,Genie Erokhina,F,0.6853,0.986,0.05559,0.03811,0.01747
2aa8ced3-d599-4c83-86dd-ecc80196833b,Luca Mack,M,0.6699,1.5505,0.05491,0.01626,0.03865
b03ff4de-9b8f-46a8-a530-d8f19e9d6ec9,Max Freeman,M,0.6907,1.3194,0.05426,0.0272,0.02706
dcd029fb-2814-401b-a1cb-0c4269d9954b,Allie Reichert,F,0.7129,0.7031,0.05422,0.05127,0.00294
698c5236-e88f-411c-b44f-e54f16b2d6b5,George Wall,M,0.7252,0.9956,0.05402,0.04361,0.01041
fa8d5d28-d8f5-4996-8c35-0f4ca3c35bae,Anderson Scarpa,M,0.7082,1.1085,0.05198,0.03587,0.01611
a51b59c5-1a13-4472-821a-eb9866e72adf,Joseph Wild,M,0.7049,1.1254,0.05086,0.03377,0.0171
aec5d8be-9ce0-4cc5-98a4-140fad555fe0,Donald Young,M,0.665,1.506,0.05048,0.01393,0.03655
577d1124-44c9-435d-88e9-01a146f2d177,Eugenia Carolina Lopez Ascarate,F,0.7066,0.6963,0.04979,0.04723,0.00255
3cec5850-24e2-44e3-96bc-ee87aa34581d,Katerina Stewart,F,0.507,1.579,0.04757,-0.0,0.04757
0c5b84bb-4c04-4906-86bc-deb533ff4eec,Zane Ford,M,0.3825,1.7157,0.04701,-0.0,0.04701
0d14405e-2e45-4dcb-8fb7-73558c261b4f,Seone Mendez,F,0.4965,1.5523,0.04626,-0.0,0.04626
a95df9a8-772c-4dbf-8c28-e200b7308584,Kiora Kunimoto,F,0.5828,1.5341,0.04531,-0.0,0.04531
5c817399-aea7-481d-9a83-aab7431eabc1,Alex Emery,M,0.6924,1.123,0.04367,0.02675,0.01692
e21cb6e0-aabb-43b2-a112-c0a0a59081bf,Oliver Frank,M,0.5603,1.6463,0.04361,-0.0,0.04361
1dd5c313-10f5-4e0a-bb9b-699913a5abe8,Mary Brascia,F,0.5899,1.4966,0.04342,-0.0,0.04342
2e0c0227-6e3e-43d5-8037-7f8bd0f9b935,Gabriel Joseph,M,0.3384,1.6234,0.04248,-0.0,0.04248
dbcb41e9-e983-410b-bc23-d184d034cfc0,Tyson McGuffin,M,0.6494,1.4902,0.04189,0.00609,0.03579
4da698bf-605d-4c6c-8566-6bfbdb6c1a24,Genie Bouchard,F,0.188,1.4606,0.04172,-0.0,0.04172
0c1bb94d-3af2-42f4-b938-d712c707ace4,Callie Smith,F,0.6431,1.1423,0.04154,0.01601,0.02553
06ba18e0-687b-4aa3-822d-1c86981f576b,Rafa Hewett,M,0.6611,1.3654,0.04148,0.01206,0.02942
f4c43443-fdff-4344-b291-274cfd26361e,Juan Benitez,M,0.682,1.1604,0.04137,0.02249,0.01888
3270dc72-53b7-4d35-aa4c-7f8b7b6bf905,Matthew Barlow,M,0.5123,1.6002,0.04115,-0.0,0.04115
4af4d4d1-9f87-4dc7-95f2-b10751d44c15,Tama Shimabukuro,M,0.6376,1.5933,0.041,4e-05,0.04096
43df1205-e834-4427-9f1a-4e173bf93296,Grayson Goldin,M,0.5538,1.5887,0.04058,-0.0,0.04058
e9849183-4693-4340-abf5-f4b6f3cb226f,Martin Emmrich,M,0.6632,1.3238,0.04036,0.01308,0.02729
9ce32de7-16c9-4786-a7b0-8c1c2c623d69,Rafael Lenhard,M,0.5266,1.5766,0.04001,-0.0,0.04001
f1151ea2-759d-4d9f-a5b9-5ccd966dc3ca,Hoang Nam Ly,M,0.5422,1.5719,0.03981,-0.0,0.03981
7464628e-931a-44c9-b0df-749a7cb32eaa,Adam Harvey,M,0.474,1.5423,0.03829,-0.0,0.03829
a9782e86-e5ae-46d3-9194-ac89fdaed622,Alexander Crum,M,0.1599,1.5357,0.0381,-0.0,0.0381
1bab49f1-6891-4d3e-8f77-42aa4fc1d18e,Mohaned Alhouni,M,0.6037,1.5058,0.03656,-0.0,0.03656
6aa0a796-9759-40f5-9c8f-bf4461d032fb,Helena Jansen,F,0.3578,1.3514,0.03618,-0.0,0.03618
3cab1673-2522-4dd5-ba07-2a1b88749d86,Tristan Dussault,M,0.6301,1.4988,0.03618,-0.0,0.03618
469988c9-b401-4c68-9e07-e1b1b104b791,Yates Johnson,M,0.3689,1.4961,0.03599,-0.0,0.03599
d70642e4-3d95-430a-a537-acc04e56c97d,Dustin Boyer,M,0.3601,1.4897,0.03561,-0.0,0.03561
c18fb17d-e0bb-415c-901b-fa2f928ab22c,Harsh Mehta,M,0.7005,0.8587,0.03436,0.03101,0.00335
3ad652aa-3fdd-4e53-8f34-dfdedc3c1901,Christine Maddox,F,0.5882,1.3117,0.03426,-0.0,0.03426
b2188c16-8955-451d-8b6a-945a8907528f,Tom Evans,M,0.4427,1.4624,0.03426,-0.0,0.03426
6876576c-b20e-47e3-99e4-d32759cc9f48,Patrick Kawka,M,0.6373,1.4536,0.03387,-0.0,0.03387
e1588ddc-465b-4303-9659-dab2533f80ca,Emilien Burnel,M,0.3816,1.4544,0.03387,-0.0,0.03387
05bf7513-7f0a-4f6b-bc11-5d4b14314d91,Tom Protzek,M,0.5601,1.433,0.03291,-0.0,0.03291
cd7b97fc-d912-4c59-8ab3-c2d70e79d998,Lina Padegimaite,F,0.47,1.2766,0.03233,-0.0,0.03233
cfb42bdb-d0a0-4fc7-b1ea-a77c40aff2d2,Mota Alhouni,M,0.3653,1.4239,0.03233,-0.0,0.03233
c4ca8085-84ed-451f-81c0-6df4a1c8d59f,Dominique Schaefer,F,0.5221,1.2708,0.03214,-0.0,0.03214
53008558-000d-4162-8a34-9348d3f5322a,Jhonnatan Medina Alvarez,M,0.2713,1.4186,0.03214,-0.0,0.03214
a226291c-c48b-408b-a846-f45400d313a9,Alexa Schull,F,0.6499,0.8787,0.03152,0.0195,0.01202
e838b7b5-ffd5-4a47-ac0b-f748dc6841d9,David Bieger,M,0.5176,1.4047,0.03137,-0.0,0.03137
6392c4f6-2b1d-4595-b7ff-9958bed31ff4,Ronan Camron,M,0.3886,1.3995,0.03117,-0.0,0.03117
84bc805f-1c7a-4151-8c50-f3236805edea,Aanik Lohani,M,0.3717,1.3934,0.03079,-0.0,0.03079
99b25b49-2a51-412d-9fbf-e1b6804acce0,Camden Chaffin,M,0.5914,1.3931,0.03079,-0.0,0.03079
518626d4-2600-4134-8c6a-0ae9315f9625,Cason Campbell,M,0.5092,1.3851,0.0304,-0.0,0.0304
763b4d27-8140-47cd-86f5-982706cd4ebb,Michael Loyd,M,0.616,1.3825,0.03021,-0.0,0.03021
a384ebf9-24d7-4624-a8a8-160bef70df63,Ammar Wazir,M,0.512,1.365,0.02943,-0.0,0.02943
608756f6-bfc7-41b5-9cfd-5e69eacfe513,Victoria Dimuzio,F,0.4487,1.2177,0.02943,-0.0,0.02943
1d36eae4-41f1-4739-b9d2-0783fd371112,Samantha Buyckx,F,0.5972,1.2161,0.02943,-0.0,0.02943
437c71fe-2e32-4ba4-b053-96e21195fe4b,Yu-Chieh Hsieh,F,0.5034,1.2157,0.02924,-0.0,0.02924
d3e486f2-7c25-4bcf-b9dd-81c14f644f60,Etienne Blaszkewycz,M,0.6955,0.6528,0.02919,0.02919,0.0
a498be96-114c-4857-9d60-4ff2a3e89434,Collin Shick,M,0.4323,1.3586,0.02904,-0.0,0.02904
9eff9049-c45c-42ee-9a49-e9a797cc2116,Cailyn Campbell,F,0.6217,1.149,0.02895,0.00301,0.02594
94478a4a-a920-4a12-936c-4dead2ecd1d6,Max Green,M,0.5669,1.3539,0.02885,-0.0,0.02885
8ac6f832-de64-44eb-9bef-21031e074faa,Giang Trinh,M,0.4109,1.355,0.02885,-0.0,0.02885
76419f3a-712c-4241-8940-6f9bda847ba7,Lauren Stratman,F,0.6281,1.0632,0.02853,0.00708,0.02145
b924b201-a7b1-4af5-83ef-d132c2d27008,Lara Giltinan,F,0.1738,1.1952,0.02827,-0.0,0.02827
86e1b9d3-15ea-4b76-b488-d3135e78aa7c,Wade Heerboth,M,0.5984,1.336,0.02788,-0.0,0.02788
7afc02f4-1e87-45c2-a101-0d48ecc05f8d,Martin Stanchev,M,0.5147,1.3329,0.02769,-0.0,0.02769
9decd87b-03ac-4d79-a1e7-d03ca3f7519b,James Ignatowich,M,0.6461,1.2386,0.02731,0.0043,0.02301
167e7a23-c919-460b-8586-a3966f588dcb,Hong Kit Wong,M,0.4977,1.325,0.0273,-0.0,0.0273
df443e1a-4508-4b35-917b-2780cf0ff6c8,Eddy Kim,M,0.3719,1.3241,0.0273,-0.0,0.0273
b046a7b0-2e97-403a-b28a-210cca13d0cc,Omar Garcia-Heredia,M,0.4776,1.3208,0.0271,-0.0,0.0271
d8d51930-abf9-468b-9e43-55a9c0728d58,Anouar Braham,M,0.476,1.315,0.02691,-0.0,0.02691
79ee2d66-5ba3-47cc-bc43-f489a09d2d5a,George Rangelov,M,0.3009,1.316,0.02691,-0.0,0.02691
7d1a5320-aaee-46b1-a912-da2edd195248,Rika Fujiwara,F,0.1662,1.1671,0.02691,-0.0,0.02691
6b432472-f73b-4f2b-b65d-5848657d117b,Amber Policare,F,0.3515,1.1662,0.02672,-0.0,0.02672
90264f6d-f165-4b60-86e5-451cf64f62ae,Emilia Schmidt,F,0.3908,1.158,0.02633,-0.0,0.02633
74afd19c-8f82-4ca2-9345-e4d693111033,Marshall Brown,M,0.6011,1.3008,0.02613,-0.0,0.02613
dc7f6ac5-f007-4b8f-b343-95e524dc7d0a,Luc Pham,M,0.4861,1.3007,0.02613,-0.0,0.02613
c2c74ae6-6b11-4a40-80e6-b7b924d2d83f,Matthew Finnerty,M,0.1569,1.3017,0.02613,-0.0,0.02613
2819525e-d485-4ab3-a300-1c6dbdb3ae39,Quan Do,M,0.6077,1.2842,0.02535,-0.0,0.02535
ca3c21b0-a715-40fd-bf00-c81e22d7da11,Daniel De la Rosa,M,0.6834,0.8392,0.02532,0.02295,0.00237
f2a996de-50a0-4d1d-b16f-f6450daa4a1e,Kelsey Laurente,F,0.5428,1.1254,0.02477,-0.0,0.02477
fa7cb18f-9d87-4d49-bb43-5291b7201bd3,Jessica Ho,F,0.0545,1.1228,0.02457,-0.0,0.02457
a9a168ae-7822-4d31-b07b-fba40480c1fc,Brandon French,M,0.5871,1.2648,0.02438,-0.0,0.02438
8620b5f6-d9d5-4cb9-9a28-ed21da77511e,Lauren Cole,F,0.6453,0.7961,0.02432,0.01663,0.00769
e1cb8dc7-930e-4fd6-8034-cdbf250ae62a,TY Parrish,M,0.3124,1.2646,0.02418,-0.0,0.02418
c3012322-e95e-4e38-a0d8-106f9e236869,Keilly Ulery,F,0.2146,1.1145,0.02418,-0.0,0.02418
30d7759b-93f0-467d-a07a-970ecfac06ba,Cameron Luhring,M,0.5997,1.2577,0.02399,-0.0,0.02399
1e538b1f-66e9-4166-ac60-3aef311ee0b5,Jada Bui,F,0.4383,1.1084,0.02379,-0.0,0.02379
a2c56686-b330-41e4-b7e8-bda8a3ec97a8,Ryan Fu,M,0.6603,1.0322,0.02361,0.01139,0.01223
c971bb40-090b-4e47-be58-905495e38401,Miles Hoover,M,0.3473,1.2445,0.02321,-0.0,0.02321
f370a1a0-2e1a-463b-a35c-30899131f7d6,Troy Akin,M,0.4452,1.2337,0.02262,-0.0,0.02262
38b1bfb1-576b-4a3e-ab6b-e8bc46031c1d,Eric Roddy,M,0.3778,1.2332,0.02262,-0.0,0.02262
a92239e2-429d-4a0a-85b7-58cac29488ee,Jordan Chrysostom,M,0.2906,1.2335,0.02262,-0.0,0.02262
cb9ea037-f204-4216-ac56-930a01009166,Matt Burkhardt,M,0.3395,1.2304,0.02243,-0.0,0.02243
a65a8877-2c30-4964-8b0c-52e92ecfab5c,Sophie Abrams,F,0.4288,1.0762,0.02223,-0.0,0.02223
6f149538-c6f6-4ad5-9e60-2afc100f97c1,Spartak Rahachou,M,-0.1488,1.2179,0.02184,-0.0,0.02184
2bfe44bb-d558-411f-abeb-c8522dd42ce9,Julian Arnold,M,0.619,1.2183,0.02184,-0.0,0.02184
30eb9a2b-1570-473f-8cf1-0f7c9d21b303,Zane Navratil,M,0.5808,1.2147,0.02165,-0.0,0.02165
9a449e9c-69aa-4a48-8f28-217766ab25f7,Armaan Jiwa Mawji,M,0.3702,1.2113,0.02145,-0.0,0.02145
1bbc9415-96dd-4751-9513-95274c5fc0f9,Nicole Eugenio,F,0.5547,1.057,0.02126,-0.0,0.02126
435e466e-22c7-4917-8cb4-ff45bbccde19,Tamaryn Emmrich,F,0.4472,1.056,0.02126,-0.0,0.02126
7ab0b456-a129-4879-86a6-05d34bd8781e,Domenika Turkovic,F,0.4056,1.0524,0.02106,-0.0,0.02106
c5a54559-45bd-4816-9db0-9646a9926969,Jaxon Madsen,M,0.1713,1.2015,0.02106,-0.0,0.02106
b8167e12-0591-4cb4-a950-ecb6da83e1e0,Andie Dikosavljevic,F,0.4459,1.049,0.02086,-0.0,0.02086
9bce3fcf-8e63-4ed7-b4a5-00e0063a618f,Ariana Rodriguez,F,0.3198,1.0447,0.02067,-0.0,0.02067
ab3af95f-cc49-4ff2-a731-668dd10a6b50,Farzin Amiri,M,0.2496,1.1895,0.02047,-0.0,0.02047
a70be599-8b9f-405d-9e10-f501b0046e74,Shannon Pretorius,F,0.2545,1.0413,0.02047,-0.0,0.02047
98019e23-09e2-43ff-917a-b7809c775f4e,Pei Chuan Kao,F,0.3719,1.0431,0.02047,-0.0,0.02047
4057f30d-d42a-4189-a158-11576fb5f52a,Blaine Hovenier,M,0.6497,1.0676,0.02046,0.00626,0.0142
574957ae-e8d5-486e-aabc-a1cc6a392f8d,Jalina Ingram,F,0.4943,1.0361,0.02008,-0.0,0.02008
5ff7095c-6dc7-4534-8e29-1b62c6f66bba,Felicity Di Laura,F,0.4356,1.0244,0.01949,-0.0,0.01949
2e0acd0d-95a3-49c3-8648-720ed0fbc7d5,Lingwei Kong,F,0.5361,1.0182,0.0193,-0.0,0.0193
b1254256-f3ac-46db-b28c-4dd0c6955ea0,Eileen Wang,F,0.3262,1.018,0.0193,-0.0,0.0193
61e0ca34-5642-40bd-9eaf-acd7ea93480a,Marcel Chan,M,0.2614,1.1646,0.0191,-0.0,0.0191
3fc3a7df-63dc-4bcd-afd8-9bce53dd257c,Carl Hilliard,M,0.4179,1.1635,0.0191,-0.0,0.0191
cd1bf109-4907-4208-bca1-4d12f9494a4c,Casey Diamond,M,0.5004,1.1519,0.01852,-0.0,0.01852
e2466ee7-aaa4-4c6a-a288-63e717054640,Bret Berryman,M,0.1904,1.1476,0.01832,-0.0,0.01832
f8dadb3a-8b90-481c-8d9a-b51ee127a4ff,Shay Hugo,M,0.3823,1.1442,0.01812,-0.0,0.01812
7cb07784-a295-4038-b712-ec86ecd70c39,Michelle Esquivel,F,0.6177,0.9862,0.01796,0.00042,0.01753
81129f3a-e29a-45c6-b77d-7deb0c05106c,Luke Kusmider,M,0.2896,1.1409,0.01793,-0.0,0.01793
e18b2cb6-ae9b-4175-8947-697eabf80061,Mark Growcott,M,0.4149,1.1352,0.01773,-0.0,0.01773
25a6f570-d617-427a-9fc4-3bf6115a9a84,Hannah Blatt,F,0.1899,0.989,0.01773,-0.0,0.01773
258ef186-666f-4fb3-be50-916b633c96e6,Maximilian Wild,M,0.3233,1.134,0.01753,-0.0,0.01753
091e8c64-3b31-4263-889e-7170c2313b97,Santhosh Narayanan,M,0.4653,1.1313,0.01734,-0.0,0.01734
30d6d999-b324-4744-b08c-8309e83c57b0,Naveen Beasley,M,0.5955,1.1237,0.01695,-0.0,0.01695
3aaa968d-90ed-4a57-bc29-938a618b6aa9,Jamie Haas,F,0.5009,0.9647,0.01655,-0.0,0.01655
7af5cd0a-26b8-4424-b743-ed83d4a1c201,Richard Livornese Jr,M,0.5279,1.113,0.01655,-0.0,0.01655
e8dcdb9a-872b-45cd-8338-f2746bc0a0b1,Mikus Losbergs,M,0.6047,1.1151,0.01655,-0.0,0.01655
b6fe1237-b049-405c-a641-d57f8170a9a0,Albie Huang,F,0.2853,0.9652,0.01655,-0.0,0.01655
f86cff72-5f9c-40b1-9f28-f28aafae245f,Wyatt Stone,M,0.6431,1.0587,0.01644,0.00283,0.01361
d0d6d65c-6a52-4676-8c71-281d29a8db01,Harrison Brown,M,0.2227,1.1087,0.01636,-0.0,0.01636
4025f403-d676-42ee-97a1-61d9b38c211b,Allison Phillips,F,0.6435,0.5527,0.01619,0.01619,0.0
e8e10ea8-2ff2-4155-9169-cc33ff8c6265,Rio Newcombe,M,0.4129,1.1067,0.01616,-0.0,0.01616
f77a3228-78ba-4aa7-9b98-4b7513df0c71,Bryan Hammond,M,0.1523,1.105,0.01616,-0.0,0.01616
f0484f0e-f240-4b6f-9da5-b6dba3fa370e,Kenta Miyoshi,M,0.4293,1.1015,0.01596,-0.0,0.01596
b3f6f49d-bc24-44fd-8068-4e5971e9d61a,Daniel Miron,M,0.3206,1.0972,0.01577,-0.0,0.01577
b3485ff8-bab5-4443-8245-3f81cbfb2b77,Emily Cederquist,F,0.5066,0.9525,0.01577,-0.0,0.01577
8f6ef13f-89b6-460e-8583-c7e0bee9047a,Mario Barrientos,M,0.5376,1.095,0.01557,-0.0,0.01557
8b96b5a9-1ed8-4bb8-956f-c46e8de9ab24,Mikar Larenzo Fisher,M,0.2676,1.094,0.01557,-0.0,0.01557
5f367bee-cf3e-4aad-a6e6-72cca04d97e2,Angie Walker,F,0.5542,0.9432,0.01538,-0.0,0.01538
d708aae7-c00c-47dc-9931-dad8216076c6,Leander Lazaro,M,0.5356,1.0896,0.01538,-0.0,0.01538
9dc57e5e-1e15-4c18-9f9b-ea82ae9a5d46,Andre Millet,M,0.412,1.0781,0.01479,-0.0,0.01479
4212e979-7692-4231-8934-d6a7042aa217,Lauren Hidalgo-Smith,F,0.17,0.9252,0.01439,-0.0,0.01439
614e164a-4197-44eb-855c-586cf79fbfc9,Ivan Jakovljevic,M,0.5163,1.0697,0.0142,-0.0,0.0142
2e858abd-e6cb-4a07-b6ea-fd6ca01556ae,Rachael James,F,0.5425,0.9134,0.0138,-0.0,0.0138
ce7e7707-c94e-4d33-b34a-37efe3363774,Eli Steiner,M,0.458,1.0618,0.0138,-0.0,0.0138
6eb8ea1c-31ca-4c18-ba0c-ab8a75cdc24f,William Hsieh,M,-0.184,1.0601,0.0138,-0.0,0.0138
62955f38-bdf5-46af-9622-13c7afe90619,Jonathan Truong,M,0.6515,0.9201,0.0137,0.00719,0.00651
738bfd67-8a18-461d-a4c2-f46a1ba6b1da,Ryan Ali,M,0.3822,1.0579,0.01361,-0.0,0.01361
6ee6ec8b-17cd-44f0-ad2a-a3e3460100ce,Dave Bacalla,M,0.348,1.0556,0.01361,-0.0,0.01361
db21a8a7-2a8d-4601-9c95-f00c80a982f0,Miguel Alda,M,0.3084,1.0571,0.01361,-0.0,0.01361
d8610fd6-1ab3-409a-bea3-d7f7b87d7ee0,Shea Donahue,F,0.1668,0.9054,0.01341,-0.0,0.01341
7925aefe-e260-4b83-8bfc-214da1d14fb5,Travis Rettenmaier,M,0.5578,1.0538,0.01341,-0.0,0.01341
0d23964f-d43f-4006-b1e0-13001393216c,Ross Whittaker,M,0.4754,1.0525,0.01341,-0.0,0.01341
8df7caa9-af2f-4381-833a-f56776546f88,Claudio Quinones Garcia,M,0.3648,1.0509,0.01321,-0.0,0.01321
addcdedb-1f04-4079-be09-4797a4937cc9,Kyle Yates,M,0.6332,1.05,0.01321,-0.0,0.01321
9b5db00a-b0b7-46a5-815d-56878e28326c,Nok Yiu Tang,F,0.427,0.893,0.01282,-0.0,0.01282
f03d156f-3d8a-4830-a5d1-ae4372ad5009,Wesley Burrows,M,0.2719,1.039,0.01262,-0.0,0.01262
7886d6aa-2310-4ae8-9874-f0fc9c3e534f,James Delgado,M,0.491,1.0378,0.01262,-0.0,0.01262
73c5d397-f260-441e-b3ef-c4afc9755e59,Matthew Sah,M,0.1893,1.0375,0.01262,-0.0,0.01262
c3b08889-9218-45d7-a712-72d78dd9a0bb,Tanner Tomassi,M,0.5214,1.0338,0.01243,-0.0,0.01243
7b85c35f-6a90-4c61-af0b-565658feeb3c,Freddie Powell,M,0.5019,1.0332,0.01243,-0.0,0.01243
beec73d2-edf7-49ee-a61a-94a016b5fa98,Chase Ruff,M,0.1081,1.029,0.01223,-0.0,0.01223
acf4ae69-cc7f-4a30-a613-c8ca0b80e11c,Zachary Grabovic,M,0.3296,1.027,0.01203,-0.0,0.01203
5e3e0f33-bbb6-4c23-94c2-c92cfee744f6,Zandrix Acob,M,0.2831,1.0252,0.01203,-0.0,0.01203
55b78314-2f02-4a0c-83c2-b7cbfd8b4329,Madalina Grigoriu,F,0.3626,0.8753,0.01184,-0.0,0.01184
64698ef9-a6f7-409d-b416-4892308af978,Alex Neumann,M,0.3714,1.0205,0.01164,-0.0,0.01164
d196fd35-a56a-4533-8687-542a22730546,Selina Turulja,F,0.2864,0.8701,0.01164,-0.0,0.01164
306da673-de7e-44f5-bc16-0738b44bd089,Christopher Crouch,M,0.5109,1.0137,0.01144,-0.0,0.01144
e6be2540-8ee3-4cd7-90e4-f7a2b70851ec,Hao Nguyen,M,0.3484,1.0103,0.01124,-0.0,0.01124
71b69208-128b-4395-beae-129689d36204,Willy De Vilchez,M,0.3086,1.0118,0.01124,-0.0,0.01124
c32446f8-bb47-4d48-8d5b-26aba4b20cb2,Trang Huynh,F,0.4878,0.8585,0.01105,-0.0,0.01105
315153f1-6830-49ac-9b35-8a68b82d120d,Jack Foster,M,0.1052,1.0092,0.01105,-0.0,0.01105
37a4491a-bf9f-4f29-900b-b5b1f15c9d0f,Elina Geut,F,-0.0763,0.8596,0.01105,-0.0,0.01105
aa45af3b-41b0-4e03-9a17-4ca16a108df3,Vincent Rettke,M,0.1879,1.0029,0.01085,-0.0,0.01085
05eb73f5-c506-4780-97b7-864cb947fcab,Juan Saez,M,0.4693,1.0052,0.01085,-0.0,0.01085
35f81e87-382e-41cc-9bab-687116861954,Jace Morris,M,0.4905,1.0004,0.01065,-0.0,0.01065
0c3263ce-a370-475e-8cd7-32414ea409dd,Ben Cawston,M,0.2421,1.001,0.01065,-0.0,0.01065
1634183c-5c14-410a-a6dd-30b634f27c1a,Jasper Schaadt,M,0.221,1.0006,0.01065,-0.0,0.01065
9027b993-ee98-43bb-8cee-7f34112e2310,Jake Bower,M,0.2224,0.9992,0.01065,-0.0,0.01065
493d192e-3eff-4058-8f2f-fa84530b5a39,Easton Horricks,M,0.1979,0.9944,0.01046,-0.0,0.01046
1abf464c-e8fc-472b-b1c8-f42a5c1fc02a,Natalie Hur,F,0.4512,0.8466,0.01046,-0.0,0.01046
a7e358b0-517e-4972-89ff-d95f0797e1c7,Jase Edwards,M,0.3567,0.9939,0.01026,-0.0,0.01026
87d60b6f-6f2e-4610-ab89-487e8acc097e,Mya Bui,F,0.4678,0.8442,0.01026,-0.0,0.01026
18dd2b8c-d93c-43eb-be75-a64bcf36f486,Julia Ronney,F,0.1989,0.8422,0.01006,-0.0,0.01006
a179a271-6190-4516-b19c-ae7ba47d5821,Drake Palm,M,0.3889,0.9849,0.00987,-0.0,0.00987
5dc48fe9-12fa-4762-8814-7892ac78c67a,Jayden Broderick,M,0.4911,0.9835,0.00987,-0.0,0.00987
fe1a9f36-62eb-4ce2-b068-cb754c00051e,Nicola Schoeman,F,0.5746,0.8368,0.00987,-0.0,0.00987
2c1692a6-0fa2-47b0-9d2b-e12b5c054ef4,Janet Liu,F,0.2224,0.8352,0.00987,-0.0,0.00987
46f2280d-18d7-4589-9157-c5e6492099cd,Polina Libo,F,0.1541,0.8334,0.00967,-0.0,0.00967
fb810271-770c-4165-8988-ab0723401bee,Harrison Gold,M,0.1279,0.9728,0.00927,-0.0,0.00927
b9dbf1d9-f5a8-4d6b-8685-00d7f477a42e,Henry Boyle,M,0.6037,0.973,0.00927,-0.0,0.00927
283c842a-ddbd-4e94-9922-ef3080f75ad3,Maksims Kazijevs,M,0.5275,0.9733,0.00927,-0.0,0.00927
5d6ffa8c-1dd3-467d-82ab-f15f348a434f,Nasa Hatakeyama,M,0.0946,0.9715,0.00927,-0.0,0.00927
e813ca8d-346f-4071-a933-4df20663f624,Sarah Mulhern,F,0.2328,0.8206,0.00908,-0.0,0.00908
98915a37-fa53-445c-8c1c-974170c606d7,Ryan Eveloff,M,0.0223,0.9621,0.00868,-0.0,0.00868
f51d6dfa-5101-49d8-aea5-269e481e1918,Helen To,F,0.3467,0.8143,0.00868,-0.0,0.00868
4fdcaa8b-8ebf-4cba-b759-d7c8e9d55ec0,Elliott Schupp,M,0.6431,0.9002,0.00832,0.00279,0.00553
602ac701-c27e-408d-9e4e-1f7c02578def,Tam Trinh,M,0.4181,0.9538,0.00829,-0.0,0.00829
49918aa2-e0c2-4736-a4b8-eb980f78f717,Filipe Parichkov,M,0.1322,0.9554,0.00829,-0.0,0.00829
875df336-1f62-4929-896e-8f458591d636,Zack Taylor,M,0.2204,0.9412,0.0077,-0.0,0.0077
67a8852b-b49d-4cb0-8ff0-1f4ddf644485,Amanda Hendry,F,0.4165,0.7943,0.0077,-0.0,0.0077
20045230-82bb-4962-99fe-cf78c28f8641,Joshua Giannelli,M,0.3995,0.9402,0.0075,-0.0,0.0075
02a3c8ae-fb47-4b82-8001-b33d9446a90e,Robert Laidlaw,M,0.5184,0.9386,0.0075,-0.0,0.0075
6a00b494-cc3d-4cd5-9fbe-077bc6958972,Dennis Uspensky,M,0.3296,0.9392,0.0075,-0.0,0.0075
33fcb3fe-f32a-4b52-9f31-4d2225c9b126,Jemere Plummer,M,0.2449,0.9334,0.0073,-0.0,0.0073
9d7b2972-477c-4cea-977d-f65f86dccac5,Parth Mody,M,0.3562,0.9354,0.0073,-0.0,0.0073
88fb0858-b9c3-4620-9408-0dda0eb241ef,Tyler Loong,M,0.5987,0.9298,0.00711,-0.0,0.00711
fb8a1763-24f4-43e5-b7aa-0004402dd4a7,Danna Funaro,F,0.2159,0.782,0.00711,-0.0,0.00711
4de68830-5966-4b09-abbd-91bed22df13d,Cade Edwards,M,0.3226,0.9304,0.00711,-0.0,0.00711
0517f4a6-2648-470e-a9ff-8cf78eee3421,Connor McCartney,M,0.1586,0.928,0.00691,-0.0,0.00691
53cffd68-8c08-4ad7-88fd-a72ee20d716e,Marisa Ruiz,F,0.5187,0.7805,0.00691,-0.0,0.00691
f4bbf7d4-371e-42f7-9979-568f57881a11,Adelie Osher,F,0.0148,0.7806,0.00691,-0.0,0.00691
9e2a5ee1-cdc9-4635-a15a-540ee99192b7,Mitchell Hargreaves,M,0.3284,0.9221,0.00671,-0.0,0.00671
73820892-5991-4711-80c5-a2411025eb75,James Kaoma,M,0.3457,0.9189,0.00651,-0.0,0.00651
47cdc6f5-3e06-4249-adde-f588681bb483,Maria Klokotzky,F,0.2635,0.7701,0.00651,-0.0,0.00651
ada0bbbd-af78-44e2-a7e2-9c87b116be8b,Noah Waddell,M,0.6197,0.9187,0.00651,-0.0,0.00651
4553e8f7-d51d-41cd-bc23-752742441bff,Garrison Eaby,M,0.3224,0.9145,0.00632,-0.0,0.00632
ecd31a05-120f-4373-b5c1-21136f8f0bf1,Braden Jacobson,M,0.3338,0.9175,0.00632,-0.0,0.00632
3fc70f61-f10c-4539-9b5a-82911efc966a,Ava Cavataio,F,0.4856,0.7681,0.00632,-0.0,0.00632
9034d36a-1b11-4c9d-ad75-5c665d87b8c5,Pierina Imparato,F,0.4817,0.7618,0.00592,-0.0,0.00592
ec94501d-8b59-4236-b77d-7238f8925e48,Marcela Aguila Ampon,F,0.2177,0.7615,0.00592,-0.0,0.00592
9949cb55-32d2-4707-8da2-34af35bf6a37,Jesse Witten,M,0.0648,0.9089,0.00592,-0.0,0.00592
5f23308c-2443-4583-aa04-254e664a328c,HO Tam,F,0.3313,0.7599,0.00592,-0.0,0.00592
26ef815c-33ef-404d-a3b8-f0a26c240109,Stephen Madonia,M,0.2404,0.9064,0.00572,-0.0,0.00572
42b8527d-b84e-4f50-8e0b-5937664981e3,Sanil Jagtiani,M,0.5482,0.9062,0.00572,-0.0,0.00572
f5e7df5b-e14b-4a8d-9c13-e7b73ff4e48c,Sebastian Herrera,M,0.1871,0.9016,0.00553,-0.0,0.00553
45596674-36ae-4768-b4ee-c7181d9b2ea7,Sammy Lee,M,0.4641,0.8985,0.00533,-0.0,0.00533
f78254c2-5dbe-4ccd-85d2-bf5538cb179c,Komal Safdar,F,0.2228,0.7474,0.00533,-0.0,0.00533
64a6650b-96f6-4382-8db8-9edcd7838743,Kento Tamaki,M,0.2506,0.8985,0.00533,-0.0,0.00533
11ed643d-b6df-4198-a0b1-bee4fb905625,Mihae Kwon,F,0.3173,0.7506,0.00533,-0.0,0.00533
14f68da3-a855-4656-a618-81b5d8ff6bec,Jarryd Woog,M,0.2865,0.8917,0.00513,-0.0,0.00513
8a71d348-6401-4068-bedd-f4ed30460d2f,Andrew Caldarella,M,0.3024,0.8937,0.00513,-0.0,0.00513
5106c31c-ea6c-49ba-81ca-b622b1d7afd1,Mackonner Dy,M,0.1944,0.8934,0.00513,-0.0,0.00513
d57934e4-fe65-4168-8fd7-26da1b07cb2d,Michelle Murphy,F,0.1536,0.7421,0.00494,-0.0,0.00494
0c1fb7ef-65d8-48bf-b19e-ff7e543f4bbc,Lê Xuân Đức,M,0.3968,0.8911,0.00494,-0.0,0.00494
6a87bc44-5190-44db-8a2f-467de4de48c6,Christa Gecheva,F,0.4966,0.7387,0.00474,-0.0,0.00474
ba70f3a5-4693-4aa8-a8cc-1b5c0544b75a,Nicholas Romano,M,0.3274,0.8845,0.00474,-0.0,0.00474
03b91579-1bd5-4f20-a9c1-e400cbd21255,Antoaneta Toskova,F,0.2774,0.7381,0.00474,-0.0,0.00474
135937d9-d132-41c5-9cfd-d2b0112288b2,Daniel Traxler,M,0.3222,0.881,0.00454,-0.0,0.00454
ad13ca35-c83d-4c06-8555-7b4f20b416bc,Noah Zwiren,M,0.2836,0.8766,0.00434,-0.0,0.00434
1936f665-e630-462a-bd89-0dcfcf7c9e6b,Indigo Dagnall,M,0.3115,0.8772,0.00434,-0.0,0.00434
8ad8769e-9ecc-41dd-804f-b84e3ef90593,Sarah Hua,F,0.3975,0.7208,0.00395,-0.0,0.00395
d05d0739-3776-491b-8973-51cd4826a885,Taylor Stockton,M,0.0929,0.8688,0.00395,-0.0,0.00395
96fa4141-9648-475f-ab95-fb6796c2f489,Sam Weinbach,M,0.4508,0.8708,0.00395,-0.0,0.00395
469e5fa1-ea76-4286-bdf8-ddd2d18aab5a,Emma Van Hee,F,0.342,0.7235,0.00395,-0.0,0.00395
bd8e1ad4-5402-4c55-a95b-1d39c1de2344,Spencer Liang,F,0.1473,0.7237,0.00395,-0.0,0.00395
f72c029b-444a-49f1-a4f7-7bea007dc8ba,Jose Farias,M,0.3814,0.8649,0.00375,-0.0,0.00375
9eb2503a-b18e-42e2-986d-6c8ee07d0a36,Cade Pierson,F,0.2842,0.7199,0.00375,-0.0,0.00375
07ba5aa2-4581-4f2e-a62a-ec802353725c,Irina Tereschenko,F,0.5408,0.7133,0.00355,-0.0,0.00355
18ee08e4-2965-4966-a1a4-257d66f0bdfa,Jessica Haywood,F,0.1802,0.7164,0.00355,-0.0,0.00355
f86f33bd-4898-4687-a8d7-b77dd157651c,Elijah Bertram,M,0.3989,0.8579,0.00336,-0.0,0.00336
53eadec7-a6b1-4ce3-9825-d76affdc3f4f,Juan Varon,M,0.5026,0.8606,0.00336,-0.0,0.00336
f13c20c3-1fed-4a9e-abec-f3f3bf1f8f91,Anne-Sophie Courteau,F,0.2896,0.7102,0.00336,-0.0,0.00336
c79ef5cd-2d17-4fbf-83a9-34d4aaaaebd8,Masa Grgan,F,0.1773,0.7106,0.00336,-0.0,0.00336
b70cca60-0d9b-45e7-9327-ec95e850d1e2,William Hart,M,0.3437,0.8567,0.00316,-0.0,0.00316
8b7405b5-f3bc-4e32-bfbc-cc2e14f7454c,Jose Martinez,M,0.3698,0.8568,0.00316,-0.0,0.00316
b35ed876-bcdc-4024-9746-fe1bcb3957f5,John Cincola,M,0.4013,0.8529,0.00296,-0.0,0.00296
da9631ef-607d-48b6-a8d1-1915057b4741,Davis Daniel Carvalho,M,0.3491,0.8498,0.00296,-0.0,0.00296
c57fd717-c267-4fb8-9be7-2f1c678a655f,Ali Amiri,M,0.4817,0.8512,0.00296,-0.0,0.00296
66e1ddf7-61f6-4683-afdf-b6cc313af407,Todd Fought,M,0.402,0.8475,0.00276,-0.0,0.00276
a8256366-d2f9-4787-bf8c-d8e76c55fa86,Mouaad Alhouni,M,0.1559,0.843,0.00257,-0.0,0.00257
15156d9c-65c8-4a3c-a392-c3082975cfc4,James Broker,M,0.1548,0.8432,0.00257,-0.0,0.00257
ea90bdd7-53bf-4892-8bc9-802c55feee1e,Ruben A Gonzales Jr,M,0.1364,0.8444,0.00257,-0.0,0.00257
26b13d9f-ccab-497c-8e3a-68299be5ea70,Daniel Phillips,M,0.1955,0.8425,0.00257,-0.0,0.00257
cfd359f6-5e22-4d9e-b02f-171fbb8f3759,Connor Duvally,M,0.4765,0.8433,0.00257,-0.0,0.00257
a991a28b-3f46-4367-854e-6e5ed5132056,Matthew Nesbitt,M,0.247,0.8406,0.00237,-0.0,0.00237
07a9bb92-74c6-4aef-9148-83b4a3371691,Sarah Jane Lim,F,0.0855,0.6906,0.00237,-0.0,0.00237
337c76f4-2e83-4a59-b66b-7dc2e0555ce2,Cassidy Hoag,F,0.4534,0.6883,0.00217,-0.0,0.00217
be74032b-1035-4ece-bf4f-773b45da4d58,Mehvish Safdar,F,0.3571,0.6895,0.00217,-0.0,0.00217
1e71a00f-4ec7-4a9b-9e13-c19e90e92598,Taylor Garcia,F,-0.056,0.6896,0.00217,-0.0,0.00217
10397234-6551-4a06-8bc6-aa50d6915731,Liam Duffin,M,0.3469,0.8344,0.00217,-0.0,0.00217
11124e87-7f5d-45fd-8282-728c39068a3c,Nick Black,M,0.3818,0.8288,0.00178,-0.0,0.00178
f843b220-41cb-4203-831b-6aac32b8f02a,Riley Inn,M,0.4923,0.83,0.00178,-0.0,0.00178
55dbee1f-1ee7-464b-9c80-d14cd9e44b8d,Carlos Di Laura III,M,0.4574,0.8285,0.00178,-0.0,0.00178
b9078ad5-9d55-4617-9c9d-131823dfca0b,Luke Ness,M,0.1609,0.8236,0.00158,-0.0,0.00158
6382a284-3db4-4d37-ac8a-2234c250bc81,Amrik Donkena,M,0.36,0.8228,0.00158,-0.0,0.00158
348255bf-f94e-47cb-ab5d-95969c2bd7b9,Aiko Yoshitomi,F,0.2327,0.6747,0.00158,-0.0,0.00158
56f0b269-240a-42cb-b404-0b0bf747ad98,Dylan Lewis,M,0.3131,0.8237,0.00158,-0.0,0.00158
8bfb2660-cdda-43fb-81cb-5ff420c9f86e,Jae Centonze,M,0.2324,0.8217,0.00138,-0.0,0.00138
6bd2d6e4-c8f0-4903-a4b0-4fa9db53419d,Piercarlo Usai,M,-0.0139,0.8178,0.00118,-0.0,0.00118
b67f32da-c777-48ab-a6bd-4f5087d2a40f,Ekaterina Biakina,F,0.1799,0.6656,0.00099,-0.0,0.00099
d43db93c-6710-4a18-a406-497eb7a068ce,Spencer Smith,M,0.4808,0.8143,0.00099,-0.0,0.00099
ab6386c6-c7e3-422f-9134-e20e92725ee5,Emma Nelson,F,0.4761,0.6659,0.00099,-0.0,0.00099
77f2d09e-1f09-4be1-9e74-5944b02bfb05,Trevor Schwarzmann,M,0.1393,0.8126,0.00099,-0.0,0.00099
2cff4f24-1547-4fe0-af74-9e3412f1ba71,Sam Querrey,M,0.2567,0.8095,0.00079,-0.0,0.00079
5046c75e-a79b-4902-8d4a-d92bd3c58e9b,Aryaan Bhatia,M,0.3531,0.8049,0.00059,-0.0,0.00059
32018d74-5317-44e7-a0c9-529f8d35eb6c,Courtney McIntosh,F,0.2696,0.6539,0.00039,-0.0,0.00039
2177a8cd-bc2d-4dfd-a6ed-e80eb7bf1cc6,Luke Williams,M,0.4573,0.8015,0.00039,-0.0,0.00039
ae06a675-5997-41b0-a199-6da1bb0b49a1,Giorgia Vitale,F,0.3841,0.6538,0.00039,-0.0,0.00039
405dfd4f-2b49-4bd1-8c21-27db08700c52,Kenneth Lee,M,0.1236,0.8011,0.00039,-0.0,0.00039
ea0b7d06-7e9f-4786-a4ed-24da5029559f,Dale Kim,M,0.3563,0.8023,0.00039,-0.0,0.00039
626853e5-c9a6-40df-9a45-24381fc6ba69,Rosen Naydenov,M,0.3122,0.803,0.00039,-0.0,0.00039
b14dd745-7463-4dc1-acbd-7ab1b32af58d,Anna Clarice Patrimonio,F,0.0281,0.6527,0.00039,-0.0,0.00039
a4206588-8cb0-44cb-a526-5de7fabaf8c6,Pieter De Vries,M,0.275,0.7978,0.0002,-0.0,0.0002
c2a34b34-0ed2-4d7d-8ec9-3b0cd3d9233b,Randy Blanco,M,0.6376,0.7943,5e-05,5e-05,0.0
27ec8d58-6907-42a3-b994-fc0b3c304fe3,Alec Weller,M,0.0588,0.2013,-0.0,-0.0,0.0
1af53bb7-816e-4292-bd2e-08374c50aa42,Sergey Afanasenka,M,0.5798,0.7351,-0.0,-0.0,0.0
5da57cf9-dfc6-41f5-b853-48f191b873bf,Roman Estareja,M,0.5946,0.4336,-0.0,-0.0,0.0
a84c5612-2f7f-4189-b968-b37634d4042f,Aron Ouye,M,0.0953,0.7935,-0.0,-0.0,0.0
8af41b49-c25b-4103-bf60-fa36ab5fc278,Chase Ora,M,0.0215,0.6711,-0.0,-0.0,0.0
8dd7bb87-1082-4114-809e-888ac57df014,Chase Mason,M,-0.0239,0.1165,-0.0,-0.0,0.0
4e82e645-294f-424e-b1e7-28f93e2cb7cc,Benjamin Bramblett,M,-0.1848,0.0708,-0.0,-0.0,0.0
0dfe6dd7-dcc9-407b-a761-1cafc880401b,Erik Pailet,M,0.427,0.5785,-0.0,-0.0,0.0
5358928b-dc8d-431a-a57e-0c0236b09b35,Elizabeth Skufca,F,0.1038,-0.0053,-0.0,-0.0,0.0
33e8c243-d1a8-4821-89cf-e15bf003e6f4,Ryan Skufca,M,0.2449,0.7308,-0.0,-0.0,0.0
e4adde58-d9a0-4f1c-afb4-96bbc7f33d22,Benjamin Grant,M,-0.0299,0.1104,-0.0,-0.0,0.0
91ccec0d-b14e-41bc-8a23-0d9bcacfbe5b,Kevin Pham,M,-0.0323,-0.5331,-0.0,-0.0,0.0
738265f6-e8cf-4d0c-8f2e-88ca455d1dc5,Ernesto Russo,M,-0.0036,0.7703,-0.0,-0.0,0.0
67e3b942-0f26-41b5-8abf-51fa09849e19,Walter Lau,M,0.159,0.0116,-0.0,-0.0,0.0
a9950e78-2b86-495e-a0d2-bb8efac93531,Malia K Lum,F,0.34,0.2994,-0.0,-0.0,0.0
84a2e8e4-b4fd-4625-8011-244c37e62b72,Jessica Mason,F,-0.416,-0.4493,-0.0,-0.0,0.0
1e5d81dc-961d-455a-b80f-d6c30c518cde,Caden Nemoff,M,0.0946,0.5422,-0.0,-0.0,0.0
3701f5a0-aa34-4a06-a718-7b223491362e,Ethan Violette,M,0.025,-0.0683,-0.0,-0.0,0.0
89ccc27e-1751-4730-a998-db0cb9224349,Brooke Revuelta,F,0.2439,0.572,-0.0,-0.0,0.0
d554d53f-5941-46e9-b02f-a56cb2d4a04d,Camila Garcia Wright,F,0.4993,0.1904,-0.0,-0.0,0.0
756a7a13-a3d8-4d89-8afb-e2071ec6dc82,Lauren Mercado,F,0.2925,-0.6727,-0.0,-0.0,0.0
ef40c5da-1ba2-403f-929c-38312222b8e0,Chiron Burl,M,0.4492,0.6012,-0.0,-0.0,0.0
cbfbb61e-c9de-4ef8-b68d-26fe027d14b9,Anders Jansson,M,0.2595,0.4069,-0.0,-0.0,0.0
c739088c-4a93-4960-b11e-fd8f5769cc6e,Ivana King,F,-0.2909,-0.2913,-0.0,-0.0,0.0
07aabe65-d0a6-4599-9ebf-48683b900917,Madison Wold,F,0.141,0.3099,-0.0,-0.0,0.0
14425212-36dd-43e0-bd0e-518303d3a8c8,Jake Presser,M,0.1425,0.6439,-0.0,-0.0,0.0
57d81852-8998-4d7c-9ed6-737c404c8650,Jericho Grollman,M,0.4093,0.5604,-0.0,-0.0,0.0
9d55617e-fe7a-4d1c-8bda-3637647ff5cc,Jonny Pickleball Andrews,M,-0.0217,0.2548,-0.0,-0.0,0.0
8d4ab63d-f14c-4013-a97a-3789015b9bd8,Tatiana Ruhl,F,0.0635,0.2191,-0.0,-0.0,0.0
27bace9b-afb2-424a-af5b-f69ccce01725,Sabrina Guillebeaux,F,0.0823,0.0205,-0.0,-0.0,0.0
3d1d26f9-b591-4b81-80be-a2e708e216a7,Chase Holderman,M,0.2183,0.6727,-0.0,-0.0,0.0
c41e0c36-ca79-48b6-8453-15978e5f2655,Warren Tamanaha,M,0.0072,0.1484,-0.0,-0.0,0.0
b4b00d3c-1974-48f2-b74e-9cf9faa04d69,Kevin Dayan,M,0.3813,0.5317,-0.0,-0.0,0.0
a973d880-71ca-48d1-b127-a7e23afd5a19,Matthew Mead,M,-0.025,0.4223,-0.0,-0.0,0.0
69f2c636-4483-4d7b-81bd-e2ac920b88e0,Angel Hernandez,M,0.12,-0.0316,-0.0,-0.0,0.0
89647b43-f3f5-49e6-896f-614f0175a3f5,Jackson Ayotte,M,0.3267,0.5062,-0.0,-0.0,0.0
edfe3f1d-98b7-4bfb-a107-01ce62316094,Dionne Lim,F,-0.0602,-0.1338,-0.0,-0.0,0.0
4e220040-a533-4d43-85ba-29ad38b5a3b7,Clemens Graute,M,-0.0971,0.6562,-0.0,-0.0,0.0
020d8ae2-4895-4135-b7dc-6f43b34c9926,David Hall,M,0.2669,0.4145,-0.0,-0.0,0.0
127909ff-8248-401f-b4ca-73570851ce21,Dean Loock,M,0.2846,0.3669,-0.0,-0.0,0.0
596d3613-2e99-43f0-82b8-eef965acad42,Cori Elliott,F,0.0551,-0.009,-0.0,-0.0,0.0
c5964640-5d39-4c95-b6a4-7a1faeda89a6,Amanda Rosati,F,0.2682,0.4497,-0.0,-0.0,0.0
2e520a54-a71e-4c5b-9536-e5886840ed0c,Mike Anderson,M,0.4382,0.59,-0.0,-0.0,0.0
6518ca38-f4c7-4fd8-84e1-38a7904132c2,Sharienne Ricardo,F,-0.0725,0.21,-0.0,-0.0,0.0
7cbd7e4d-3d2c-40f8-8c09-40c271d64a73,Louie Payetta,M,0.2323,0.5583,-0.0,-0.0,0.0
4e39b9bd-436d-495d-99d7-c2818bbea4ab,Camila Zilveti,F,0.0355,-0.0521,-0.0,-0.0,0.0
aa0157dc-6eeb-48b9-b679-d5cd6b4a5237,Ryan Sherry,M,0.1236,0.7413,-0.0,-0.0,0.0
f91b88a1-7d1e-41ad-9782-200959faf6bd,Olivia McMillan,F,0.4129,-0.0192,-0.0,-0.0,0.0
22989ac3-e778-487a-ba32-a30243acd294,Christine Trifunovic,F,-0.1921,-0.6132,-0.0,-0.0,0.0
4b6abf90-6e87-49af-b365-0c6135b55a5f,Erik Lange,M,0.6375,0.7942,-0.0,-0.01538,0.01538
ebb2a1e0-7c6c-48a4-b994-e81edd8ddb97,Patrick Smith,M,0.3737,0.5239,-0.0,-0.0,0.0
1bb4e304-37c1-43eb-b223-6eb45ab3b78a,Madeline Schulte,F,0.11,0.3722,-0.0,-0.0,0.0
f8b6b217-f9f8-4fd3-a71d-ae4dfcbb9c89,Ava Ignatowich,F,0.0572,0.5444,-0.0,-0.0,0.0
571d4503-e073-4580-a555-be3c7f93c59c,Chuck Taylor,M,0.2626,0.4077,-0.0,-0.0,0.0
d9ce8a56-7c25-4d42-9f9b-964a5a02e537,Elliot Markowitz,M,0.0975,0.2409,-0.0,-0.0,0.0
3f872035-3abb-434d-9fc7-6134ec6c40f5,Alvaro Terron,M,0.4462,0.5982,-0.0,-0.0,0.0
bc7b2475-e580-4734-bc14-814a153bec5d,Pesa Teoni,M,0.3646,0.6348,-0.0,-0.0,0.0
6160a7c7-6b90-41f1-96d3-af5fa1623ca5,Collin Johns,M,0.6145,0.7517,-0.0,-0.0,0.0
d56a6779-9a18-4f34-9519-9a7c7c8b2d0e,Derek Shearer,M,0.154,0.3877,-0.0,-0.0,0.0
41118195-75b3-4b25-adc9-07991301280a,Craig Johnson,M,0.4436,0.5955,-0.0,-0.0,0.0
f76f4ac5-e3cc-4fe6-a4bc-a968b8b991b1,Alex Walker,F,0.4325,0.605,-0.0,-0.0,0.0
d69ec633-93c9-4d07-8870-be9f5acd5330,Rachel Rettger,F,0.0727,-0.4452,-0.0,-0.0,0.0
3760b164-aabd-4893-b5a1-91a4eef558c1,Callan Dawson,M,0.5266,0.2582,-0.0,-0.0,0.0
ad27fa70-ef8e-493c-8871-caf9afce0801,Dave Weinbach,M,0.2512,0.3984,-0.0,-0.0,0.0
850116be-7d0f-4325-ab06-1f37dd3d1c7e,Steve Deakin,M,0.3115,0.4602,-0.0,-0.0,0.0
c2a65079-49d6-4023-a03f-a97bc3be3bf8,Daniel Jensen,M,0.2861,0.6371,-0.0,-0.0,0.0
581520bf-6bd3-4c66-9ee3-756f955ec968,Rob Cassidy,M,0.3805,0.4851,-0.0,-0.0,0.0
a0582749-fb23-42cc-98ed-1915464c4814,Luke Wasson,M,0.2608,0.3972,-0.0,-0.0,0.0
d45a3391-82f4-45d0-ba66-f1901854a8d0,Darrian Young,M,0.522,0.7415,-0.0,-0.0,0.0
50c2125b-406c-41e7-aad6-5432c7cd8e1c,AJ Koller,M,0.4853,0.7477,-0.0,-0.0,0.0
759ecf95-26a6-4ffe-bb8b-035d3ec05f31,Matt Wright,M,0.5527,0.7073,-0.0,-0.0,0.0
4b52c4a5-80c7-49e1-9728-460a9d242392,Phillip Locklear,M,0.5019,0.6552,-0.0,-0.0,0.0
1d5698ad-f0a1-4ff7-8321-6c166069946e,Pally Ray,M,0.1701,0.5276,-0.0,-0.0,0.0
06e87b30-1f70-46e6-a6a8-17a4086d609a,Kailas Shekar,M,0.5536,0.7753,-0.0,-0.0,0.0
7867cc51-11d1-471f-a8bb-9d8370b6a698,Nicholas Wade,M,0.4,0.7956,-0.0,-0.0,0.0
6ae70906-53f3-49ed-a7a1-8d967a528300,Chas Howard,M,0.1543,0.4185,-0.0,-0.0,0.0
80217cca-df99-4019-a90f-385622ca057a,Zach Gonnering,M,0.0417,0.5199,-0.0,-0.0,0.0
910ddcee-8ffa-4ee9-9bdc-507fb3f394dd,Ryan Lucci,M,-0.2643,-0.0873,-0.0,-0.0,0.0
c4542ad5-6e33-408f-b457-75535f5bd72a,Adrian Garza,M,0.06,0.5336,-0.0,-0.0,0.0
19e04dba-937e-4129-a482-088765320f8a,Trevor Machek,M,-0.0839,0.0551,-0.0,-0.0,0.0
20a05d48-2059-4900-ad17-c58c875d715b,Thatcher Schwendiman,M,0.1237,0.2678,-0.0,-0.0,0.0
f2f22110-2d83-4a94-9e5b-811d3b01898c,Clayton Boydston,M,0.0813,0.2243,-0.0,-0.0,0.0
3f5b4c15-bf91-488f-bd3b-e4bb388f3728,Austin Oreilly,M,-0.2738,0.2822,-0.0,-0.0,0.0
6b446a3b-76f2-4d55-8c84-94ea8bdde2ac,Andrew Wang,M,-0.0152,0.7336,-0.0,-0.0,0.0
1ad19b48-ae39-44aa-b2a0-5a40a6b71420,Daniel Byun,M,0.2265,0.7904,-0.0,-0.0,0.0
c14774e8-bb9b-4512-a867-fb4aed28941d,Harrison Yee,M,0.1157,0.5943,-0.0,-0.0,0.0
b68c0204-d9d4-4cba-bf23-46706abd77bf,Clayton Powell,M,0.5889,0.752,-0.0,-0.0,0.0
d889476e-0b2f-4acf-a873-f7aea0b92dab,Evgeniy Kim,M,-0.0712,0.7147,-0.0,-0.0,0.0
8cefb109-0044-4545-a5c3-0cfb4df51612,Tavon Morrow,M,0.3349,0.4841,-0.0,-0.0,0.0
16ecbff8-84ab-4bb8-9c1f-7039c882ddb7,Flynn Kantzalis Orton,M,0.2568,0.275,-0.0,-0.0,0.0
ba7380b8-4820-4239-89d2-772b9c853839,Logan Rosenbach,M,0.2312,0.3779,-0.0,-0.0,0.0
25139050-f977-4456-9545-7d63b72fa380,David Litvinov,M,0.2787,0.2046,-0.0,-0.0,0.0
8187d00f-7c10-4947-a218-1641c659356c,Sam Angelo,M,0.4087,0.5598,-0.0,-0.0,0.0
84c59a96-e5ba-4963-b34c-855f719998b5,Devon Farnsworth,M,0.1148,0.2586,-0.0,-0.0,0.0
c28e1a62-b0af-4336-8d1c-8b77a210b705,Andre Feliz,M,0.6286,0.785,-0.0,-0.0,0.0
816de2e5-fe06-428b-be6c-2fac3438a27e,Matthew Stith,M,-0.0723,-0.077,-0.0,-0.0,0.0
0a287886-b880-4c46-8c66-ea4d198a7eba,Pablo Copetti,M,-0.1719,-0.0351,-0.0,-0.0,0.0
b6928a70-4384-418f-87d9-76ae2637ea69,Bryce Larson,M,0.0358,0.1109,-0.0,-0.0,0.0
89d0497d-bd25-485e-a32c-872afa95b3d5,Mary Monson,F,-0.0314,-0.3499,-0.0,-0.0,0.0
794634b2-7e1a-4928-ac82-a13fd3e984b2,Jessica Wilcox,F,0.2503,0.2023,-0.0,-0.0,0.0
72696117-bdb1-4e90-9131-e702b3ab2dff,Brenna Murray,F,0.1385,0.0813,-0.0,-0.0,0.0
4f142e8d-9a57-41cb-a89b-5b4c3af752fa,Ella Boydston,F,0.4742,0.4447,-0.0,-0.0,0.0
04158680-ebb3-4554-96a1-500cc6d00882,Chloe Igleski,F,0.4488,0.4555,-0.0,-0.0,0.0
a33fae19-76c1-4ec3-9845-2b2b471baa70,Johnny Goldberg,M,0.2637,0.4112,-0.0,-0.0,0.0
d4fa4b1d-2228-4620-8e8c-f4b182524e86,Alexis Nelson,F,0.4755,0.2579,-0.0,-0.0,0.0
392de00d-8c51-4096-be1c-b9e59d882913,Lauren Wong,F,-0.0819,-0.1573,-0.0,-0.0,0.0
45e53881-72e4-4de1-9763-c2e7f7f854ba,Andrea Koop,F,0.6016,0.5826,-0.0,-0.0,0.0
b5256e08-9c6a-4eb3-8fe6-f522b269c1ab,Dana Raugust,F,0.3702,0.3321,-0.0,-0.0,0.0
5883c77e-d6e0-4848-9473-866396578248,Audrey Adele Brown,F,-0.183,-0.2199,-0.0,-0.0,0.0
3418eaf5-4176-4ed6-ac5c-c45ea36e1f82,Ashlee Candelaria,F,0.3283,0.2868,-0.0,-0.0,0.0
89aaafba-7d47-4938-b918-b960dff5bebc,Ryan Finley,M,0.4558,0.608,-0.0,-0.0,0.0
14da50fe-4769-4bc3-aa3c-5d2e8a8527c1,Court Zalinski,F,-0.2015,-0.2466,-0.0,-0.0,0.0
97da7b88-56d2-4e36-b0b2-2bd28d8320c1,Lucah Folden,F,-0.1444,-0.2249,-0.0,-0.0,0.0
9e21488f-cc47-4ec5-8883-b74edc533747,Paige Miles,F,0.3996,0.3639,-0.0,-0.0,0.0
b871e2a8-3498-47b9-a7c5-e75030bc1b35,Keith Read,M,0.254,0.4013,-0.0,-0.0,0.0
910196c3-1d57-456f-b407-bc550a2edec6,Ryan Gilbert,M,0.3733,0.6078,-0.0,-0.0,0.0
008a1230-584f-429a-bafe-5c6ec6488123,Allison Chuang,F,0.2931,0.2487,-0.0,-0.0,0.0
9e8ad96a-17a3-48bf-9363-7b35cc96b2b8,Averee Beck,F,0.0875,0.021,-0.0,-0.0,0.0
099cea76-474b-4085-b77e-83baefab2b16,Kristin Vogel,F,0.3413,0.5426,-0.0,-0.0,0.0
4be45b4a-461b-43e3-b0a4-33effdc2248a,Dalia Garza,F,-0.153,-0.0301,-0.0,-0.0,0.0
c5b50cff-54a3-4897-a8ad-2c57e1e988f9,Ben Newell,M,0.5359,0.6901,-0.0,-0.0,0.0
819a323b-bed3-4287-984d-ea784ed471b1,Eric Gilbert,M,-0.1674,0.5288,-0.0,-0.0,0.0
b43c46a3-0b98-4fdb-aa93-6c3982761aeb,Rob Hutchins,M,0.0468,0.4145,-0.0,-0.0,0.0
00ab745e-aec0-4f44-acfb-0c24511b3999,Sarah Pham,F,0.3699,0.3318,-0.0,-0.0,0.0
9e500bd3-b4ff-449e-81fe-9ef54d091dbc,Sarah Ansboury,F,0.1646,0.1096,-0.0,-0.0,0.0
e319e2cf-0fce-4c72-9197-f2674c7595b8,Zak Parks,M,0.4968,0.7253,-0.0,-0.0,0.0
d36e9231-a965-46ae-9a8a-7ce05416805c,Joshua Reason,M,0.198,0.75,-0.0,-0.0,0.0
46ac090a-65d8-4ef5-a469-7bc7a80f0503,John Macauley,M,-0.1357,0.2594,-0.0,-0.0,0.0
4a7604e0-0f45-4057-8da0-bbfd0a58df83,Cami Blake,F,0.0282,0.4926,-0.0,-0.0,0.0
dd1fe72e-5c35-47ea-8996-1f6a3c0c5538,Justin Fullmer,M,-0.0649,0.2026,-0.0,-0.0,0.0
d0f63c78-f753-45d9-a510-1b05298ea680,Erik Forsythe,M,0.3291,0.4782,-0.0,-0.0,0.0
276c3b2a-2dca-4124-a404-18ab4d412dcb,Jordan Bridge,M,0.0571,0.6494,-0.0,-0.0,0.0
c4113020-5ba5-4296-ac84-779346254ac1,Gregorie Vinueza-Daly,M,0.4815,0.6343,-0.0,-0.0,0.0
9124e6bd-6a6e-4026-9256-90277ca91c1c,Kace Heiner,M,-0.0143,0.6675,-0.0,-0.0,0.0
57a5785e-8dd2-493d-8d2d-31459d308371,Victoria Yu,F,0.0758,0.3691,-0.0,-0.0,0.0
649a30be-e691-4be4-8677-b9a55699f2b8,Ivy Tschetter,F,0.1283,0.0158,-0.0,-0.0,0.0
69633ccf-87be-4975-a578-53d6e166c91b,Wil Shaffer,M,0.1353,0.7562,-0.0,-0.0,0.0
f483a4bf-83ff-4e34-8629-72eed44e2662,Jeffrey Moulton,M,-0.244,0.2687,-0.0,-0.0,0.0
40c23f2e-99c3-4c87-8cc6-32f8b2d7b334,Carolina Mayorga-Perry,F,0.242,0.1933,-0.0,-0.0,0.0
87541b06-c5b5-40a6-8210-e1b1051ff90a,Nick Werner,M,-0.1151,-0.0615,-0.0,-0.0,0.0
9684fa0b-ddad-4427-962f-ed7a309a21d4,Kasia Carr,F,-0.0551,-0.1283,-0.0,-0.0,0.0
21cff7c4-f7a7-4133-8b2b-02b424fd50b8,Joshua Cooperman,M,-0.1116,0.3433,-0.0,-0.0,0.0
9120d7ec-1a7e-413a-82cf-0e29009175d5,Maximo Agoglia,M,0.0789,0.6287,-0.0,-0.0,0.0
1c565be0-8543-4679-8dad-1bc917b2f41c,Alexandre Gauthier,M,-0.1374,0.4282,-0.0,-0.0,0.0
b025eccb-868e-4ce6-a4db-c1082a288b59,Maddy Rasmusen,F,0.3906,0.574,-0.0,-0.0,0.0
4d73f750-808b-4f08-a96f-359f8835df54,Izaak Gonzalez,M,-0.2242,0.1669,-0.0,-0.0,0.0
782b4237-20c6-46a8-896c-d3060d356777,Jordan Betts,M,0.0474,0.3015,-0.0,-0.0,0.0
c96f7a83-9cc1-4fbe-a610-126ed8e3a202,Gregory Dow,M,0.4427,0.2086,-0.0,-0.0,0.0
90b27004-f6bd-4a12-9cfa-acde87301310,Joel Cassens,M,0.2533,0.4005,-0.0,-0.0,0.0
c62c2081-d9ce-4750-93f5-c9163bf46f74,Yaamunan Venkatesan,M,0.0421,0.3778,-0.0,-0.0,0.0
da1847da-b6a7-43cc-8ba1-1b6c775f29c4,Andrew Anh Pham,M,0.0662,0.1715,-0.0,-0.0,0.0
220ac572-6824-41c5-b2da-18f4c7f18e2f,Alex Lantz,M,-0.2993,-0.1656,-0.0,-0.0,0.0
cc994f98-879e-4ef1-a4e6-bfe46cdaea7a,Chase Blocker,M,0.0666,0.3484,-0.0,-0.0,0.0
e9b96752-ca0f-479c-a4be-01d0db777051,Matt Haugdahl,M,-0.0217,0.3875,-0.0,-0.0,0.0
12e4929d-3cf3-47ef-9b8f-4c9477a8e762,Sydney Donkena,F,0.003,-0.0654,-0.0,-0.0,0.0
3f523db3-f8c4-46c8-a54f-533d7220d27b,Kyle Goodburn,M,-0.0922,0.0466,-0.0,-0.0,0.0
607ff7e3-ba06-47f2-8bdc-0f66a4a6614f,V. Mary Rivas,F,0.069,-0.1971,-0.0,-0.0,0.0
bca78de4-9ff3-4dba-b182-6765f2a40fcc,Neil Mediratta,M,0.0525,0.1948,-0.0,-0.0,0.0
dee643dc-920a-42e7-9596-7052f08cd4e8,Jamie Voelker,F,0.228,0.1078,-0.0,-0.0,0.0
ae22d796-6114-4ec9-8a76-8393e96cb1d0,Preston Bies,M,-0.2775,-0.1433,-0.0,-0.0,0.0
1374dfe9-4573-4ab6-991d-16bed0a6d25c,Edward Perez,M,0.2445,0.7122,-0.0,-0.0,0.0
f932a82f-0702-44ac-9a1f-09bb5670b25c,Christian Lund,M,0.0559,0.1983,-0.0,-0.0,0.0
070be5dd-2dcf-44b6-b2e7-37d9fbd29aa2,Adalynn Lund,F,0.0702,0.0074,-0.0,-0.0,0.0
65bcab7c-9c93-4dc8-a847-a34da426b933,Martina Frantova,F,0.617,0.6461,-0.0,0.01538,-0.01538
947ad32d-852b-4b3f-b488-c1f20147f44a,Brian Kerr,M,-0.0006,0.0917,-0.0,-0.0,0.0
79046b96-4601-4443-ad6a-b1d2451be668,Rachel Summers,F,0.2487,0.205,-0.0,-0.0,0.0
eb3f00bd-6375-4e9f-9e4a-9a945ebdfd74,Anri Ferris,F,-0.069,0.1843,-0.0,-0.0,0.0
906cfb51-866b-461e-8794-bdad7c46cb22,Brittni Tonnessen,F,-0.09,-0.0393,-0.0,-0.0,0.0
f8917832-134f-4323-a2f2-ac19251c6e01,Sarah Williams,F,0.2373,0.108,-0.0,-0.0,0.0
6aa6ce7a-8246-4bfd-9d8a-a67bb5f95257,Bao Duong,M,-0.1655,0.1514,-0.0,-0.0,0.0
bf59aa30-8db2-4ef6-9d7d-28ca1e32346c,Kara Andrews,F,-0.3533,-0.1916,-0.0,-0.0,0.0
04ab231b-f2ab-456a-a79a-1728f29e42fa,Eliel Herminas,M,0.0026,-0.3994,-0.0,-0.0,0.0
16e2bfc0-c047-47a9-851d-1cc79ad3f7b1,Chase Womack,M,0.2505,0.6183,-0.0,-0.0,0.0
3d67b6d0-063e-466c-a475-7679d0764354,Austin Bricker,M,0.4743,0.4462,-0.0,-0.0,0.0
fd9d1436-6f09-41f7-8658-d1349bdf1ba5,Chandler Carnett,M,0.2162,0.0881,-0.0,-0.0,0.0
8834a79d-a6ef-48ca-82dc-900db2a441a0,Jayce Landheer,M,0.119,0.0787,-0.0,-0.0,0.0
5ba3597f-0147-4420-bbc3-00da18ccf339,Justin Hunter,M,0.3473,0.4969,-0.0,-0.0,0.0
9db29a7a-1fce-4394-a1f0-a5fbd2bc2e7b,Jake Anderson,M,0.2667,0.4143,-0.0,-0.0,0.0
220e3821-0cac-4fce-a722-a079a5359262,Casey Garretson,M,0.3358,0.4773,-0.0,-0.0,0.0
fcc36b68-b11b-4589-baa0-7d31f599eba1,Aaron Fuhrman,M,0.0136,-0.2195,-0.0,-0.0,0.0
4e3bcf37-c264-475d-b956-7c3992d3d7fd,Brandon Nsekpong,M,0.2867,0.5783,-0.0,-0.0,0.0
ece1da5c-10cc-41a6-bc48-66d82a4ea10c,Prycen Haas,M,0.3077,0.4563,-0.0,-0.0,0.0
0142557a-6231-455b-8eee-daf5f67fc1ff,James Seagraves,M,0.2372,0.6263,-0.0,-0.0,0.0
4d79c4da-92de-4292-b231-59d2bd32c944,Alex Bowers,F,0.0479,-0.3113,-0.0,-0.0,0.0
0fadc58c-ce4c-4a9b-884f-8993354775ca,Rianna Valdes,F,0.5335,0.5089,-0.0,-0.0,0.0
62865128-f55c-4c57-a35e-30834e4439b8,Bassem Kheireddin,M,0.3802,0.5306,-0.0,-0.0,0.0
96bc3c83-0c9b-4a2d-9dcd-baf5af3153f3,Josiah Watje,M,-0.0119,0.1288,-0.0,-0.0,0.0
ef7deb1d-5f94-4563-8d32-cf5555e1a71f,Sebastian Gutierrez,M,0.0967,0.2401,-0.0,-0.0,0.0
95cf8ab1-020b-4edb-b691-c46fb17e2378,Juan Pinilla,M,0.1096,0.149,-0.0,-0.0,0.0
52915580-0a12-4791-8f82-6f6e56e90f76,Elizabeth Boydston,F,0.0073,-0.0607,-0.0,-0.0,0.0
bd7773b4-7b8e-4da2-96ce-98fe3490ee93,Lindsey Newman,F,0.5532,0.4005,-0.0,-0.0,0.0
fb9360bc-8a5e-4a54-a460-5a4d4541ac81,Marie Lutz,F,0.0559,-0.0081,-0.0,-0.0,0.0
5c5c1775-a31b-4f49-b822-42afe860fd24,Stephen Bass,M,0.172,0.0093,-0.0,-0.0,0.0
222bf2cd-da9b-4c4c-ab99-0fa77bec15c6,Jason Loyd,M,0.247,0.4356,-0.0,-0.0,0.0
0ccab93d-398c-40a8-821f-07a2ded79dde,Zoeya Khan,F,0.3379,0.4631,-0.0,-0.0,0.0
5ba04f05-e201-4587-9613-7761c3afc0cf,Nicole Pitts,F,0.1004,0.2348,-0.0,-0.0,0.0
01ef6089-cac8-4488-bff2-9d715d159a74,Katherine Allan,F,-0.1188,0.142,-0.0,-0.0,0.0
13925724-113d-42af-92ea-eaa66957202e,Timothy Cass,M,0.1143,0.2581,-0.0,-0.0,0.0
e80c361b-ab9c-45a3-95ef-363bfb7ee817,Brett Clayton,M,0.2398,0.578,-0.0,-0.0,0.0
8983be9d-1de3-4ae2-a6ed-1584a478bc33,William Owens,M,0.1351,0.2794,-0.0,-0.0,0.0
08208add-da5e-4a73-adb0-f1a86bf28153,Alex Guy,M,0.2355,0.2009,-0.0,-0.0,0.0
bf96031e-108d-4a37-810a-d43f63339231,Audrey Banada,F,0.3193,0.3348,-0.0,-0.0,0.0
0f2bcb8e-7a61-420c-ac30-b9626b8049a6,Caitlin Klaassen,F,0.2688,0.5056,-0.0,-0.0,0.0
df8c0e05-75ea-4ef3-923e-685ff05f23f5,Selim Ben Ali,M,0.0644,0.4075,-0.0,-0.0,0.0
6e0c0d57-704c-4148-9229-1c623b611919,Perry Wang,M,0.2745,0.4223,-0.0,-0.0,0.0
1c2da4a6-ad16-41a2-9c57-a5cc3b333817,Jim Dobran,M,0.4244,0.5758,-0.0,-0.0,0.0
fc684593-8841-4dd1-b77c-5154b2f25bca,Hailee Haymore,F,0.2248,0.1747,-0.0,-0.0,0.0
d93f56ce-61cc-477d-a26c-17d04e53b2ff,Anna Lenhart,F,0.1325,-0.0034,-0.0,-0.0,0.0
2feffeaa-aca5-4c5d-aad6-62eb0d38a6be,Abigail Okelley,F,-0.1077,-0.0913,-0.0,-0.0,0.0
23a8af5a-fed3-445d-99aa-1a5f69a05ff6,Brie Aldridge,F,0.0791,-0.7054,-0.0,-0.0,0.0
52e042f4-517b-483d-a264-f2f3dfa3f940,Jimmy Terzian,M,-0.1448,-0.2224,-0.0,-0.0,0.0
9e10852b-9669-498e-86cc-5f4e7f3a53e4,Alex Wetherell,M,0.1276,0.63,-0.0,-0.0,0.0
6e4cfa2f-6e11-4c05-9490-059d6218a579,Brett Finan,M,0.1219,0.5917,-0.0,-0.0,0.0
dba7cf49-9f57-43e3-878d-a63ced26a243,Jaeda Minniefield,F,0.2545,0.2403,-0.0,-0.0,0.0
71c8bad4-9344-41c3-b0bc-86675b6f38d9,Evie Kenna,F,0.1922,0.1394,-0.0,-0.0,0.0
bb20d284-a077-49bd-8409-a3452e3067f3,Kevin Caulfield,M,0.1454,0.477,-0.0,-0.0,0.0
c84377c6-b0ca-42dd-bc1a-2fd3d3c4ef9f,Ryan Torresin,M,0.5831,0.6308,-0.0,-0.0,0.0
00e04f40-f239-42cd-baaa-0800e5f7d525,Sarah Carpenter,F,-0.0552,-0.1284,-0.0,-0.0,0.0
2856d69d-887b-4e89-a5c9-975f581f84a0,Len Yang,M,0.618,0.7742,-0.0,-0.0,0.0
9c9c45e5-6fb8-4f4f-a85e-16cebb11972d,Andi Godwin,F,-0.2108,-0.5955,-0.0,-0.0,0.0
585c0024-286f-4489-ab4e-ab713ed71252,Ryan Dawidjan,M,0.2685,0.4161,-0.0,-0.0,0.0
12b298bc-6545-409a-ba9d-bd5b2d6f0e00,Sepand (sep) Attar,M,0.093,0.2363,-0.0,-0.0,0.0
0c557fe1-ed48-43e7-8942-9e0e32e2e427,Hilary Toole,F,-0.0663,0.3278,-0.0,-0.0,0.0
8df75868-d07f-4d36-adba-d6e720a2c097,Alex Chan,F,-0.0266,-0.0974,-0.0,-0.0,0.0
5f12cd95-ee09-4403-a72f-28f1c7299d64,Jason Mok,M,0.173,0.3183,-0.0,-0.0,0.0
4237e6e9-1da9-4287-85ba-c33d2259841c,Manfred Jeske,M,0.1852,0.7748,-0.0,-0.0,0.0
c012b271-5d26-48b1-8cd5-2cd04d1d204b,Matt Ngo,M,0.2528,0.0143,-0.0,-0.0,0.0
4c974436-715d-41f0-9705-f25f108db163,Aleck Blair,M,0.0597,0.7301,-0.0,-0.0,0.0
1c49ab19-88d1-43b4-94cb-ab7ec9205ec9,Regina Goldberg,F,0.2742,0.2282,-0.0,-0.0,0.0
988e88e7-a3e0-4d04-8d2a-a26802cbbe8e,Rachel Janssen,F,-0.0175,0.5263,-0.0,-0.0,0.0
a018902f-114c-4519-997c-4fdf52d4a0e1,Abbigal Hatton,F,0.3863,0.3101,-0.0,-0.0,0.0
25104e43-16f9-4ce3-9085-70243d8b350a,Ella Yeh,F,0.4453,-0.0429,-0.0,-0.0,0.0
21787278-0f3a-4bcd-9d1f-e73deac5d400,Averry Chew,F,0.3051,0.4191,-0.0,-0.0,0.0
3b609732-aeb8-49ef-af26-4321e6e0d151,Bryanna Ojeda,F,0.2759,0.356,-0.0,-0.0,0.0
95c0348f-d93e-44ba-b55e-4971a2d7c1c0,Scott Berke,M,-0.1901,0.1958,-0.0,-0.0,0.0
64e104e8-d388-4d03-9eb9-e3f836ef942c,Tia Elpusan,F,0.4717,0.442,-0.0,-0.0,0.0
771a635c-4be0-4f47-a409-229d0471803d,Maddox Castellanos,M,0.0996,0.2431,-0.0,-0.0,0.0
d0bac3dd-65e3-4682-9928-7344468332a5,David Creswell,M,0.1526,0.4346,-0.0,-0.0,0.0
397b3fba-650e-465c-ae98-03422712e358,Riley Hanks,F,-0.1436,-0.1396,-0.0,-0.0,0.0
53955191-e756-453e-bf46-162afae7d905,Danica Wolf,F,0.1197,0.061,-0.0,-0.0,0.0
5c428248-d346-49fc-8c5e-ad19fb318da2,Dayna La Belle,F,-0.3274,-0.9284,-0.0,-0.0,0.0
7ef0e6aa-5130-41c0-9c7c-68cb94fa2d3d,Jack Sahid,M,0.1117,0.2555,-0.0,-0.0,0.0
bf08506d-dd1b-44e7-af1a-20a2772d986f,Lucas Guidroz,M,0.2943,0.4426,-0.0,-0.0,0.0
3d81052b-beb5-43a8-9941-a5595a0be3c8,Brianna Kemp,F,0.2307,0.1811,-0.0,-0.0,0.0
e41881d8-b1e1-465d-afcf-a58602cd92bd,Aidan Schenk,M,0.4549,0.6071,-0.0,-0.0,0.0
1c81bffd-a391-4713-9e12-b0be14836038,Matt Baca,M,0.2201,0.3665,-0.0,-0.0,0.0
7c564f89-1c58-4597-b689-e37bd0ecd511,John Thorn,M,0.1693,0.6652,-0.0,-0.0,0.0
541bae3b-cb07-4c73-8f7a-42a1e0d38cde,Sam Libo,M,-0.2049,0.2981,-0.0,-0.0,0.0
ff97a8a3-f431-4313-9922-397231cf3407,Lily Goodwin,F,-0.3697,-0.7827,-0.0,-0.0,0.0
653168a3-7353-4085-a8d7-9108c13ce119,Anthony Skalabrin,M,-0.3922,-0.2608,-0.0,-0.0,0.0
dc69fcde-bcda-4441-8b66-a8bafeb12ded,Joel Poland,M,0.6002,0.7035,-0.0,-0.0,0.0
cd71f5e4-529b-43e0-ae28-2c9127711ae2,Charles Case,M,0.2517,0.3989,-0.0,-0.0,0.0
7bf10f67-cf48-4d2d-96ea-4e7d2646d9a8,Ryan Smith,M,0.3177,0.4665,-0.0,-0.0,0.0
28df3b18-505d-45b2-ad6d-c773c0dbd0b1,Breaden Brooks,M,0.1156,0.6398,-0.0,-0.0,0.0
2df9061c-a8bf-4436-952d-047857d851f9,Bruno Barrueto Deza,M,0.0996,0.5046,-0.0,-0.0,0.0
325b8321-aeb0-4079-8892-c824da665aeb,Amanda Studnicki,F,0.0597,-0.1873,-0.0,-0.0,0.0
7e657393-16e5-4dd0-b230-47ffe15b6581,Gerald Ferrer,M,0.5576,0.4817,-0.0,-0.0,0.0
17acdeab-879d-46c1-bc2c-b31d17acb8ed,Jeremy Lim,M,-0.0949,0.211,-0.0,-0.0,0.0
6301309a-ee41-441f-8382-00d54cb077a5,Gavin Fowler,M,0.0976,0.5125,-0.0,-0.0,0.0
fb6a0d45-8a9b-4fb6-94c8-635cc6dca77e,Dodo Kong,F,-0.0441,0.6108,-0.0,-0.0,0.0
404094a4-c65d-4e15-8023-f025ac226e30,Riley Bohnert,F,0.5289,0.5039,-0.0,-0.0,0.0
b3edcbe7-c081-406a-b28e-3cd34988d4dd,Simone Leonard,F,-0.0147,0.1473,-0.0,-0.0,0.0
964141f0-2f93-4294-a303-c41735341b46,Allie Davis,F,-0.0119,-0.0815,-0.0,-0.0,0.0
ad6e69ff-7913-4b21-86dd-9489f749be01,Paula Rives,F,0.4726,0.4296,-0.0,-0.0,0.0
11e203e1-6239-4f00-aaf9-752aae883120,Rodrigo Reyes,M,0.0709,0.2137,-0.0,-0.0,0.0
b3dd67b6-42ba-4109-b974-149162bb7211,Federico Nani,M,0.3151,0.4403,-0.0,-0.0,0.0
d4b4527f-c92a-40d3-8e2a-d2a1af36ba7e,Jorge Nunez,M,0.2645,0.0743,-0.0,-0.0,0.0
bfff61ed-6e32-441f-931d-8acf81c09dd3,Victoria Helmuth,F,0.0916,0.4755,-0.0,-0.0,0.0
1072c348-fd0a-4303-9dc3-be20c9736074,Jessica Jones,F,-0.2865,-0.2838,-0.0,-0.0,0.0
ed700443-8f8c-4fdd-8560-6b32e64245f9,Adela Umannova,F,-0.1993,-0.2844,-0.0,-0.0,0.0
9972caa3-8ae5-4559-b5f3-720f9cb6317b,Zac Hirschler,M,0.2966,0.4449,-0.0,-0.0,0.0
c85c50d9-eaa4-4581-b6bb-583a808706bf,Kyle Koszuta,M,0.5259,0.7912,-0.0,-0.0,0.0
67374341-3f7d-4434-95fe-7b6e826e6ca4,Kevin Dong,M,0.1975,0.3434,-0.0,-0.0,0.0
a9a9997e-9128-4275-b895-bc68df2374e0,Frank Solana,M,0.174,0.7366,-0.0,-0.0,0.0
f6dd1c21-d872-42e6-a8a4-7c42d9063b74,Jes Rochefort,F,0.2693,0.2229,-0.0,-0.0,0.0
14c4c96f-0a49-4d07-b16d-f6cb782491f4,Kentaro Hamaguchi,M,0.2793,0.5276,-0.0,-0.0,0.0
8f62717f-c19d-4c11-a681-1818ce1c0ab1,Alexia Alvarez,F,-0.1438,-0.2243,-0.0,-0.0,0.0
139f2249-820e-4e28-ad94-3b82f07ee699,Jojo Henderson,F,-0.1785,-0.3939,-0.0,-0.0,0.0
d38dbab9-f977-42bf-bdb8-393263e08056,Samuel Gabet,M,-0.0873,0.5142,-0.0,-0.0,0.0
f3eb3a16-b250-4bc7-ac66-23ede9030c80,Gianna Southwick,F,-0.2098,0.0243,-0.0,-0.0,0.0
54b45fcd-72f8-4cfd-9a37-3c3a0989f56c,Alexander Valencia,M,0.0028,0.4715,-0.0,-0.0,0.0
a542c7e8-5602-480d-9fd2-b870091858e5,Chloe Zigliara,F,-0.2192,0.407,-0.0,-0.0,0.0
525bfe63-4047-4100-9289-b4af47a25f98,Alia Brown,F,0.3771,0.6177,-0.0,-0.0,0.0
2debba8d-e0c6-4fec-9ff2-dcb4732abe90,Chandra Kusuma,F,0.0845,0.3604,-0.0,-0.0,0.0
7b0ada81-4724-4b79-865e-e394e9358de4,Caraline Cox,F,0.0643,-0.1765,-0.0,-0.0,0.0
722347d4-487c-473f-aec0-f856533f520d,Brookes Jones,M,-0.0951,0.0436,-0.0,-0.0,0.0
7bee4b61-53bf-41c1-a04f-1be4ade890ad,Sabrina Palavra,F,-0.2278,-0.3453,-0.0,-0.0,0.0
e4c4c646-5650-45b9-8673-5b5e9d2174e0,Zachary Marceau,M,0.3861,0.5366,-0.0,-0.0,0.0
dca3335c-a2fa-4863-b26c-a2e587de7534,Maebry Jones,F,0.0734,0.0108,-0.0,-0.0,0.0
07456e73-2a8c-4bcc-a487-7300ea9d852f,Cody Sivan,M,-0.1502,-0.0129,-0.0,-0.0,0.0
0a787ca5-f7c5-4352-99f8-3c7214e231c3,Jake Wilson,M,0.2414,0.5699,-0.0,-0.0,0.0
90ee0493-d16e-44c0-abf6-c0a5afae261f,Ross English,M,0.2452,-0.1092,-0.0,-0.0,0.0
44d043e4-e81d-4496-b9fa-d01f47dfbc10,Gavin Nickerson,M,-0.05,-0.3195,-0.0,-0.0,0.0
8a614993-d082-4ab8-af12-348c954ff276,Emanuel Dickson,M,0.1011,0.6639,-0.0,-0.0,0.0
2f28b85f-2645-4f75-8571-67335413387b,Morgan Downing,F,-0.1946,-0.003,-0.0,-0.0,0.0
3352fcce-bc05-4a02-bf59-c1984cec3e56,Chris Walker,M,-0.2814,0.0458,-0.0,-0.0,0.0
7bdd399d-fcb1-404f-ba07-afbf4c47bb3a,Ajit Kurki,M,-0.0473,0.4958,-0.0,-0.0,0.0
4ebf78a8-2d54-451d-a45f-42544f6a60f1,Kayla Nesbitt,F,0.1207,-0.2529,-0.0,-0.0,0.0
00ab134c-1282-4628-824f-88a0cea38214,Luke Cartenuto,M,0.2483,0.7101,-0.0,-0.0,0.0
66d6c944-63ff-400d-a729-da58b13dced2,Vova Zverkovsky,M,-0.0902,0.3644,-0.0,-0.0,0.0
e4bf2cca-f71a-4ded-89fe-39db811423db,Jace Howard,M,0.3659,0.6672,-0.0,-0.0,0.0
3475b356-f7a8-4fd4-b203-38a698e500ed,Cody Milton,M,-0.2938,-0.16,-0.0,-0.0,0.0
141a5d80-7998-46e9-ac83-1019c415f2e6,Nick Petterson,M,0.1348,0.2791,-0.0,-0.0,0.0
4fde43e3-433f-45df-8a9e-1f3abbf82dc8,Lorena Duknic,F,0.3918,0.5396,-0.0,-0.0,0.0
ff8b1213-7fc1-4777-b14b-3630be544034,David Sigler,M,0.1174,0.2613,-0.0,-0.0,0.0
47690bb2-18cf-4172-889a-1f9cc5bb6d9d,Amir Tabatabaeian,M,0.1808,0.3263,-0.0,-0.0,0.0
5520bc45-676e-45a7-bf34-7d91529fdd63,Billy Buchhauser,M,-0.0293,0.0453,-0.0,-0.0,0.0
a221652d-812b-480e-82fb-7c58791ba147,Carl Taibl,M,0.2005,-0.0129,-0.0,-0.0,0.0
8af38fdd-73ad-4c9e-9bcb-d5c5cf861d4e,Isabella Ochoa,F,0.3134,-0.0591,-0.0,-0.0,0.0
48359011-0793-437a-bfa2-b7a4c5194689,Roger Dugas,M,0.1139,0.253,-0.0,-0.0,0.0
1dcfe215-9845-4590-9432-8a3087e748af,Brittany Levkulich,F,-0.0296,0.2429,-0.0,-0.0,0.0
790712df-aadd-46e3-8e04-29143bac56ce,Kayla Field,F,-0.1295,-0.2088,-0.0,-0.0,0.0
21ed6c0a-6f07-4e74-afae-9e2218085daf,Levi Daniel,M,0.2089,0.552,-0.0,-0.0,0.0
bbf16648-a08b-4864-ad42-80848523bf44,Chelsea Purcell,F,0.1834,-0.0418,-0.0,-0.0,0.0
9532d3f8-9418-4b59-af95-3cc5e7c2a066,Kelly Chen,F,0.1761,0.122,-0.0,-0.0,0.0
de14b3af-3ee1-467a-864b-7af6467f64d4,Laura Madison,F,-0.088,-0.1639,-0.0,-0.0,0.0
46964855-27d5-412f-be82-2df7e45a99e5,Jaden Lam,M,0.1104,-0.2298,-0.0,-0.0,0.0
001e944e-7159-46c8-afe6-63c2754d9241,Brodie Smith,M,0.233,0.3797,-0.0,-0.0,0.0
2a1c197a-eede-4639-9fbf-1133d648f7c7,Demetric Marrero Jr,M,0.1801,0.5781,-0.0,-0.0,0.0
ab53383d-abb2-4bcf-adea-398e6c6dd36a,Cleo Bond,F,-0.0098,0.6152,-0.0,-0.0,0.0
994842fc-32d2-46a2-8e49-98bd63528b2e,Natalie Raney,F,0.302,0.2583,-0.0,-0.0,0.0
92b20d3a-70c5-453e-8b2d-38c1c552b693,Edward Kim,M,0.0162,0.3715,-0.0,-0.0,0.0
9647bc45-f17b-43c8-9658-32448d4d95b9,Leah Tauber,F,0.4551,0.424,-0.0,-0.0,0.0
b08631ba-76d5-4262-8d27-5b2350646c00,Tomoko Taniguchi,F,-0.1222,-0.3378,-0.0,-0.0,0.0
ac8ceab0-87e0-4d34-8f30-ca2b5c01bbad,Keaten Kappes,M,0.1764,0.5946,-0.0,-0.0,0.0
4c87b545-c39a-482a-aa24-0ce2951f20d8,Connie Lee,F,0.2708,0.4012,-0.0,-0.0,0.0
e56859fa-db8e-49d9-a6f8-a609e40e7221,David Yahng,M,0.134,0.2783,-0.0,-0.0,0.0
66cb85be-fe8b-402d-a4f7-4a8e6a7c3ad7,Lucas Pascoe,M,0.2495,0.6381,-0.0,-0.0,0.0
5a2bcefc-c495-4a2d-b3cc-03b6cdecd84f,Xiao Yi Wang-Beckvall,F,0.4564,0.3813,-0.0,-0.0,0.0
5bdaf230-63a7-41cb-8fcd-d774ec99d51e,Victoria Nguyen,F,0.0221,-0.0447,-0.0,-0.0,0.0
81535c8c-27d9-452c-a72a-61fc9f755b01,Will Mackinnon,M,0.5586,0.5807,-0.0,-0.0,0.0
e6129a52-f99b-4c66-be30-8f96d7635250,Andrew Angulo,M,0.0964,0.6083,-0.0,-0.0,0.0
ea6de427-cf66-45c3-a52a-7b4959309226,Brock Rzesnowiecky,M,-0.0921,0.4477,-0.0,-0.0,0.0
a552ba50-5178-4107-aec6-ab9c0a0989b3,Aizec Olson,M,-0.0153,0.1254,-0.0,-0.0,0.0
0d40af37-5b44-4f00-a2c8-03ea5e34960c,Ram Kotnana,M,0.0861,0.5819,-0.0,-0.0,0.0
28084fc7-8653-4ff0-bc3b-1bf582d03a75,Jay Evans,M,-0.2969,0.0124,-0.0,-0.0,0.0
91846d4e-67fb-4891-87a6-bed8362b8e2c,Olivia Phillips,F,-0.2074,-0.4443,-0.0,-0.0,0.0
36b47dfd-00db-4bf3-ae56-e6cd61e51a97,Ryan Lam,M,-0.1528,0.7208,-0.0,-0.0,0.0
91025a95-6e03-4830-a936-aefea2c5ca37,Monica Paolicelli,F,0.2864,0.2414,-0.0,-0.0,0.0
ababc250-f834-4e1b-a3e5-f7152faf0888,Kendall Warren,F,0.1372,0.0799,-0.0,-0.0,0.0
658d2f1c-5f7d-4baa-a6ca-d29d3fed6166,Wade Bryant,M,0.0875,0.5313,-0.0,-0.0,0.0
03db4060-fcb3-41f7-83d5-7ee732dd8841,Jade Rau,F,0.2091,0.5673,-0.0,-0.0,0.0
cd9ee524-11da-4099-805f-1f362f2bc468,Stevie Petropouleas,F,-0.0208,0.2731,-0.0,-0.0,0.0
1e754a3f-b603-4e6f-b3d0-2cdd8819a267,Tucker Segars,M,0.0145,0.4005,-0.0,-0.0,0.0
1b01b905-c937-4da4-9012-66e66764bdab,Joey Campagna,M,0.3555,0.6794,-0.0,-0.0,0.0
7cf93ef3-86b7-4bb4-937b-5b5dc4c72c32,Valerie R Simon,F,0.2434,0.6378,-0.0,-0.0,0.0
0ac11983-04a4-49b8-80b6-afbc7453465e,George Bulger,M,-0.2006,0.2357,-0.0,-0.0,0.0
086c9ee0-0aa3-4d2e-bc64-22a683f44d73,Ahmad El-Zarif,M,0.1616,0.4739,-0.0,-0.0,0.0
49d53a66-df0a-4419-892e-0fe6c788391e,Wendy Weston,F,-0.1772,-0.5313,-0.0,-0.0,0.0
e48f177b-ac64-42a5-9dfc-d5e0ac5b3fa6,Michael Wolf,M,0.1926,0.2035,-0.0,-0.0,0.0
b191bf5b-58d6-4232-ba55-1defadd14f79,Diego Lebron Perez,M,-0.1043,0.0342,-0.0,-0.0,0.0
11989ea1-e653-42f9-91ce-13f1a78c0b4f,Lucas Coutinho,M,0.2587,0.7823,-0.0,-0.0,0.0
2ef7e171-fdfc-4727-ae17-cec4b8899dcc,Keaton Cullimore,M,0.5547,0.7093,-0.0,-0.0,0.0
0343accd-6e43-4a1b-9afb-c9aaaf2f2e68,Benson Parry,M,-0.0351,0.3252,-0.0,-0.0,0.0
25e61ef1-a9a2-4d05-8e75-4f0dd1bb0a2a,Lizzie McFarland,F,-0.3098,-0.0138,-0.0,-0.0,0.0
0b75af4a-8c68-4ff7-a2f1-09bda71b5bed,Andre Mercado,M,0.2609,0.5487,-0.0,-0.0,0.0
8aac4bf9-2442-48f4-83c1-589b0a00b071,Mulima Mulenga,M,-0.191,0.4726,-0.0,-0.0,0.0
8ece463d-140b-47fa-a002-2e08b9d0140e,Sunny Krittayaweth,M,0.122,0.2939,-0.0,-0.0,0.0
1e216feb-426b-400d-b79e-3db55899141e,Savanna Ticknor,F,-0.147,-0.2277,-0.0,-0.0,0.0
2a8b7adb-5f06-4b01-88a7-86e56d8d9274,Hannah Fife,F,0.0575,-0.5162,-0.0,-0.0,0.0
44599572-39cc-41f6-b9c1-283a4c39649d,Nicole Kalhorn,F,0.3328,0.2916,-0.0,-0.0,0.0
7ae4f842-ea7a-42e1-80ac-9ad235f10ed0,Lexi Jensen,F,0.096,0.0353,-0.0,-0.0,0.0
a770fd12-8c42-4b11-a19a-7a962828391b,Jason Taylor,M,0.1433,0.6449,-0.0,-0.0,0.0
7553976e-139a-455a-b6b2-a101580cfce2,Andrew Horridge,M,0.1537,0.3984,-0.0,-0.0,0.0
5a48d9fe-f61f-436f-9451-cd3b0bbda6d8,Nicholas Maleganeas,M,0.1329,0.5853,-0.0,-0.0,0.0
4565d8c4-de25-4391-bcf3-3e822ad7783d,Jai Grewal,M,0.1733,0.5145,-0.0,-0.0,0.0
bce96858-ab10-4ff3-9692-d32eab2a5b3b,Talia Saunders,F,0.4824,0.3968,-0.0,-0.0,0.0
4adbb03a-4a62-4a76-9a3a-c11357556ba9,Robert Stirling,M,0.6022,0.7364,-0.0,-0.0,0.0
8a8a499b-0c48-4dc2-a56a-6301b2d2c324,Chris Turvey,M,-0.1037,0.0348,-0.0,-0.0,0.0
87aab5b2-a93e-4cec-89c9-0d0cc3802318,Kaitlynn Hart,F,0.2485,0.4209,-0.0,-0.0,0.0
41e864fc-0853-4553-881a-7e4d231b09fe,Yung-Hsin Tseng,F,-0.0321,-0.1034,-0.0,-0.0,0.0
d418b041-1859-4fe6-996d-b446bd6645e2,Matthew Kouznetsov,M,0.2673,0.6318,-0.0,-0.0,0.0
6cbf25ef-655b-4883-91dc-cba9256545a7,Sarah Burr,F,0.3602,0.2717,-0.0,-0.0,0.0
72b85855-dcb3-4d14-931f-edd3c0b097a0,Madison Grollman,F,0.5963,0.5769,-0.0,-0.0,0.0
a4ae7ae8-87b6-4649-a11b-20a0ca2aef50,Logan Thompson,M,-0.0422,-0.1988,-0.0,-0.0,0.0
7864fbf6-245b-40e7-af07-0fb16958c3c1,Kamden Bradstreet,M,0.2918,0.3873,-0.0,-0.0,0.0
6c3ea21e-2ecb-4feb-9843-43776c7a76a9,Garrett Singletary,M,0.0327,-0.106,-0.0,-0.0,0.0
f40135fa-ed68-4d6f-9dbd-a9fb0a210e4b,Justin Slattery,M,0.0655,0.3972,-0.0,-0.0,0.0
ca3a3394-b5c4-4c95-9d31-910d4ce5bc9c,Brandon Fritze,M,0.2998,0.4032,-0.0,-0.0,0.0
6cea98b2-6f2a-4759-9e98-5f878e2e3bf4,Thomas Provost,M,-0.1775,0.4766,-0.0,-0.0,0.0
e0c80aa0-cb42-47cb-a487-02660638bd80,Garrett Ivey,M,0.0221,0.4099,-0.0,-0.0,0.0
c7e5faaf-722e-43ea-a652-316dde5de973,Landon Ivey,M,-0.001,0.4229,-0.0,-0.0,0.0
7a300520-8298-4458-8968-db478e23e9be,Tobias Moreno,M,0.2138,0.2563,-0.0,-0.0,0.0
38fdc174-96d6-459f-a27c-df35eb9f945c,Ashley Griffith,F,0.2712,0.4299,-0.0,-0.0,0.0
bb4de7dc-9f25-4218-a601-318492e0884c,Usama Khalid,M,0.3795,0.6233,-0.0,-0.0,0.0
64014d70-f073-4be6-8bf2-ae07ba9c0846,Ben Herrick,M,0.326,0.702,-0.0,-0.0,0.0
237778ff-378f-4f99-82cb-cc3bb7b5d02e,Caleb Herrick,M,0.142,0.781,-0.0,-0.0,0.0
34df6ae0-3b15-474c-81a9-63bebc580ed7,Brian Bonilla,M,0.0564,0.1988,-0.0,-0.0,0.0
94b1585a-19be-4842-b8a1-e17d9ee917b4,Michael Benash,M,-0.1708,-0.034,-0.0,-0.0,0.0
2c115b6b-4c0a-4992-9912-ed00d7bf07fc,Sam Kim,M,0.1168,0.2607,-0.0,-0.0,0.0
26106b4f-970b-48b1-8a08-7d921540935b,Hannah Ward,F,-0.1726,0.0306,-0.0,-0.0,0.0
c8d2e5c7-40bf-4658-b1de-003b0d9058e1,Cobi Moore,M,0.1394,0.2839,-0.0,-0.0,0.0
146dd2f7-7f5d-495d-b2f1-96d433742fec,Eduardo Santini Ayon,M,0.3353,0.7914,-0.0,-0.0,0.0
79cb3f14-3b40-45de-8084-e5d27a0374a5,Matthew Powley,M,0.2059,0.5465,-0.0,-0.0,0.0
579b21fd-0bec-4ad6-84ed-32bec62d0e61,Courtney Clark,F,0.0314,-0.0346,-0.0,-0.0,0.0
316a0784-5829-4fad-89a1-438e5aac2504,Jazz Hearn IV,F,-0.0262,-0.0962,-0.0,-0.0,0.0
73059c6e-2fdb-4d82-90da-3c3c524a9c50,Christina Chin,F,0.5057,0.4788,-0.0,-0.0,0.0
b64c5126-0638-4c53-9ad7-cc90d41c2d85,Eshaan Mylavarapu,M,0.0032,0.1443,-0.0,-0.0,0.0
dc867b34-388d-4e60-94dd-6d058fc0a7e6,Jen Werbeck,F,0.0294,-0.0368,-0.0,-0.0,0.0
857cfd09-e91b-4282-9b4d-862264295094,Brent Werbeck,M,0.1077,0.2514,-0.0,-0.0,0.0
481d9fef-ed7a-4fc9-9d19-a4f9b5a57d56,Ella Cosma,F,0.0284,-0.1396,-0.0,-0.0,0.0
9fa6a300-42c2-4a96-b7c0-9afbe1342e59,Adair Garcia,M,0.1344,0.3573,-0.0,-0.0,0.0
5925398b-b2a9-4e8f-ae46-5c2b59b1b818,Nicole Conard,F,0.3319,0.6007,-0.0,-0.0,0.0
01b07975-0090-42e8-b9d3-513896e6cd31,Eduardo Garcia,M,0.1315,-0.17,-0.0,-0.0,0.0
9068b689-e580-4d2f-ac56-8c57d54a7c11,Eli Trumeter,M,0.0455,0.1667,-0.0,-0.0,0.0
8172788a-eec8-4064-90ee-a01dd09e2729,Jaikin Gomez,M,0.1974,0.4836,-0.0,-0.0,0.0
5fbe537f-2859-447d-95e7-229a124ef5e3,William Kammerait,M,-0.1673,-0.3815,-0.0,-0.0,0.0
14516bcf-5f07-4efd-b90a-09be553e3bfa,Emma Wang,F,0.21,0.1587,-0.0,-0.0,0.0
a6f57d71-bf90-48fc-b05b-abe66980a132,Mike Radermacher,M,0.3467,-0.0282,-0.0,-0.0,0.0
0d7764b9-3d03-4a04-a432-54982c8c1b5a,Frank Welsher Iii,M,0.3352,0.4845,-0.0,-0.0,0.0
cf21b2b4-0f5b-43c0-b8b1-18b64b376cd2,Lucas Pereyra,M,0.2879,0.3448,-0.0,-0.0,0.0
2a490031-a7b4-4833-8d61-b9970960d2dc,Monika Wynne,F,0.1158,0.2295,-0.0,-0.0,0.0
7d4e35ed-83cd-4872-81da-6a78d5a7a4d4,Bryson Alexander,M,-0.0295,0.108,-0.0,-0.0,0.0
358376d4-f156-492c-b4c6-0bd3f5a69f86,Justin Dages,M,0.0115,0.7741,-0.0,-0.0,0.0
68c97127-3873-41f9-a1ec-9bb608a7a74a,Nicolas Almeida,M,0.132,0.6398,-0.0,-0.0,0.0
bcc72b93-5072-475b-a088-e8cffc39af23,Mason Durbin,M,0.2797,0.4276,-0.0,-0.0,0.0
aabcf6ba-177f-4f35-ade3-0ea5de2f193f,Ben Slive,M,0.3137,0.4624,-0.0,-0.0,0.0
df07bbd8-1ba4-48b3-830f-b37884bf81e2,Ethan Jauschneg,M,-0.037,0.1031,-0.0,-0.0,0.0
a4a34567-4734-41dc-895a-e37928f7647c,Grant Kayworth,M,0.0648,0.0296,-0.0,-0.0,0.0
ab4e123b-f089-497a-ac5d-5b5065a1fcf9,Michael Coleman,M,0.1281,0.6786,-0.0,-0.0,0.0
7969379b-12b1-4f80-8fa2-0e548c1e4127,Julian Slive,M,0.1047,0.2483,-0.0,-0.0,0.0
03ee9ee1-7ce1-4704-9a48-a504790e91b0,Justin Graham,M,-0.0666,0.6608,-0.0,-0.0,0.0
0df3b359-d935-4c79-a16a-ce373f55db07,Ernesto Fajardo,M,0.1984,0.4979,-0.0,-0.0,0.0
fc90f09b-f8a7-4c1f-922b-bbf3294cd736,Rougel Jon Lutz Aninon,M,0.4527,0.6152,-0.0,-0.0,0.0
a67aea6b-f0f7-4954-a262-8f641a389861,Karolina Fleming,F,-0.0852,-0.1608,-0.0,-0.0,0.0
fbdf1ac9-91bb-4e08-9968-eb41344fd08a,Connor Daland,M,-0.2713,-0.0649,-0.0,-0.0,0.0
16deb566-c508-4f05-84d9-a01fb527a005,Michael I,M,-0.0859,-0.1611,-0.0,-0.0,0.0
8991011d-c11d-4049-a5ec-4cdf1421c607,Immanuel Zion,M,-0.1733,0.4747,-0.0,-0.0,0.0
cbd1cfb1-5a03-4181-bbbd-67689238cf50,Johan Nilsson,M,0.0762,0.2748,-0.0,-0.0,0.0
dd2f2fe3-5333-4036-9d88-f108bdcee3fc,Giovanna Morelli,F,0.2832,-0.1851,-0.0,-0.0,0.0
9d80e298-b7d6-4094-988d-6dd488a91c52,Matt Rucinski,M,0.3852,0.5357,-0.0,-0.0,0.0
1a23e505-5c98-4e61-b904-c935fa506b6d,Megan Poe,F,-0.1476,0.0389,-0.0,-0.0,0.0
d8d0e587-606b-44a1-8b98-0bd4a518d513,Natalia Maynetto,F,0.0277,-0.0386,-0.0,-0.0,0.0
fd565e56-6223-4ef0-882e-02346e7e0573,Brooke Caruso,F,0.307,0.193,-0.0,-0.0,0.0
bdfff14f-d84e-4fe7-a71b-e78e75245caf,Isabella Hoang,F,0.2153,0.1644,-0.0,-0.0,0.0
5d73e0b9-a7f9-4521-961b-8d79742ee23f,Albert Wan,M,0.2335,0.3803,-0.0,-0.0,0.0
107fd341-2c28-4ae5-b7a2-162706c2fcb9,E. Elenga Satuala,F,-0.0875,0.2036,-0.0,-0.0,0.0
109b8cf8-56c9-4b40-9b16-e4326c55138b,Nguyen Thang,M,0.2422,0.638,-0.0,-0.0,0.0
ae103be7-01f5-4d0a-ad3e-ad524a4f6309,Seina Shima,F,0.006,0.5059,-0.0,-0.0,0.0
b40f1add-dfc3-446d-9c65-b1ab7bec6194,Victor Camilo Iii,M,-0.0208,-0.0886,-0.0,-0.0,0.0
3ce4aa7c-c96f-4a78-ab5c-051eb53a5fc3,Grayson Brandon,M,0.0155,-0.1185,-0.0,-0.0,0.0
07b464bc-0c99-4969-a8b6-5b47fbc91436,Alli Hazrati,F,-0.2482,-0.2872,-0.0,-0.0,0.0
fdcf0567-0817-4a26-a427-31daa7b297e0,Karson Feyereisen,M,-0.058,0.0816,-0.0,-0.0,0.0
7861bba3-cb5d-4afa-b096-061e87e03055,Tiffany Ash,F,-0.0264,0.096,-0.0,-0.0,0.0
f9ae639d-11c5-4336-8b09-71d0fb6f9d9b,Sienna Hitzeman,F,-0.0441,-0.1164,-0.0,-0.0,0.0
b75145d3-4245-4d72-80a3-622487389ba0,Jerry Worsham,M,-0.0028,0.0691,-0.0,-0.0,0.0
941ee654-0687-490d-b570-8e779ceff2ac,Florencia Rossi Luqur,F,0.4141,0.3796,-0.0,-0.0,0.0
19d2c48c-110f-4747-b795-ffe32aa73d58,Zach Drost,M,0.0763,0.616,-0.0,-0.0,0.0
079cece3-01b2-4dd1-9e95-957b83b14cd7,Victor Rodrigo,M,0.4396,0.5914,-0.0,-0.0,0.0
1ed4bf39-dea9-4cb4-8116-69f40604f25d,Daniel Adsit,M,-0.2539,-0.1191,-0.0,-0.0,0.0
3dced9e3-5450-4b8f-b88c-2e197e20dc15,Ava Pisacrita,F,0.1046,-0.1219,-0.0,-0.0,0.0
cecffdc0-29ee-46c0-9832-2dbe04700307,Nejc Sitar,M,0.4575,0.7654,-0.0,-0.0,0.0
9c622e48-bbb8-4488-833f-83fb851efa5a,Michael Leonard,M,0.2787,0.5177,-0.0,-0.0,0.0
660a75bf-df9f-4da0-ba25-07abf3e50b4b,Mikael Vollbach,M,0.3644,0.6569,-0.0,-0.0,0.0
d1467954-5b55-4724-9cd5-4d8dd54f2fc0,Jake Benjamin,M,-0.1053,0.0332,-0.0,-0.0,0.0
384352f7-75e1-4970-a261-35cc5c80b729,Zachary Higginson,M,0.0371,0.179,-0.0,-0.0,0.0
e7139f62-049c-48e6-b08b-d8ea0fd44e82,Sydnee Metzold,F,0.227,0.1771,-0.0,-0.0,0.0
6ddc6413-ec78-4979-8a07-3e00630a9cb2,Blake Goodman,M,0.3728,0.4342,-0.0,-0.0,0.0
a430f179-9c69-4f83-89bb-ad7d63c0423f,Cristobal Del Castillo,M,0.0249,0.2864,-0.0,-0.0,0.0
d85f8ddb-3931-47dc-ba23-28113e20b633,Theo Yun,M,-0.1315,0.2565,-0.0,-0.0,0.0
85a456db-344a-41bf-9c22-6e2e9c09ba98,Divin Sarthak,M,0.2837,0.7506,-0.0,-0.0,0.0
ac1f0c8e-dc15-4277-8a62-3b81f29ad15d,Jake Faryniarz,M,0.2741,0.7265,-0.0,-0.0,0.0
72781a5b-7e26-47ae-a581-625e4fa96099,Hudson De Risi,M,-0.448,0.2214,-0.0,-0.0,0.0
7a4471b4-3407-47cb-a0f6-8eb5bf74bab2,Austin Mireles,M,0.086,0.2291,-0.0,-0.0,0.0
a63bfef8-a400-4137-bc95-0bd11ecf64db,Dylan Ciampini,F,-0.1907,-0.275,-0.0,-0.0,0.0
53b056f9-095a-40fa-881d-142629905f8a,Luana Stanciu,F,0.112,0.0931,-0.0,-0.0,0.0
34270d82-e968-407d-a918-8aa57f0123a6,Elsie Hendershot,F,0.3731,0.4283,-0.0,-0.0,0.0
10ead23b-57fd-4733-a8a5-3728d9f326e3,Rafael Kayo,M,0.3488,0.4262,-0.0,-0.0,0.0
c844b814-8025-407b-becf-3c96ea4b19a6,Preston Gordon,M,0.3699,0.6322,-0.0,-0.0,0.0
23becc4a-36a4-4854-884e-d2efa8998955,Ana Gordon,F,-0.057,0.1056,-0.0,-0.0,0.0
49584147-f7e8-48c5-a789-8bc479a9251e,Emma Cook,F,-0.3958,-0.7688,-0.0,-0.0,0.0
5d445822-1b4a-4db2-aafc-c12cbeadf0a8,Samuel Wells,M,0.0128,0.1541,-0.0,-0.0,0.0
a6a6dbc3-d022-414c-a149-542368879e60,Kyle Borawski,M,-0.3596,0.2942,-0.0,-0.0,0.0
793538d0-e160-4d88-bdf3-1397bac4143d,Kendall Hunt,F,-0.2037,0.0332,-0.0,-0.0,0.0
e4aa3932-f0b8-4cc0-aa3b-e926f3f5075a,Colby Hill,M,0.0919,0.5046,-0.0,-0.0,0.0
684de940-3788-41f6-9d4b-b843da242dae,Wesley Hanson,M,0.1533,0.7039,-0.0,-0.0,0.0
093e132a-0458-472b-aaee-ee7e15d25e20,Chris Jammal,M,0.3381,0.4874,-0.0,-0.0,0.0
77deb777-2c7f-42a3-9ed0-856a13d4e3cc,Hsieh Chen-An,M,0.0665,0.578,-0.0,-0.0,0.0
5c35babd-ded9-4e8f-a70e-5712c2a95d50,Sophia Phuong Anh Tran,F,0.2378,0.3467,-0.0,-0.0,0.0
75b14d37-7db7-492d-8a47-fe11d5aa2f82,Mayu Ito,F,-0.1325,-0.3393,-0.0,-0.0,0.0
101e37db-cdb8-4c51-9630-2aecd12baa89,Jimmy Liong Kai Long,M,0.2153,0.7423,-0.0,-0.0,0.0
ce39808f-90a7-4c17-9566-c6c83697b695,Marco Leung,M,0.0225,0.7274,-0.0,-0.0,0.0
33fd646f-21cf-4475-a4e1-5064b97b5917,Athilla Miasara Bt Azizul Azhar,F,-0.3366,-0.1149,-0.0,-0.0,0.0
ab473dbc-8449-427a-968d-5f59bd1f65fd,Eunggwon Kim,M,0.5052,0.7281,-0.0,-0.0,0.0
c1a46ce0-a228-4959-bea7-c365b285551e,Brittany Yang,F,0.1179,0.4379,-0.0,-0.0,0.0
da01da5f-049a-4fb1-bad5-d3b4ed931c9c,Vrushali Thakare,F,0.0992,0.0388,-0.0,-0.0,0.0
33dcefdb-0308-4ede-80ad-f05ed8c39da6,Naimi Mehta,F,0.3746,0.3369,-0.0,-0.0,0.0
d6adc70a-8e20-4c7d-93f1-026f368c6210,Louis Laville,M,0.1407,0.7929,-0.0,-0.0,0.0
cdb6bb31-e4ea-4ce1-b539-eb1fb9b6359d,Casey Taitel,F,0.2067,0.1551,-0.0,-0.0,0.0
de698543-42f6-4cd7-877a-1e5bf2f327fa,Neely Sullivan,F,-0.0333,-0.1047,-0.0,-0.0,0.0
31a10230-a28c-4d17-b683-f16502bf5664,Miranda Cabieses,F,-0.0796,-0.4071,-0.0,-0.0,0.0
a06a48d6-83d1-4761-9150-7df2270863ee,Dylan Taylor,M,-0.1935,-0.0572,-0.0,-0.0,0.0
b179dfb4-dcf9-4da2-94d2-4ed21ef015b0,Cynthia McPherson,F,-0.0185,-0.0886,-0.0,-0.0,0.0
ffdde38c-61fc-4079-8973-c5cf67a01fd0,Ethan Hall,M,0.1549,0.2997,-0.0,-0.0,0.0
470f08e0-a79c-4aa0-bcc2-c66b3dacbcdb,Elisha Turner,M,-0.2248,-0.2963,-0.0,-0.0,0.0
2196b118-0e4c-40b3-8e54-1b7f0c278d12,Mauro Conde,M,-0.4708,-0.3724,-0.0,-0.0,0.0
5a2b1a84-e396-490d-9f05-c7ade6932b75,Catrina Coyner,F,-0.0502,-0.3252,-0.0,-0.0,0.0
1c24462c-09df-4e95-b43f-72404fd656d4,Sandy Wang,F,-0.2449,-0.3337,-0.0,-0.0,0.0
810c90de-6246-476c-82c9-d7b33516ab17,Abby Trieu,F,-0.5967,-1.1235,-0.0,-0.0,0.0
22839b0d-41bf-4830-8f1e-0da170ebc723,Haley Ferguson,F,0.1463,-0.7229,-0.0,-0.0,0.0
7ea6e46a-c319-4768-9fb3-a286dd5f69ce,TJ Rudden,M,0.0081,0.3548,-0.0,-0.0,0.0
4214dfa2-6d13-43c3-b98b-f36e4556402d,Kayla Williams,F,0.3099,0.4311,-0.0,-0.0,0.0
33dbfc0d-f246-40da-a277-74c31f2662ae,Ryan Ng,M,-0.2266,0.1194,-0.0,-0.0,0.0
ef691416-a6df-4b2f-aff3-267948fc1da6,Daniel Couzens,M,0.2395,0.3864,-0.0,-0.0,0.0
ab0e7256-6f4e-43de-b85d-6bfab0bbc41d,Brayden Nguyen,M,0.1169,0.6908,-0.0,-0.0,0.0
50982c9d-4d95-48ce-8e38-6704fde63599,Thomas Romano,M,0.269,0.4166,-0.0,-0.0,0.0
85dab017-4a91-4fdf-aded-f7e6d229e62d,Victoria Shinkaretzky,F,0.1142,0.064,-0.0,-0.0,0.0
1d775d93-6cbb-4ed0-addc-244a46d15aae,Louise Kwong,F,-0.1754,0.3765,-0.0,-0.0,0.0
eb88338a-8029-4801-9a7f-e4d48c9b5d83,Domenico Geminiani,M,0.4533,0.7742,-0.0,-0.0,0.0
1f90b0ab-f6eb-4b7c-b500-ac374c978857,Noah Torres,M,-0.307,0.4509,-0.0,-0.0,0.0
4e73b5b4-d734-4258-91cf-b678d08200a9,Maria Ford,F,0.2015,0.5858,-0.0,-0.0,0.0
798294b4-02e6-4c16-b3f6-9337758ae915,Kendall Kikkawa,M,0.369,0.7779,-0.0,-0.0,0.0
343b9c6b-dc79-4290-b143-5a20012fe646,Austin Ciampini,M,-0.0954,0.0433,-0.0,-0.0,0.0
19a1f7fe-1d16-418a-be95-785266ff586e,Yolena Carlon,F,0.0836,0.0219,-0.0,-0.0,0.0
3d8167c1-429c-4e5d-91cc-2caefa151f19,Paranya Jareonvongrayab,F,0.1899,0.1369,-0.0,-0.0,0.0
fdbc0750-8ded-4bfe-9657-4b84779dcee6,Tiffany Wang,F,-0.1762,-0.2594,-0.0,-0.0,0.0
78a3a6aa-7466-4741-9247-1d6636afcff9,Cheyenne Jones,F,-0.1263,-0.3239,-0.0,-0.0,0.0
b8339aa2-dc4f-47be-963e-6f6bf373562d,Devon Sikora,M,-0.008,0.0786,-0.0,-0.0,0.0
15e0c195-7c57-48f3-8f90-ae4152e0d797,Preston Engel,M,0.1712,0.7537,-0.0,-0.0,0.0
91c84f14-5709-4981-b97d-24bdd39a5a31,Alyssia Fossorier,F,0.0813,-0.1591,-0.0,-0.0,0.0
1ea37944-3e4c-45da-ad87-506f5024d389,Aaron Li,M,0.1197,0.2637,-0.0,-0.0,0.0
f2261867-9e72-46af-a5cd-d3d02f221fd1,Alex Long,M,0.4047,0.5557,-0.0,-0.0,0.0
0a84556e-30f6-4500-8c95-a9ccbc51c7b1,Leah J,F,-0.1681,-0.3983,-0.0,-0.0,0.0
825a7705-2296-4b6d-9a7c-e0669988d6c6,Cadell Traya,M,0.2758,0.777,-0.0,-0.0,0.0
18937216-cae1-4075-bda0-2fef0fc6c392,Ninh Nguyen,M,0.2811,0.429,-0.0,-0.0,0.0
4f91b214-a32b-4bce-ba22-0ec6b7021444,Deanna Pham,F,-0.0601,-0.1337,-0.0,-0.0,0.0
620360f7-1497-4331-9bba-6cfd07a4b59e,Kathryn Glavinovich,F,-0.0171,-0.0871,-0.0,-0.0,0.0
9c48e40b-ebfa-49d4-a3b9-c487c0248567,Aibika Kalsarieva,F,0.5055,0.4786,-0.0,-0.0,0.0
0513b1c7-d2f4-4800-92c6-07484b9fb344,Dylan Wilhelm,M,-0.2081,0.6029,-0.0,-0.0,0.0
aad127cb-f0a0-4b72-95bf-0a64105d41c3,Hannah Shin,F,-0.0582,0.2021,-0.0,-0.0,0.0
cdb01e3a-b0e0-449b-a7c5-278127f2cd61,Mary McGowan,F,0.3341,0.293,-0.0,-0.0,0.0
7a042b59-1053-4447-89ea-4de712246c97,Ben Davis,M,0.2391,0.386,-0.0,-0.0,0.0
c114e41a-9038-439d-b968-bade4cc02fb6,Max Carrol,M,0.2152,0.3615,-0.0,-0.0,0.0
c05ef886-c1d3-4b85-be8f-a880aea59da3,Jonah Karczmer,M,-0.3346,-0.1827,-0.0,-0.0,0.0
13f96392-08ed-48b0-aaf6-20563021588f,Matthew Kawamoto,M,0.3036,0.4521,-0.0,-0.0,0.0
d0a30dc1-a7d7-475c-bfc9-d55e0aa8e7e3,Ethan Bakalinsky,M,0.3149,0.7064,-0.0,-0.0,0.0
f684d481-25b9-4def-8af3-b7b2a8e507ce,Francis Chi,M,0.0664,0.7903,-0.0,-0.0,0.0
ce10eeaa-0854-4c37-ab63-73f16bed85bc,Syed Uzair Sufi,M,0.2281,0.6852,-0.0,-0.0,0.0
e2b605ed-b830-499b-a1b0-c74546ff4777,Sophia Nhi Huynh,F,0.1638,0.3113,-0.0,-0.0,0.0
590dbe5f-6dd5-4ffe-9d8a-4f7c26ea9546,Tingwen Wang,F,0.2647,0.2179,-0.0,-0.0,0.0
fd06ae1c-aa59-4e87-9dea-e7beffc9d2a7,Willy Chung,M,0.4408,0.4715,-0.0,-0.0,0.0
ff001002-a253-446f-bd52-cd12465ba8f8,Guangsian Lin,M,0.1288,0.499,-0.0,-0.0,0.0
22135bb3-55b3-404e-9853-ee3ea3b18a06,Kei Sawaki,F,0.0724,0.2194,-0.0,-0.0,0.0
274af60a-13f9-49c3-ac7a-442ad7960caf,Kaifen Yi,F,0.161,0.1057,-0.0,-0.0,0.0
98577287-735c-42ef-b9d2-9180156c6704,Jason Tay,M,-0.0829,0.0561,-0.0,-0.0,0.0
ad45f02d-1352-4922-8228-76179833d104,Colin Wong,M,-0.038,0.553,-0.0,-0.0,0.0
e5915579-1c1d-4406-b707-6d877bcebedd,Kwan Wun Man,F,0.1075,-0.1187,-0.0,-0.0,0.0
4a1d619c-6252-42ec-b171-91ea42fc4c1f,Han Hyuck Chu,M,0.1421,0.2866,-0.0,-0.0,0.0
cc970ae2-c153-440d-bead-b105528bc74c,Ying Suet Lam,F,-0.256,0.5415,-0.0,-0.0,0.0
8fb8df0b-4365-4585-b5b9-a489397a79c9,Khuong Huynh,M,0.2056,0.2984,-0.0,-0.0,0.0
6ecac506-64e3-44ea-b82f-689fad6865e0,Tya Karina,F,0.0933,0.3224,-0.0,-0.0,0.0
666db10a-f8de-4310-a988-cb0005f38a30,Edgaras Zilys,M,0.3516,0.3964,-0.0,-0.0,0.0
158f965e-0732-4358-8f9c-ae78a48bdbdb,Arielle Butler,F,0.3022,0.2585,-0.0,-0.0,0.0
1607a4f2-2592-4745-ba49-21bbeb199151,Sydney Sonday,F,0.3461,0.5005,-0.0,-0.0,0.0
345caa15-505e-4c27-9392-f213830b746e,Chrissie Cruz,F,0.1933,0.1406,-0.0,-0.0,0.0
bde1ffe8-4651-40ac-8e1b-24e850ff7586,Tommy Labat,M,0.1612,0.3062,-0.0,-0.0,0.0
33116bdf-0bf4-4281-bbd8-6f4090e9312c,Kara Wheatley,F,0.337,0.5196,-0.0,-0.0,0.0
efedfcd1-7638-4c6e-8225-fea7f8d40031,Victoria Simon,F,0.2563,-0.063,-0.0,-0.0,0.0
26bd8869-21d6-4c7e-9edc-0bd16aebf18a,Evan Pratt,M,-0.0048,0.6571,-0.0,-0.0,0.0
c58f8822-c9f6-4480-90f7-09ec5b810736,Mia Turcsany,F,-0.1173,-0.238,-0.0,-0.0,0.0
8221d4eb-3f91-4993-9d3c-623d20b21a8e,Brian Chen Bonilla,M,0.0902,0.2334,-0.0,-0.0,0.0
2d70078a-161b-4641-a9d9-167101c87c61,Mayu Omori,F,-0.0331,-0.0236,-0.0,-0.0,0.0
6e24f405-954d-487e-a419-eb2f5c87ec2f,Nguyen Huy,M,0.2057,0.3518,-0.0,-0.0,0.0
cfca938e-f09c-4712-bb3f-2b88df706c8c,Nhật Minh T,M,0.0608,-0.0343,-0.0,-0.0,0.0
c8e4c697-0b57-45e3-8799-227779ee5f1e,Pui Long Fan,F,0.0993,0.0389,-0.0,-0.0,0.0
d0513962-42f2-40e9-904e-b5b615587b98,Janaye Sakkas,F,0.0744,0.0119,-0.0,-0.0,0.0
04eb9a67-a7f0-4a12-b954-b47ed04fd565,Shirley Hall,F,0.1299,0.072,-0.0,-0.0,0.0
5f10ff12-03e8-4384-90a7-a15682ee7edd,Hayden Rand,M,0.1465,0.7468,-0.0,-0.0,0.0
41c769d6-a3de-4db0-b7b7-cec7c5dee51c,Ishan Balakrishnan,M,0.0491,-0.2077,-0.0,-0.0,0.0
f88138cf-6e2c-476a-ba4b-d9f40234575c,Joshua Yoo,M,0.2471,0.3942,-0.0,-0.0,0.0
2158878b-6457-4309-954a-e20e5b350240,Princess Gbadamosi,F,-0.1627,-0.2447,-0.0,-0.0,0.0
436bcdfe-1a5a-42ee-94d7-b29c12149f1f,Julianna Hess,F,-0.0718,-0.4142,-0.0,-0.0,0.0
af472932-bdca-4a6f-96f5-c8474817512e,Stephanie Vogt,F,0.185,0.1316,-0.0,-0.0,0.0
4573f223-7bfb-4c38-a216-8cd8f4060e0c,Tanner Suard,M,-0.221,0.1867,-0.0,-0.0,0.0
f5d524c5-66e7-4ac6-8ab0-c6627dbc2f73,Christie Mead,F,-0.3403,-0.0982,-0.0,-0.0,0.0
1d200bd4-3d5b-41f2-9235-3ebfce0a4bb0,Miyu Hazawa,F,-0.1483,0.03,-0.0,-0.0,0.0
24415389-0764-4512-a3e8-ddee23d96417,Evan Zoeteman,M,0.0597,0.486,-0.0,-0.0,0.0
c3066b2d-fc90-4774-a571-cde5fc5583d4,Chloe Diskin,F,0.3322,0.5931,-0.0,-0.0,0.0
623c9f3d-7974-463d-8e10-0b290ed48533,Alicia Lai,F,0.1395,0.4447,-0.0,-0.0,0.0
e7a6bb2a-4d20-4c3a-908a-f83973658fee,Abla Mannarino,F,0.2942,-0.3772,-0.0,-0.0,0.0
88208c8a-5718-41db-b156-0d45b9d54c6e,Ngoc Trieu Tran,M,0.2876,0.4357,-0.0,-0.0,0.0
6ff20e3d-06ae-4ce4-b487-1ff553681391,HO Hoan,M,0.1999,0.3458,-0.0,-0.0,0.0
e4e64e82-81e5-446c-9251-b6fac101373b,Phong Tran Sr,M,-0.0634,0.0761,-0.0,-0.0,0.0
91541d7a-5c6f-4b01-bb89-ed5479f676d6,Makiyah Cormick,M,0.1102,0.2539,-0.0,-0.0,0.0
a75ea524-6c16-40c4-9811-86408504c429,Payton Weber,M,0.0673,0.21,-0.0,-0.0,0.0
95015a41-423e-4439-94ee-84e275c45787,Stephen Preissler,M,0.4907,0.6438,-0.0,-0.0,0.0
deb34ab5-bc2e-4fda-894e-600a62ca0fa7,Michael Shaw,M,0.2728,0.0064,-0.0,-0.0,0.0
90661183-81b1-49aa-b1fe-b977bb7bf272,Jonah Matos,M,-0.0153,0.3445,-0.0,-0.0,0.0
d1045e15-2ae2-4e2c-b7ba-21a326affe05,Alexa Quintanilla,F,0.2422,0.3898,-0.0,-0.0,0.0
dafc4c81-f88d-46cd-ba95-938451cfc7c3,Matthew Pokorny,M,0.3088,0.4574,-0.0,-0.0,0.0
0d659a6e-9386-45c5-a3c0-8f8ce4efaa14,Poongi Hong,M,-0.1287,-0.0339,-0.0,-0.0,0.0
eb7c3159-99e3-41d6-988f-71443cda0a75,Austin White,M,0.1376,0.282,-0.0,-0.0,0.0
9885290a-b002-41ab-b27c-eeacbc197822,Flynn Orton,M,0.4741,0.193,-0.0,-0.0,0.0
f809c1c0-fbca-4d67-9c59-23b02cbf0128,Anni Xie,F,-0.01,0.2329,-0.0,-0.0,0.0
b66624a6-5643-4f2f-a32f-3398e6119085,Mara Vasvatekis,F,-0.0393,0.0609,-0.0,-0.0,0.0
3224de9d-3215-4369-96e0-01e4ca502f44,Chase Brautman,M,-0.0387,0.1014,-0.0,-0.0,0.0
eb74c432-c1c4-456e-b010-5e21966abd01,Fatyha Berjane,F,-0.16,0.0622,-0.0,-0.0,0.0
2cb697da-8f48-4208-95ff-7e419fbc0013,Rachael Fitzgerald,F,0.0959,0.4969,-0.0,-0.0,0.0
d1ca938d-f130-4aa7-a753-1004bd0661e6,Caroline Maguire,F,0.0047,0.3737,-0.0,-0.0,0.0
f13e0c0b-2355-4897-aadf-3ac220a78afa,Ryan Camras,M,0.3208,0.5388,-0.0,-0.0,0.0
0bc24306-92b4-44e1-8b21-0aaf0c9ee4f7,Jasraj Sethi,M,0.2186,-0.2995,-0.0,-0.0,0.0
68d3b279-8b2d-4055-8eb3-b28448c1f7d2,Katie Neils,F,-0.2201,-0.3069,-0.0,-0.0,0.0
3b7dc75e-0c73-4576-872a-a32e27106d67,Cole Whitaker,M,0.2509,0.3981,-0.0,-0.0,0.0
8085a986-b03a-4c96-9d50-a42d3cba3934,Jacob Bolkowy,M,0.2612,0.3617,-0.0,-0.0,0.0
00333c0f-cfae-404f-a137-0dca5a3d67dd,Duncan Mulenga Jr.,M,0.0132,0.6153,-0.0,-0.0,0.0
b3f48e8c-c552-4a9c-b200-42de913820ad,Brenden Everhart,M,-0.0942,0.4548,-0.0,-0.0,0.0
c263bd93-bd93-4722-bf88-d24529837529,Martin Thomas,M,0.2584,0.7062,-0.0,-0.0,0.0
d6efd47e-1b45-47fb-a6e6-124f29020e63,Elizabeth Roy,F,-0.4689,-0.5762,-0.0,-0.0,0.0
edca189d-8781-4491-a146-868c85f7cf25,Blake Suard,M,0.0855,0.2245,-0.0,-0.0,0.0
99a2c15e-b177-4c99-9eb4-f5d4e518e6f9,Eden Malloy,F,-0.3192,-0.518,-0.0,-0.0,0.0
df376023-f37c-4348-8c08-ccc1473153b1,Julian Chow,M,0.3615,0.6277,-0.0,-0.0,0.0
816bf275-fc7d-4756-8845-0359663809e4,David Perez,M,-0.4307,-0.3128,-0.0,-0.0,0.0
3bb15eba-5e68-4c58-b866-a80945be280d,Evan Ankrom,M,0.0446,0.1867,-0.0,-0.0,0.0
a756ee87-c12d-4264-bc6d-0e2c56fba4ff,Dan Nguyen,M,0.0255,0.5196,-0.0,-0.0,0.0
0818d3c6-b863-49c8-89c4-e28e1cc5fb67,Natalie Kim,F,0.1422,0.6056,-0.0,-0.0,0.0
6f8c91a7-73ff-426d-b7ee-2f3ab52ecb1f,Antonio Medina,M,-0.1554,-0.7703,-0.0,-0.0,0.0
b65efb9d-3466-4500-986d-ed13e9bb25f5,Elise Fortino,F,-0.0594,-0.1329,-0.0,-0.0,0.0
c92c2e79-79c5-474a-bc5b-6ca3931da3b2,Jack Hared,M,0.105,0.1867,-0.0,-0.0,0.0
228fdfb8-c8e8-478a-a5a5-6b9d3cf08ad1,Alexander Grubbs,M,0.4972,0.6504,-0.0,-0.0,0.0
5a5237bd-64cd-433c-99ba-34badaa2820c,Braylon Ohrel,M,0.2873,0.7584,-0.0,-0.0,0.0
94d555fb-0678-4544-b959-ac56c3e04579,Lova Metor,M,0.0783,0.4867,-0.0,-0.0,0.0
d5d2a4dc-fb77-4686-8f63-d75694831b5c,Karthik Ganesh,M,0.344,0.779,-0.0,-0.0,0.0
2398b148-15c1-4a56-8c02-0d62ed504f03,Arianna Raga,F,-0.1728,-0.2557,-0.0,-0.0,0.0
af94be9e-b2f9-413a-aa9c-450cf6021c10,Michael Vallejo,M,0.1626,0.71,-0.0,-0.0,0.0
2a0171dc-c866-4170-9021-78d3c53c7318,Andrew Loftin,M,0.1951,0.3409,-0.0,-0.0,0.0
24fead20-0b0e-409e-bd9e-dc69fa0a8162,Mark Dancuart,M,0.5632,0.283,-0.0,-0.0,0.0
ba1def1f-afbe-4ae2-8300-dad3fa8146ee,Eric Diaz,M,0.1402,0.2339,-0.0,-0.0,0.0
2ba55b93-98c3-4fbd-a963-95fc8467d00a,Kelly Jensen,F,-0.2614,-0.4223,-0.0,-0.0,0.0
2b508074-59ec-455c-8974-31de393bc165,Lyn Yuen Choo,F,0.4836,0.4549,-0.0,-0.0,0.0
12c765d0-8384-41d3-a498-de63fd7c37da,Naomi Nguyen,F,0.4091,0.507,-0.0,-0.0,0.0
a0581131-7d36-4424-b7f1-a5a4eaaed30f,Cc Eleven Sacca,F,-0.0105,-0.3937,-0.0,-0.0,0.0
37a2a373-8d3e-4177-bf1b-e6c9eaa52f5e,Natalia Simson,F,0.011,0.1597,-0.0,-0.0,0.0
d643346e-6bf8-410f-a7f8-a84e9b07ab53,Michael McCaffrey,M,0.3468,0.1251,-0.0,-0.0,0.0
2030bb81-feec-428a-85d9-c8188445ed00,Ariana Ajani,F,-0.079,0.1923,-0.0,-0.0,0.0
43a35ec2-3d7a-4c6f-b412-cac02d237a46,Vritti Sethi,F,0.2836,0.2384,-0.0,-0.0,0.0
f6e249dc-5bb9-483a-a99f-df364df93341,Kelly Goodnow,F,0.3944,0.3697,-0.0,-0.0,0.0
051c6bbf-be07-499c-98ec-3ce9179ce4de,Spencer Duane,M,0.1078,0.1508,-0.0,-0.0,0.0
26898786-4fd1-4dd9-bc18-a5c515a6b0ef,Maverick Messinger,M,0.2003,0.5777,-0.0,-0.0,0.0
7ce4430b-b9b6-450d-a77a-997cb8a16d34,Karina Lam,F,-0.0163,-0.0863,-0.0,-0.0,0.0
81623427-b2f0-49f0-ab5e-57d470560981,Courtenay Leonard,F,-0.3166,-0.1824,-0.0,-0.0,0.0
f5bae71b-3e1d-4a12-acf3-dc195f05b153,Kyle Morris,M,0.0914,0.2319,-0.0,-0.0,0.0
bc0b2e56-fb22-4ab5-8173-07515462c78c,Arnav Duarah,M,0.2079,0.354,-0.0,-0.0,0.0
a067b12b-b26b-4a30-aed8-0f707c52beaa,Mark Dancuart,M,0.5899,0.7454,-0.0,-0.0,0.0
9bb232f6-5ff0-46d2-8496-ca1dacc89ca6,Emmaline Nichols,F,-0.4461,-0.1029,-0.0,-0.0,0.0
c18102fc-52d5-4d42-bd1c-303ce00ae085,Scott McRee,M,0.0137,0.1551,-0.0,-0.0,0.0
100936b6-8837-453b-8c21-db945fb6b049,Ngo Dang Jr,M,0.0081,0.4456,-0.0,-0.0,0.0
ad637985-0ff4-4c1b-93a6-6aa0d8992a39,Garrett Whitehead,M,0.4559,0.529,-0.0,-0.0,0.0
93a85a33-42b0-46a1-a64c-268ec9098b2c,Dawson Davis,M,-0.0432,-0.3508,-0.0,-0.0,0.0
f613fc75-b580-4c2a-87ae-cfe024504205,Melissa Beré,F,-0.3404,-0.3354,-0.0,-0.0,0.0
c83af3e1-56d6-4e2b-b746-447c2892ace5,Angela Morisette,F,0.1118,-0.1351,-0.0,-0.0,0.0
1f281337-8943-4c9b-8ee0-82b3c10cbeb1,Ashley Lu,F,0.1769,0.1229,-0.0,-0.0,0.0
