player_id,full_name,gender,V_total,phi,phi_se,n
6f862c1d-1317-4fe7-bdcd-64caa0dbb088,Ben Johns,M,0.26913,0.21457,0.00135,2773
bd061b42-2f82-4bbe-82be-d8bcfb37f9e1,JW Johnson,M,0.24476,0.19448,0.00123,2761
fc05556e-3e38-4a38-99c2-f855174a7c28,Hayden Patriquin,M,0.24038,0.18893,0.00123,2762
79a11da1-6aeb-4719-9b1e-9918e0163cec,Christian Alshon,M,0.23347,0.18024,0.00117,2743
d50310a6-9378-4228-823f-7fb54f7bd698,Gabriel Tardio,M,0.23334,0.18327,0.00120,2753
7edb882c-6d17-4129-8208-710e3c82364c,Federico Staksrud,M,0.19347,0.13806,0.00096,2751
581183e8-3d9e-459e-b69f-7337d8b6f3d2,Andrei Daescu,M,0.19027,0.14194,0.00101,2749
52690a0c-ed4a-4e0b-bf69-4ef416cf7d55,Eric Oncins,M,0.18529,0.13465,0.00097,2741
295e343a-31a0-4e1d-a286-d62592291435,Jay Devilliers,M,0.17751,0.12518,0.00093,2766
3a43c56f-b9d8-4e72-ae8a-58fd69291946,Jack Sock,M,0.14895,0.09469,0.00079,2751
05b194b3-db88-4f77-a26f-5ef5cfbf6146,Riley Newman,M,0.14840,0.10792,0.00087,2759
ff38654d-daae-4bad-a1a7-690e4e5706eb,Connor Garnett,M,0.13687,0.08302,0.00072,2754
14d61e81-14d5-4cb3-ae33-d427fbc1b4f6,Quang Duong,M,0.13505,0.08330,0.00072,2742
0763ffeb-1b1f-41c5-ab37-d17b66e50b50,Phuc Huynh,M,0.13427,0.08640,0.00076,2746
1bb8b2c1-ca6f-45ac-afdd-fab7e77d69d4,Noe Khlif,M,0.12329,0.07141,0.00067,2756
f6fa549d-8a9c-46fd-aeb8-af8a3f0f7a59,Robert Slutsky,M,0.12106,0.07546,0.00071,2763
12d79cbe-b5c7-4504-ab8f-f352a6bb8629,Thomas Wilson,M,0.11725,0.08779,0.00079,2734
d0f19d1e-2a6e-4eb3-b10c-1311edd599a8,Will Howells,M,0.11025,0.06016,0.00062,2758
f90428f0-e4a3-4a08-a664-518ba7f188d2,Jack Munro,M,0.10789,0.06560,0.00067,2774
a000a067-1bf1-442f-a961-e6c97cb50006,Nicolas Acevedo,M,0.10514,0.07802,0.00076,2751
8160ad59-4654-46b1-b229-8d5f2a9a45f9,Hunter Johnson,M,0.10151,0.05211,0.00046,2743
1de884f8-7bf7-4b49-9de8-3f1fd74cabd6,Dylan Frazier,M,0.10012,0.04933,0.00053,2767
34049405-b415-4f3a-aade-5be0111ac7db,Bruno Faletto,M,0.09797,0.05428,0.00061,2755
33292af3-984d-4752-8d18-b3a5c147e9fe,Armaan Bhatia,M,0.09420,0.04870,0.00056,2747
925c1306-6b3b-4510-8482-f34168a0842a,Roscoe Bellamy,M,0.08509,0.03759,0.00039,2759
6866df42-48ad-423c-9e57-d7d4d6fb66ef,Vanshik Kapadia,M,0.07945,0.05048,0.00062,2734
cc8832b9-9a8f-4cbc-8eff-b20e9a7ff09a,Jaume Martinez Vich,M,0.07819,0.03351,0.00033,2756
ba491f1c-0112-47a8-a348-4695289e958a,Augustus Ge,M,0.07754,0.03581,0.00047,2744
ead35052-7367-4296-96d4-064f546cc2b9,CJ Klinger,M,0.07698,0.04065,0.00053,2749
ce4f0e14-80ea-4ed0-a81c-7341d356d427,Yuta Funemizu,M,0.07594,0.04413,0.00057,2745
2c2a2b82-9ec7-4046-97cb-3a199ed507af,Oscar Serra,M,0.06794,0.03059,0.00042,2775
8c94d7b2-0dce-455e-916f-e35927d53547,Thomas Yu,M,0.06661,0.02647,0.00034,2779
89843e44-48fd-4a3f-b8c0-5f5aa6ae5741,Dekel Bar,M,0.06527,0.04110,0.00055,2752
e96d9339-cfb6-473d-bcb3-23f2887a3e0f,John Lucian Goins,M,0.06403,0.02498,0.00025,2752
a91e2b68-7357-4518-baf9-f59b0b4c2477,Christopher Haworth,M,0.06394,0.02851,0.00031,2745
52726ab1-2ac9-46c0-be90-6b0e7a2d56eb,Pablo Tellez,M,0.05963,0.02011,0.00029,2767
524b89ad-b76b-40b4-a0db-736bdc7b8adb,Hien Truong,M,0.05919,0.02174,0.00031,2752
3d9c8684-953f-4008-b355-b6104ee56a5b,Connor Mogle,M,0.05568,0.01774,0.00027,2774
2aa8ced3-d599-4c83-86dd-ecc80196833b,Luca Mack,M,0.05491,0.01812,0.00022,2756
b03ff4de-9b8f-46a8-a530-d8f19e9d6ec9,Max Freeman,M,0.05426,0.01701,0.00027,2764
698c5236-e88f-411c-b44f-e54f16b2d6b5,George Wall,M,0.05402,0.02657,0.00041,2781
fa8d5d28-d8f5-4996-8c35-0f4ca3c35bae,Anderson Scarpa,M,0.05198,0.02052,0.00035,2728
a51b59c5-1a13-4472-821a-eb9866e72adf,Joseph Wild,M,0.05086,0.01969,0.00033,2748
aec5d8be-9ce0-4cc5-98a4-140fad555fe0,Donald Young,M,0.05048,0.01493,0.00020,2745
0c5b84bb-4c04-4906-86bc-deb533ff4eec,Zane Ford,M,0.04701,-0.00261,0.00078,2783
5c817399-aea7-481d-9a83-aab7431eabc1,Alex Emery,M,0.04367,0.01581,0.00028,2773
e21cb6e0-aabb-43b2-a112-c0a0a59081bf,Oliver Frank,M,0.04361,0.00396,0.00044,2765
2e0c0227-6e3e-43d5-8037-7f8bd0f9b935,Gabriel Joseph,M,0.04248,-0.00748,0.00082,2786
dbcb41e9-e983-410b-bc23-d184d034cfc0,Tyson McGuffin,M,0.04189,0.01050,0.00017,2738
06ba18e0-687b-4aa3-822d-1c86981f576b,Rafa Hewett,M,0.04148,0.00982,0.00017,2753
f4c43443-fdff-4344-b291-274cfd26361e,Juan Benitez,M,0.04137,0.01239,0.00023,2760
3270dc72-53b7-4d35-aa4c-7f8b7b6bf905,Matthew Barlow,M,0.04115,-0.00043,0.00060,2718
4af4d4d1-9f87-4dc7-95f2-b10751d44c15,Tama Shimabukuro,M,0.04100,0.01184,0.00021,2764
43df1205-e834-4427-9f1a-4e173bf93296,Grayson Goldin,M,0.04058,0.00003,0.00047,2729
e9849183-4693-4340-abf5-f4b6f3cb226f,Martin Emmrich,M,0.04036,0.00961,0.00017,2740
9ce32de7-16c9-4786-a7b0-8c1c2c623d69,Rafael Lenhard,M,0.04001,-0.00249,0.00056,2744
f1151ea2-759d-4d9f-a5b9-5ccd966dc3ca,Hoang Nam Ly,M,0.03981,-0.00126,0.00051,2771
7464628e-931a-44c9-b0df-749a7cb32eaa,Adam Harvey,M,0.03829,-0.00675,0.00066,2760
a9782e86-e5ae-46d3-9194-ac89fdaed622,Alexander Crum,M,0.03810,-0.00768,0.00082,2758
1bab49f1-6891-4d3e-8f77-42aa4fc1d18e,Mohaned Alhouni,M,0.03656,0.00419,0.00029,2750
129b2771-34b5-4b7f-9c23-e020a6aa3e6a,Anna Leigh Waters,F,0.42216,0.43504,0.00261,2719
db5eef5c-99dd-49d9-bbfc-65171a366bda,Anna Bright,F,0.34235,0.28809,0.00183,2756
1728d016-1f02-4789-be73-63d12d5a5b42,Parris Todd,F,0.29625,0.22457,0.00158,2756
b51ea0fb-c243-4427-85f8-b798febb51ff,Jorja Johnson,F,0.28752,0.22000,0.00154,2760
3af01041-5679-400a-87b8-12c01db8cec4,Kate Fahey,F,0.28219,0.20865,0.00151,2734
6cae3a50-eee6-45ea-8b28-85ef9c50e3c4,Jade Kawamoto,F,0.27133,0.20372,0.00150,2791
50908953-a944-4a34-898b-16af312bc814,Rachel Rohrabacher,F,0.26338,0.19276,0.00145,2758
f879086b-e0e5-4772-b0a6-4055c265da69,Tina Pisnik,F,0.25765,0.18970,0.00144,2780
be33755f-9262-461b-aedd-e9a7a686a82c,Jackie Kawamoto,F,0.24865,0.17898,0.00140,2742
fec65f7e-f2c8-482f-ab5b-541cf53b1064,Tyra Hurricane Black,F,0.24453,0.17497,0.00140,2748
b9bacc1e-29b5-4a92-a9c1-24e08ac72215,Sofia Sewing,F,0.21737,0.15793,0.00128,2743
2c4de762-88d6-47c3-8b2b-af562c5d1f93,Danni-Elle Townsend,F,0.21189,0.14604,0.00126,2757
b1ab7d76-a859-4136-8405-3ed7c9be287a,Mari Humberg,F,0.20289,0.13507,0.00120,2764
9b97206b-783a-4fab-85e9-45a6240325a5,Catherine Parenteau,F,0.19190,0.11675,0.00107,2740
ff789b9c-80c4-442c-b97e-2e2311298cfb,Vivian Glozman,F,0.18894,0.11834,0.00108,2778
7f36e416-0907-43b2-8ec4-e9533088e30f,Bobbi Oshiro,F,0.17173,0.10734,0.00103,2728
a3ed7970-35d2-485c-8285-187c298a2d83,Lacy Schneemann,F,0.16502,0.09615,0.00101,2749
20684550-cb89-4ea2-9e2f-0f44eb920b45,Chao Yi Wang,F,0.16483,0.09190,0.00095,2751
051f5c82-82ce-4ab8-b4f8-36976638a89b,Sahra Dennehy,F,0.15696,0.08461,0.00087,2777
afc0bfc9-8cd8-4600-bd45-681092186db3,Vivienne David,F,0.14883,0.08671,0.00096,2775
676b1cbc-766c-4616-bf39-1787ffd8c72a,Etta Tuionetoa,F,0.14014,0.07754,0.00091,2783
8f521dcc-1cb5-4c8d-933c-af6b267bd395,Meghan Dizon,F,0.13562,0.06911,0.00088,2739
1d51becb-4ea0-4878-9660-e3fd2dfaa0ea,Ewa Radzikowska,F,0.13023,0.07280,0.00088,2755
efe9989b-5864-48c2-806c-06697024e1da,Allyce Jones,F,0.12611,0.06154,0.00082,2754
55ed7e0a-ff2d-4ac2-aad6-b6772ef4f448,Layne Sleeth,F,0.12417,0.05771,0.00071,2757
1bfba782-55f3-42e4-9889-9018e793c0b5,Leigh Waters,F,0.11610,0.06242,0.00081,2758
98c2531f-f5ce-48b5-b251-eb69425d409c,Jillian Braverman,F,0.11484,0.05861,0.00074,2767
06dc9b8a-5c01-49cf-bb4d-70d7b5f85acf,Brooke Buckner,F,0.11474,0.05097,0.00054,2729
646f7432-e6ad-4ccf-95ee-a0e5d9514d28,Alix Truong,F,0.10925,0.05036,0.00071,2777
655e0349-7e66-4233-b999-b6cca2298f9b,Yana Newell,F,0.10757,0.05644,0.00077,2726
7319013d-d511-4aa5-a356-4aa2cccf94f5,Lea Jansen,F,0.10135,0.04268,0.00045,2761
ec4cdfe2-c6f6-4de1-824e-9adcaeb31196,Judit Castillo,F,0.09418,0.03701,0.00045,2728
29e8121d-6f86-4192-b7af-ab05b77b89fe,Ting Chieh Wei,F,0.09339,0.03537,0.00057,2745
70c18684-f615-4d05-9aa9-5cbdbd53ab9f,Carlota Trevino,F,0.09320,0.03447,0.00054,2763
6794d224-7da3-43d9-8300-e24e731f5dea,Samantha Parker,F,0.09290,0.03350,0.00051,2732
719e2d3b-d10d-402d-a195-41f072214679,Isabella Dunlap,F,0.08606,0.02815,0.00045,2749
4798e757-53f5-4e52-92aa-98172c8f7862,Roos Van Reek,F,0.08581,0.03189,0.00043,2787
eb14fc6e-ede1-4999-bec3-e36695e7f94e,Milan Rane,F,0.08197,0.02551,0.00047,2751
bf84d952-c6a8-4494-943d-064b223e764f,Estee Widdershoven,F,0.07989,0.02436,0.00048,2739
8e2f9629-19d0-409d-81dc-b64fe2f3d3ff,Jessie Irvine,F,0.07868,0.02865,0.00053,2773
3e6b668a-8d26-4424-9420-3ceb18486b65,Daria Walczak,F,0.07799,0.02394,0.00043,2755
20945292-032a-47f1-93c5-d44ada6e4783,Yufei Long,F,0.07220,0.02358,0.00036,2751
1d701c30-6b5d-485f-ae97-60f3b0c50896,Zoey Weil,F,0.06748,0.01759,0.00038,2758
736475dd-7ccd-40d8-8b43-8c2d9ef9e674,Maggie Brascia,F,0.06603,0.02497,0.00052,2771
71992955-8b6f-470b-a991-796cfa56a826,Liz Truluck,F,0.06574,0.01799,0.00032,2772
ded801fd-297a-4761-b63e-d8fbbfeb5762,Shelby Bates,F,0.06494,0.01882,0.00039,2789
12890797-7355-49ca-848e-56d67e33c4de,Marianna Petrei,F,0.06268,0.02375,0.00026,2752
504e8c08-caf6-4db8-b454-11ffa321261c,Lucy Kovalova,F,0.06062,0.02345,0.00051,2758
66a6c35b-33a2-4a23-b5db-fa53c96d643a,Kaitlyn Christian,F,0.06030,0.02783,0.00026,2764
461f063e-a587-4638-bad9-421ff33d91d7,Genie Erokhina,F,0.05559,0.01348,0.00032,2756
dcd029fb-2814-401b-a1cb-0c4269d9954b,Allie Reichert,F,0.05422,0.01747,0.00044,2741
577d1124-44c9-435d-88e9-01a146f2d177,Eugenia Carolina Lopez Ascarate,F,0.04979,0.01613,0.00043,2757
3cec5850-24e2-44e3-96bc-ee87aa34581d,Katerina Stewart,F,0.04757,0.01584,0.00043,2739
0d14405e-2e45-4dcb-8fb7-73558c261b4f,Seone Mendez,F,0.04626,0.01452,0.00044,2734
a95df9a8-772c-4dbf-8c28-e200b7308584,Kiora Kunimoto,F,0.04531,0.01776,0.00029,2739
1dd5c313-10f5-4e0a-bb9b-699913a5abe8,Mary Brascia,F,0.04342,0.01678,0.00027,2749
4da698bf-605d-4c6c-8566-6bfbdb6c1a24,Genie Bouchard,F,0.04172,0.00868,0.00056,2758
0c1bb94d-3af2-42f4-b938-d712c707ace4,Callie Smith,F,0.04154,0.00972,0.00017,2761
6aa0a796-9759-40f5-9c8f-bf4461d032fb,Helena Jansen,F,0.03618,0.00541,0.00054,2756
3ad652aa-3fdd-4e53-8f34-dfdedc3c1901,Christine Maddox,F,0.03426,0.00984,0.00022,2776
